url,type,title,description,bodyChars,internalLinks,canonical,robots,inSitemap,isNoindex,isProtected,ga4Likely,dupGroup,recommendation,reason
/,static,Books Discover トップページ,,0,0,https://books.kuras-plus.com/,"index,follow",true,false,true,true,,protect,トップページ。保護対象。
/discover,static,Books Discover,,0,0,https://books.kuras-plus.com/discover,"index,follow",true,false,false,true,,index,主要ページ。index維持・sitemap掲載。
/search,static,検索,,0,0,https://books.kuras-plus.com/search,"index,follow",true,false,false,false,,index,検索トップ。index維持。
/blog,static,ブログ一覧,,0,0,https://books.kuras-plus.com/blog,"index,follow",true,false,false,false,,index,主要ページ。index維持・sitemap掲載。
/tools,tool,ツール一覧,,0,0,https://books.kuras-plus.com/tools,"index,follow",true,false,false,false,,index,主要ページ。index維持・sitemap掲載。
/tools/book-quiz,tool,おすすめ本診断,,0,0,https://books.kuras-plus.com/tools/book-quiz,"index,follow",true,false,false,false,,index,主要ページ。index維持・sitemap掲載。
/tools/media-originals,tool,映像から原作を探す,,0,0,https://books.kuras-plus.com/tools/media-originals,"index,follow",true,false,false,false,,index,主要ページ。index維持・sitemap掲載。
/tools/trend-books,tool,テーマから本を探す,,0,0,https://books.kuras-plus.com/tools/trend-books,"index,follow",true,false,false,false,,index,主要ページ。index維持・sitemap掲載。
/tools/similar-books,tool,類似本検索,,0,0,https://books.kuras-plus.com/tools/similar-books,"index,follow",true,false,false,false,,index,主要ページ。index維持・sitemap掲載。
/tools/reading-time,tool,読書時間計算,,0,0,https://books.kuras-plus.com/tools/reading-time,"index,follow",true,false,false,false,,index,主要ページ。index維持・sitemap掲載。
/tools/reading-order,tool,読む順番ガイド,,0,0,https://books.kuras-plus.com/tools/reading-order,"index,follow",true,false,false,false,,index,主要ページ。index維持・sitemap掲載。
/tools/literary-awards,tool,文学賞一覧,,0,0,https://books.kuras-plus.com/tools/literary-awards,"index,follow",true,false,false,false,,index,主要ページ。index維持・sitemap掲載。
/tools/reading-order/higashino-keigo-galileo,reading-order,ガリレオシリーズ 読む順番,,0,0,https://books.kuras-plus.com/tools/reading-order/higashino-keigo-galileo,"index,follow",true,false,false,false,,index,主要ページ。index維持・sitemap掲載。
/tools/reading-order/higashino-keigo-kaga,reading-order,加賀恭一郎シリーズ 読む順番,,0,0,https://books.kuras-plus.com/tools/reading-order/higashino-keigo-kaga,"index,follow",true,false,false,false,,index,主要ページ。index維持・sitemap掲載。
/tools/reading-order/higashino-keigo-masquerade,reading-order,マスカレードシリーズ 読む順番,,0,0,https://books.kuras-plus.com/tools/reading-order/higashino-keigo-masquerade,"index,follow",true,false,false,false,,index,主要ページ。index維持・sitemap掲載。
/tools/reading-order/miyabe-miyuki-sugimura,reading-order,杉村三郎シリーズ 読む順番,,0,0,https://books.kuras-plus.com/tools/reading-order/miyabe-miyuki-sugimura,"index,follow",true,false,false,false,,index,主要ページ。index維持・sitemap掲載。
/tools/reading-order/ikeido-jun-hanzawa,reading-order,半沢直樹シリーズ 読む順番,,0,0,https://books.kuras-plus.com/tools/reading-order/ikeido-jun-hanzawa,"index,follow",true,false,false,false,,index,主要ページ。index維持・sitemap掲載。
/tools/reading-order/isaka-kotaro-assassin,reading-order,殺し屋シリーズ 読む順番,,0,0,https://books.kuras-plus.com/tools/reading-order/isaka-kotaro-assassin,"index,follow",true,false,false,false,,index,主要ページ。index維持・sitemap掲載。
/tools/reading-order/arikawa-hiro-jsdf,reading-order,自衛隊三部作 読む順番,,0,0,https://books.kuras-plus.com/tools/reading-order/arikawa-hiro-jsdf,"index,follow",true,false,false,false,,index,主要ページ。index維持・sitemap掲載。
/tools/reading-order/murakami-haruki-novels,reading-order,村上春樹 長編小説 読む順番,,0,0,https://books.kuras-plus.com/tools/reading-order/murakami-haruki-novels,"index,follow",true,false,false,false,,index,主要ページ。index維持・sitemap掲載。
/tools/reading-order/morimi-tomihiko-works,reading-order,森見登美彦 主要作品 読む順番,,0,0,https://books.kuras-plus.com/tools/reading-order/morimi-tomihiko-works,"index,follow",true,false,false,false,,index,主要ページ。index維持・sitemap掲載。
/tools/reading-order/yonezawa-honobu-kotenbu,reading-order,古典部シリーズ 読む順番,,0,0,https://books.kuras-plus.com/tools/reading-order/yonezawa-honobu-kotenbu,"index,follow",true,false,false,false,,index,主要ページ。index維持・sitemap掲載。
/tools/reading-order/tsujimura-mizuki-works,reading-order,辻村深月 主要作品 読む順番,,0,0,https://books.kuras-plus.com/tools/reading-order/tsujimura-mizuki-works,"index,follow",true,false,false,false,,index,主要ページ。index維持・sitemap掲載。
/tools/reading-order/minato-kanae-works,reading-order,湊かなえ 主要作品 読む順番,,0,0,https://books.kuras-plus.com/tools/reading-order/minato-kanae-works,"index,follow",true,false,false,false,,index,主要ページ。index維持・sitemap掲載。
/tools/reading-order/onda-riku-works,reading-order,恩田陸 主要作品 読む順番,,0,0,https://books.kuras-plus.com/tools/reading-order/onda-riku-works,"index,follow",true,false,false,false,,index,主要ページ。index維持・sitemap掲載。
/tools/reading-order/philip-k-dick-works,reading-order,フィリップ・K・ディック 主要作品 読む順番,,0,0,https://books.kuras-plus.com/tools/reading-order/philip-k-dick-works,"index,follow",true,false,false,false,,index,主要ページ。index維持・sitemap掲載。
/tools/reading-order/asimov-foundation,reading-order,ファウンデーションシリーズ 読む順番,,0,0,https://books.kuras-plus.com/tools/reading-order/asimov-foundation,"index,follow",true,false,false,false,,index,主要ページ。index維持・sitemap掲載。
/tools/reading-order/asimov-robot,reading-order,ロボットシリーズ 読む順番,,0,0,https://books.kuras-plus.com/tools/reading-order/asimov-robot,"index,follow",true,false,false,false,,index,主要ページ。index維持・sitemap掲載。
/tools/reading-order/agatha-christie-poirot,reading-order,ポアロシリーズ 読む順番,,0,0,https://books.kuras-plus.com/tools/reading-order/agatha-christie-poirot,"index,follow",true,false,false,false,,index,主要ページ。index維持・sitemap掲載。
/tools/reading-order/stephen-king-dark-tower,reading-order,ダークタワーシリーズ 読む順番,,0,0,https://books.kuras-plus.com/tools/reading-order/stephen-king-dark-tower,"index,follow",true,false,false,false,,index,主要ページ。index維持・sitemap掲載。
/tools/reading-order/tolkien-middle-earth,reading-order,中つ国シリーズ 読む順番,,0,0,https://books.kuras-plus.com/tools/reading-order/tolkien-middle-earth,"index,follow",true,false,false,false,,index,主要ページ。index維持・sitemap掲載。
/tools/reading-order/shiba-ryotaro-works,reading-order,司馬遼太郎 主要作品 読む順番,,0,0,https://books.kuras-plus.com/tools/reading-order/shiba-ryotaro-works,"index,follow",true,false,false,false,,index,主要ページ。index維持・sitemap掲載。
/tools/reading-order/kyogoku-natsuhiko-hyakki,reading-order,百鬼夜行シリーズ 読む順番,,0,0,https://books.kuras-plus.com/tools/reading-order/kyogoku-natsuhiko-hyakki,"index,follow",true,false,false,false,,index,主要ページ。index維持・sitemap掲載。
/tools/reading-order/miura-shion-works,reading-order,三浦しをん 主要作品 読む順番,,0,0,https://books.kuras-plus.com/tools/reading-order/miura-shion-works,"index,follow",true,false,false,false,,index,主要ページ。index維持・sitemap掲載。
/tools/reading-order/makime-manabu-works,reading-order,万城目学 主要作品 読む順番,,0,0,https://books.kuras-plus.com/tools/reading-order/makime-manabu-works,"index,follow",true,false,false,false,,index,主要ページ。index維持・sitemap掲載。
/tools/reading-order/kishi-yusuke-works,reading-order,貴志祐介 主要作品 読む順番,,0,0,https://books.kuras-plus.com/tools/reading-order/kishi-yusuke-works,"index,follow",true,false,false,false,,index,主要ページ。index維持・sitemap掲載。
/tools/reading-order/uehashi-nahoko-moribito,reading-order,守り人シリーズ 読む順番,,0,0,https://books.kuras-plus.com/tools/reading-order/uehashi-nahoko-moribito,"index,follow",true,false,false,false,,index,主要ページ。index維持・sitemap掲載。
/tools/reading-order/one-piece,reading-order,ONE PIECE（ワンピース） 読む順番,,0,0,https://books.kuras-plus.com/tools/reading-order/one-piece,"index,follow",true,false,false,false,,index,主要ページ。index維持・sitemap掲載。
/tools/reading-order/shingeki-no-kyojin,reading-order,進撃の巨人 読む順番,,0,0,https://books.kuras-plus.com/tools/reading-order/shingeki-no-kyojin,"index,follow",true,false,false,false,,index,主要ページ。index維持・sitemap掲載。
/tools/reading-order/kimetsu-no-yaiba,reading-order,鬼滅の刃 読む順番,,0,0,https://books.kuras-plus.com/tools/reading-order/kimetsu-no-yaiba,"index,follow",true,false,false,false,,index,主要ページ。index維持・sitemap掲載。
/tools/reading-order/jujutsu-kaisen,reading-order,呪術廻戦 読む順番,,0,0,https://books.kuras-plus.com/tools/reading-order/jujutsu-kaisen,"index,follow",true,false,false,false,,index,主要ページ。index維持・sitemap掲載。
/tools/reading-order/detective-conan,reading-order,名探偵コナン 読む順番,,0,0,https://books.kuras-plus.com/tools/reading-order/detective-conan,"index,follow",true,false,false,false,,index,主要ページ。index維持・sitemap掲載。
/tools/reading-order/jojos-bizarre-adventure,reading-order,ジョジョの奇妙な冒険 読む順番,,0,0,https://books.kuras-plus.com/tools/reading-order/jojos-bizarre-adventure,"index,follow",true,false,false,false,,index,主要ページ。index維持・sitemap掲載。
/tools/reading-order/hunter-x-hunter,reading-order,HUNTER×HUNTER 読む順番,,0,0,https://books.kuras-plus.com/tools/reading-order/hunter-x-hunter,"index,follow",true,false,false,false,,index,主要ページ。index維持・sitemap掲載。
/tools/reading-order/slam-dunk,reading-order,SLAM DUNK（スラムダンク） 読む順番,,0,0,https://books.kuras-plus.com/tools/reading-order/slam-dunk,"index,follow",true,false,false,false,,index,主要ページ。index維持・sitemap掲載。
/tools/reading-order/naruto,reading-order,NARUTO -ナルト- 読む順番,,0,0,https://books.kuras-plus.com/tools/reading-order/naruto,"index,follow",true,false,false,false,,index,主要ページ。index維持・sitemap掲載。
/tools/reading-order/dragon-ball,reading-order,ドラゴンボール 読む順番,,0,0,https://books.kuras-plus.com/tools/reading-order/dragon-ball,"index,follow",true,false,false,false,,index,主要ページ。index維持・sitemap掲載。
/tools/reading-order/fullmetal-alchemist,reading-order,鋼の錬金術師 読む順番,,0,0,https://books.kuras-plus.com/tools/reading-order/fullmetal-alchemist,"index,follow",true,false,false,false,,index,主要ページ。index維持・sitemap掲載。
/tools/reading-order/death-note,reading-order,DEATH NOTE（デスノート） 読む順番,,0,0,https://books.kuras-plus.com/tools/reading-order/death-note,"index,follow",true,false,false,false,,index,主要ページ。index維持・sitemap掲載。
/tools/reading-order/yakusoku-no-neverland,reading-order,約束のネバーランド 読む順番,,0,0,https://books.kuras-plus.com/tools/reading-order/yakusoku-no-neverland,"index,follow",true,false,false,false,,index,主要ページ。index維持・sitemap掲載。
/tools/reading-order/tokyo-ghoul,reading-order,東京喰種トーキョーグール 読む順番,,0,0,https://books.kuras-plus.com/tools/reading-order/tokyo-ghoul,"index,follow",true,false,false,false,,index,主要ページ。index維持・sitemap掲載。
/tools/reading-order/kingdom,reading-order,キングダム 読む順番,,0,0,https://books.kuras-plus.com/tools/reading-order/kingdom,"index,follow",true,false,false,false,,index,主要ページ。index維持・sitemap掲載。
/tools/reading-order/oshi-no-ko,reading-order,【推しの子】 読む順番,,0,0,https://books.kuras-plus.com/tools/reading-order/oshi-no-ko,"index,follow",true,false,false,false,,index,主要ページ。index維持・sitemap掲載。
/tools/reading-order/chainsaw-man,reading-order,チェンソーマン 読む順番,,0,0,https://books.kuras-plus.com/tools/reading-order/chainsaw-man,"index,follow",true,false,false,false,,index,主要ページ。index維持・sitemap掲載。
/tools/reading-order/spy-x-family,reading-order,SPY×FAMILY 読む順番,,0,0,https://books.kuras-plus.com/tools/reading-order/spy-x-family,"index,follow",true,false,false,false,,index,主要ページ。index維持・sitemap掲載。
/tools/reading-order/blue-lock,reading-order,ブルーロック 読む順番,,0,0,https://books.kuras-plus.com/tools/reading-order/blue-lock,"index,follow",true,false,false,false,,index,主要ページ。index維持・sitemap掲載。
/tools/reading-order/frieren,reading-order,葬送のフリーレン 読む順番,,0,0,https://books.kuras-plus.com/tools/reading-order/frieren,"index,follow",true,false,false,false,,index,主要ページ。index維持・sitemap掲載。
/tools/reading-order/kusuriya-no-hitorigoto,reading-order,薬屋のひとりごと 読む順番,,0,0,https://books.kuras-plus.com/tools/reading-order/kusuriya-no-hitorigoto,"index,follow",true,false,false,false,,index,主要ページ。index維持・sitemap掲載。
/tools/reading-order/boku-no-hero-academia,reading-order,僕のヒーローアカデミア 読む順番,,0,0,https://books.kuras-plus.com/tools/reading-order/boku-no-hero-academia,"index,follow",true,false,false,false,,index,主要ページ。index維持・sitemap掲載。
/tools/reading-order/golden-kamuy,reading-order,ゴールデンカムイ 読む順番,,0,0,https://books.kuras-plus.com/tools/reading-order/golden-kamuy,"index,follow",true,false,false,false,,index,主要ページ。index維持・sitemap掲載。
/tools/reading-order/banana-fish,reading-order,BANANA FISH 読む順番,,0,0,https://books.kuras-plus.com/tools/reading-order/banana-fish,"index,follow",true,false,false,false,,index,主要ページ。index維持・sitemap掲載。
/tools/reading-order/ooku,reading-order,大奥 読む順番,,0,0,https://books.kuras-plus.com/tools/reading-order/ooku,"index,follow",true,false,false,false,,index,主要ページ。index維持・sitemap掲載。
/tools/literary-awards/honya-taisho,award,本屋大賞,,0,0,https://books.kuras-plus.com/tools/literary-awards/honya-taisho,"index,follow",true,false,false,false,,index,主要ページ。index維持・sitemap掲載。
/tools/literary-awards/naoki-sho,award,直木賞,,0,0,https://books.kuras-plus.com/tools/literary-awards/naoki-sho,"index,follow",true,false,false,false,,index,主要ページ。index維持・sitemap掲載。
/tools/literary-awards/akutagawa-sho,award,芥川賞,,0,0,https://books.kuras-plus.com/tools/literary-awards/akutagawa-sho,"index,follow",true,false,false,false,,index,主要ページ。index維持・sitemap掲載。
/tools/literary-awards/kono-mystery,award,このミステリーがすごい!,,0,0,https://books.kuras-plus.com/tools/literary-awards/kono-mystery,"index,follow",true,false,false,false,,index,主要ページ。index維持・sitemap掲載。
/tools/literary-awards/kinobesu,award,キノベス!,,0,0,https://books.kuras-plus.com/tools/literary-awards/kinobesu,"index,follow",true,false,false,false,,index,主要ページ。index維持・sitemap掲載。
/tools/literary-awards/honkaku-mystery,award,本格ミステリ大賞,,0,0,https://books.kuras-plus.com/tools/literary-awards/honkaku-mystery,"index,follow",true,false,false,false,,index,主要ページ。index維持・sitemap掲載。
/tools/literary-awards/yoshikawa-shinjin,award,吉川英治文学新人賞,,0,0,https://books.kuras-plus.com/tools/literary-awards/yoshikawa-shinjin,"index,follow",true,false,false,false,,index,主要ページ。index維持・sitemap掲載。
/tools/literary-awards/yamamoto-shugoro,award,山本周五郎賞,,0,0,https://books.kuras-plus.com/tools/literary-awards/yamamoto-shugoro,"index,follow",true,false,false,false,,index,主要ページ。index維持・sitemap掲載。
/tools/literary-awards/nihon-sf,award,日本SF大賞,,0,0,https://books.kuras-plus.com/tools/literary-awards/nihon-sf,"index,follow",true,false,false,false,,index,主要ページ。index維持・sitemap掲載。
/tools/literary-awards/manga-taisho,award,マンガ大賞,,0,0,https://books.kuras-plus.com/tools/literary-awards/manga-taisho,"index,follow",true,false,false,false,,index,主要ページ。index維持・sitemap掲載。
/scene,scene,シーンで探す,,0,0,https://books.kuras-plus.com/scene,"index,follow",true,false,false,false,,index,主要ページ。index維持・sitemap掲載。
/scene/commute,scene,通勤・通学,,0,0,https://books.kuras-plus.com/scene/commute,"index,follow",true,false,false,false,,index,主要ページ。index維持・sitemap掲載。
/scene/before-sleep,scene,寝る前,,0,0,https://books.kuras-plus.com/scene/before-sleep,"index,follow",true,false,false,false,,index,主要ページ。index維持・sitemap掲載。
/scene/holiday-binge,scene,休日に一気読み,,0,0,https://books.kuras-plus.com/scene/holiday-binge,"index,follow",true,false,false,false,,index,主要ページ。index維持・sitemap掲載。
/scene/short-break,scene,すきま時間,,0,0,https://books.kuras-plus.com/scene/short-break,"index,follow",true,false,false,false,,index,主要ページ。index維持・sitemap掲載。
/scene/cafe,scene,カフェでゆっくり,,0,0,https://books.kuras-plus.com/scene/cafe,"index,follow",true,false,false,false,,index,主要ページ。index維持・sitemap掲載。
/scene/stress-relief,scene,ストレス解消したい,,0,0,https://books.kuras-plus.com/scene/stress-relief,"index,follow",true,false,false,false,,index,主要ページ。index維持・sitemap掲載。
/scene/calm-down,scene,気分を落ち着けたい,,0,0,https://books.kuras-plus.com/scene/calm-down,"index,follow",true,false,false,false,,index,主要ページ。index維持・sitemap掲載。
/scene/exciting,scene,ワクワクしたい,,0,0,https://books.kuras-plus.com/scene/exciting,"index,follow",true,false,false,false,,index,主要ページ。index維持・sitemap掲載。
/scene/think-deeply,scene,考えたい,,0,0,https://books.kuras-plus.com/scene/think-deeply,"index,follow",true,false,false,false,,index,主要ページ。index維持・sitemap掲載。
/genre,genre,ジャンルで探す,,0,0,https://books.kuras-plus.com/genre,"index,follow",true,false,false,false,,index,主要ページ。index維持・sitemap掲載。
/genre/mystery,genre,ミステリー,,0,0,https://books.kuras-plus.com/genre/mystery,"index,follow",true,false,false,false,,index,主要ページ。index維持・sitemap掲載。
/genre/sf,genre,SF,,0,0,https://books.kuras-plus.com/genre/sf,"index,follow",true,false,false,false,,index,主要ページ。index維持・sitemap掲載。
/genre/fantasy,genre,ファンタジー,,0,0,https://books.kuras-plus.com/genre/fantasy,"index,follow",true,false,false,false,,index,主要ページ。index維持・sitemap掲載。
/genre/romance,genre,恋愛,,0,0,https://books.kuras-plus.com/genre/romance,"index,follow",true,false,false,false,,index,主要ページ。index維持・sitemap掲載。
/genre/youth,genre,青春,,0,0,https://books.kuras-plus.com/genre/youth,"index,follow",true,false,false,false,,index,主要ページ。index維持・sitemap掲載。
/genre/literary,genre,純文学,,0,0,https://books.kuras-plus.com/genre/literary,"index,follow",true,false,false,false,,index,主要ページ。index維持・sitemap掲載。
/genre/historical-novel,genre,歴史小説,,0,0,https://books.kuras-plus.com/genre/historical-novel,"index,follow",true,false,false,false,,index,主要ページ。index維持・sitemap掲載。
/genre/horror,genre,ホラー,,0,0,https://books.kuras-plus.com/genre/horror,"index,follow",true,false,false,false,,index,主要ページ。index維持・sitemap掲載。
/genre/entertainment,genre,エンタメ小説,,0,0,https://books.kuras-plus.com/genre/entertainment,"index,follow",true,false,false,false,,index,主要ページ。index維持・sitemap掲載。
/genre/shonen,genre,少年漫画,,0,0,https://books.kuras-plus.com/genre/shonen,"index,follow",true,false,false,false,,index,主要ページ。index維持・sitemap掲載。
/genre/shojo,genre,少女漫画,,0,0,https://books.kuras-plus.com/genre/shojo,"index,follow",true,false,false,false,,index,主要ページ。index維持・sitemap掲載。
/genre/seinen,genre,青年漫画,,0,0,https://books.kuras-plus.com/genre/seinen,"index,follow",true,false,false,false,,index,主要ページ。index維持・sitemap掲載。
/genre/general,genre,一般漫画,,0,0,https://books.kuras-plus.com/genre/general,"index,follow",true,false,false,false,,index,主要ページ。index維持・sitemap掲載。
/manga/mood,manga-mood,漫画を気分で探す,,0,0,https://books.kuras-plus.com/manga/mood,"index,follow",true,false,false,false,,index,主要ページ。index維持・sitemap掲載。
/manga/by-mood/cry,manga-mood,泣ける漫画,,0,0,https://books.kuras-plus.com/manga/by-mood/cry,"index,follow",true,false,false,false,,index,主要ページ。index維持・sitemap掲載。
/manga/by-mood/healing,manga-mood,癒やされる漫画,,0,0,https://books.kuras-plus.com/manga/by-mood/healing,"index,follow",true,false,false,false,,index,主要ページ。index維持・sitemap掲載。
/manga/by-mood/thinking,manga-mood,頭を使う漫画,,0,0,https://books.kuras-plus.com/manga/by-mood/thinking,"index,follow",true,false,false,false,,index,主要ページ。index維持・sitemap掲載。
/manga/by-mood/easy,manga-mood,気軽に読める漫画,,0,0,https://books.kuras-plus.com/manga/by-mood/easy,"index,follow",true,false,false,false,,index,主要ページ。index維持・sitemap掲載。
/manga/by-mood/dark,manga-mood,ダークな漫画,,0,0,https://books.kuras-plus.com/manga/by-mood/dark,"index,follow",true,false,false,false,,index,主要ページ。index維持・sitemap掲載。
/manga/by-mood/hot,manga-mood,熱い漫画,,0,0,https://books.kuras-plus.com/manga/by-mood/hot,"index,follow",true,false,false,false,,index,主要ページ。index維持・sitemap掲載。
/manga/by-mood/heartwarming,manga-mood,恋愛でキュンとする,,0,0,https://books.kuras-plus.com/manga/by-mood/heartwarming,"index,follow",true,false,false,false,,index,主要ページ。index維持・sitemap掲載。
/manga/by-mood/binge,manga-mood,一気読みしたい,,0,0,https://books.kuras-plus.com/manga/by-mood/binge,"index,follow",true,false,false,false,,index,主要ページ。index維持・sitemap掲載。
/manga/by-mood/completed,manga-mood,完結済みで安心,,0,0,https://books.kuras-plus.com/manga/by-mood/completed,"index,follow",true,false,false,false,,index,主要ページ。index維持・sitemap掲載。
/manga/by-mood/beginner,manga-mood,初心者向け,,0,0,https://books.kuras-plus.com/manga/by-mood/beginner,"index,follow",true,false,false,false,,index,主要ページ。index維持・sitemap掲載。
/blog/classic-adventure-manga,blog,冒険漫画の名作おすすめ20選【ジャンルの礎を築いた金字塔から最新作まで】,冒険漫画の名作おすすめ20選を紹介。ドラゴンボール・ONE PIECEなど歴史的名作から2026年注目の最新作まで、時代を超えて読み継がれる冒険漫画を厳選しました。,8482,5,https://books.kuras-plus.com/blog/classic-adventure-manga,"index,follow",true,false,false,false,,index,本文量・独自性ともに index 維持で問題なし。
/blog/completed-adventure-manga,blog,完結済みの冒険漫画おすすめ15選【最後まで読める安心の名作】,完結済みの冒険漫画おすすめ15選を紹介。鋼の錬金術師・ダンジョン飯・鬼滅の刃など、最後まで一気読みできる名作冒険漫画を巻数別に厳選しました。,7127,4,https://books.kuras-plus.com/blog/completed-adventure-manga,"index,follow",true,false,false,false,,index,本文量・独自性ともに index 維持で問題なし。
/blog/fantasy-adventure-manga,blog,ファンタジー×冒険漫画の傑作20選【異世界・魔法・旅をテーマにした名作】,ファンタジーと冒険が融合した漫画の傑作20選を紹介。異世界冒険・魔法バトル・旅と探索をテーマにした名作を厳選。ファンタジー冒険漫画の入門にも最適なガイドです。,7969,4,https://books.kuras-plus.com/blog/fantasy-adventure-manga,"index,follow",true,false,false,false,異世界(6件),merge,重複候補グループ 異世界(6件)。柱記事への統合 or 内部リンク強化を要検討（削除・redirectはしない）。
/blog/fantasy-manga-ranking-2026,blog,ファンタジー漫画おすすめランキング2026年版【名作30選を完全網羅】,2026年版ファンタジー漫画ランキング30選。王道バトル・異世界転生・ダークファンタジーを年度別に厳選。アニメ化で話題の最新作から不朽の名作まで網羅したおすすめガイド。,9498,6,https://books.kuras-plus.com/blog/fantasy-manga-ranking-2026,"index,follow",true,false,false,false,ファンタジー漫画(4件),merge,重複候補グループ ファンタジー漫画(4件)。柱記事への統合 or 内部リンク強化を要検討（削除・redirectはしない）。
/blog/shonen-adventure-manga,blog,少年漫画の冒険ものおすすめ20選【ジャンプ・マガジン・サンデーから厳選】,少年漫画の冒険もの20選を週刊誌別に紹介。ジャンプ・マガジン・サンデーの名作冒険漫画を厳選。王道冒険活劇から異世界ファンタジーまで網羅したおすすめガイド。,8128,5,https://books.kuras-plus.com/blog/shonen-adventure-manga,"index,follow",true,false,false,false,,index,本文量・独自性ともに index 維持で問題なし。
/blog/philip-k-dick-recommendations,blog,フィリップ・K・ディック最高傑作7選｜初心者向けの読む順番も解説【2026年版】,フィリップ・K・ディックの最高傑作を7作品に厳選。『アンドロイドは電気羊の夢を見るか？』『高い城の男』『ユービック』など代表作の魅力と初心者向けの読む順番をわかりやすく解説。SF入門にも最適な1冊が見つかります。,5583,6,https://books.kuras-plus.com/blog/philip-k-dick-recommendations,"index,follow",true,false,false,false,初心者(21件),merge,重複候補グループ 初心者(21件)。柱記事への統合 or 内部リンク強化を要検討（削除・redirectはしない）。
/blog/trending-manga-2026,blog,話題の漫画2026年おすすめ20選【アニメ化・新連載・注目作を厳選】,2026年に話題の漫画おすすめ20選。アニメ化決定作品・SNSで注目の新連載・書店員おすすめを網羅。バトルからミステリーまでジャンル横断で今読むべき一冊が見つかります。,9123,0,https://books.kuras-plus.com/blog/trending-manga-2026,"index,follow",true,false,false,false,アニメ(8件),merge,重複候補グループ アニメ(8件)。柱記事への統合 or 内部リンク強化を要検討（削除・redirectはしない）。
/blog/books-to-learn-economics,blog,【2026年最新】経済のわかりやすい本おすすめ10選｜独学で学べる入門書を厳選,経済をわかりやすく独学で学べる本を10冊厳選。難しい専門書不要で、経済ニュースが理解できる・お金の流れが見える・世界経済がわかる入門書を読む順番つきで紹介します。,3595,0,https://books.kuras-plus.com/blog/books-to-learn-economics,"index,follow",true,false,false,false,,index,本文量・独自性ともに index 維持で問題なし。
/blog/economics-books-for-beginners,blog,経済初心者におすすめの本10選【2026年版】ニュースが分かる入門書を厳選,経済初心者向けのおすすめ本を10冊厳選。ニュースが分かるようになる入門書からお金の流れが見える実用書まで、読みやすさ重視で選んだ最初の1冊が見つかります。,7010,0,https://books.kuras-plus.com/blog/economics-books-for-beginners,"index,follow",true,false,false,false,初心者(21件),merge,重複候補グループ 初心者(21件)。柱記事への統合 or 内部リンク強化を要検討（削除・redirectはしない）。
/blog/economics-intro-books,blog,経済学入門におすすめの本10選｜最初の1冊が見つかるガイド,経済学を初めて学ぶ人が最初の1冊を選べるガイド。ミクロ・マクロ・行動経済学・国際経済など分野別に、入門書として読みやすい本を10冊厳選して紹介します。最初の1冊の選び方から読む順番まで、初めての人が迷わず選べるよう詳しく解説します。,3851,0,https://books.kuras-plus.com/blog/economics-intro-books,"index,follow",true,false,false,false,,index,本文量・独自性ともに index 維持で問題なし。
/blog/fantasy-manga-recommendations,blog,ファンタジー漫画おすすめ30選【2026年最新】人気の名作から新作まで厳選,ファンタジー漫画のおすすめ30選を2026年版で紹介。王道バトル・異世界転生・ダークファンタジーをジャンル別に厳選。アニメ化作品や完結済み名作も収録し、初心者の入門にも最適です。,13163,0,https://books.kuras-plus.com/blog/fantasy-manga-recommendations,"index,follow",true,false,false,false,ファンタジー漫画(4件),merge,重複候補グループ ファンタジー漫画(4件)。柱記事への統合 or 内部リンク強化を要検討（削除・redirectはしない）。
/blog/economics-recommended-books,blog,経済学初心者におすすめの本15選【入門書から実践書まで段階別に紹介】,経済学初心者におすすめの本15選を段階別に紹介。入門書・教養書・実践書の3段階で、経済の基礎から投資・ビジネスまで学べるおすすめ本を厳選しました。,6908,6,https://books.kuras-plus.com/blog/economics-recommended-books,"index,follow",true,false,false,false,初心者(21件),merge,重複候補グループ 初心者(21件)。柱記事への統合 or 内部リンク強化を要検討（削除・redirectはしない）。
/blog/anime-spring-2026-must-read-originals,blog,2026年春アニメ原作で今読むべき漫画＆小説10選｜放送前に予習しよう,2026年春アニメの原作を放送前に読んで予習しよう。注目度S級からダークホース枠まで厳選10作品の読書ガイド。何巻まで読むべきか、アニメとの違い予想、放送開始までの読書スケジュールも紹介。,11532,0,https://books.kuras-plus.com/blog/anime-spring-2026-must-read-originals,"index,follow",true,false,false,false,アニメ(8件),merge,重複候補グループ アニメ(8件)。柱記事への統合 or 内部リンク強化を要検討（削除・redirectはしない）。
/blog/bedtime-mystery-short-reads,blog,寝る前に読める短編ミステリー20選｜1話15分で完結する名作【2026年版】,寝る前に読める短編ミステリーを20作品厳選。1話15分で完結する名作短編集から、眠りを妨げない絶妙な緊張感の作品まで。就寝前の読書にぴったりのミステリー短編を紹介します。,10252,1,https://books.kuras-plus.com/blog/bedtime-mystery-short-reads,"index,follow",true,false,false,false,ミステリー(19件),merge,重複候補グループ ミステリー(19件)。柱記事への統合 or 内部リンク強化を要検討（削除・redirectはしない）。
/blog/books-for-reading-habit-beginners,blog,読書習慣がない人向け最初の10冊｜活字が苦手でも読み切れる本,読書習慣をつけたい人、活字が苦手な人に向けて、最初に読むべき10冊を厳選。読書初心者でも読み切れる本の選び方から、習慣化のコツ、読書環境の整え方まで実践的に解説します。,12928,0,https://books.kuras-plus.com/blog/books-for-reading-habit-beginners,"index,follow",true,false,false,false,,index,本文量・独自性ともに index 維持で問題なし。
/blog/completed-historical-novels,blog,完結済み歴史小説おすすめ15選｜大河ドラマ原作から戦国・幕末まで,完結済みの歴史小説を15作品厳選して紹介。大河ドラマ原作、戦国時代、幕末・明治、古代・平安、中国史・世界史とジャンル別に解説。巻数・読了時間・難易度付きで初心者にも選びやすい一覧です。,14190,0,https://books.kuras-plus.com/blog/completed-historical-novels,"index,follow",true,false,false,false,歴史(4件),merge,重複候補グループ 歴史(4件)。柱記事への統合 or 内部リンク強化を要検討（削除・redirectはしない）。
/blog/completed-light-novel-ranking,blog,完結済みラノベランキング20選【2026年版】一気読みできる名作を厳選,完結済みのライトノベルを20作品ランキング形式で紹介。全巻一気読みできる名作ラノベから、短編完結の隠れた傑作まで。巻数・ジャンル・難易度付きで自分に合った作品が見つかります。,16780,0,https://books.kuras-plus.com/blog/completed-light-novel-ranking,"index,follow",true,false,false,false,ランキング(36件),merge,重複候補グループ ランキング(36件)。柱記事への統合 or 内部リンク強化を要検討（削除・redirectはしない）。
/blog/completed-mystery-novels,blog,完結済みミステリー小説おすすめ20選｜シリーズ一気読みガイド,完結済みのミステリー小説・シリーズを厳選20作品紹介。本格ミステリーから社会派、日常の謎系、海外ミステリーまで、一気読みできるおすすめ完結作品をジャンル別に徹底ガイドします。,16154,0,https://books.kuras-plus.com/blog/completed-mystery-novels,"index,follow",true,false,false,false,ミステリー(19件),merge,重複候補グループ ミステリー(19件)。柱記事への統合 or 内部リンク強化を要検討（削除・redirectはしない）。
/blog/completed-sf-novels-all-time,blog,完結済みSF小説の名作20選｜古典から最新作まで,完結済みSF小説の名作20選を紹介。アシモフ、クラーク、ディックの古典SFから、劉慈欣『三体』や伊藤計劃『虐殺器官』まで、最後まで一気に読める完結済みSFシリーズ・長編を厳選。ハードSFからニューウェーブまで網羅したおすすめガイド。,15133,1,https://books.kuras-plus.com/blog/completed-sf-novels-all-time,"index,follow",true,false,false,false,SF(14件),merge,重複候補グループ SF(14件)。柱記事への統合 or 内部リンク強化を要検討（削除・redirectはしない）。
/blog/couple-reading-same-book,blog,カップルで同じ本を読む楽しさ｜二人で語り合えるおすすめ10選,カップルで同じ本を読んで語り合う楽しさを紹介。恋人と一緒に読みたいおすすめ本10選を厳選しました。小説・ノンフィクション・漫画からカップル読書にぴったりの作品を、二人で話したいポイント付きで解説します。,13422,0,https://books.kuras-plus.com/blog/couple-reading-same-book,"index,follow",true,false,false,false,,index,本文量・独自性ともに index 維持で問題なし。
/blog/economics-manga-novel-beginners,blog,経済がわかる漫画＆小説15選｜お金の教養を物語で学ぶ【2026年版】,経済がわかる漫画と小説を15作品厳選。『インベスターZ』『闇金ウシジマくん』などの漫画から『ハゲタカ』などの小説まで、物語を楽しみながらお金の教養が身につく作品を紹介します。,10008,4,https://books.kuras-plus.com/blog/economics-manga-novel-beginners,"index,follow",true,false,false,false,,index,本文量・独自性ともに index 維持で問題なし。
/blog/haruki-murakami-first-book,blog,村上春樹を初めて読むならこの1冊｜作品難易度マップ付き【完全入門ガイド】,村上春樹を初めて読む人のための完全入門ガイド。全長編小説の難易度マップと、読書経験別のおすすめ1冊を提案。『ノルウェイの森』『海辺のカフカ』など代表作の特徴と選び方を解説します。,9882,0,https://books.kuras-plus.com/blog/haruki-murakami-first-book,"index,follow",true,false,false,false,,index,本文量・独自性ともに index 維持で問題なし。
/blog/keigo-higashino-best-mystery,blog,東野圭吾ミステリー初心者向けベスト10｜読む順番とシリーズ解説【2026年版】,東野圭吾のミステリー小説を初心者向けに10作品厳選。ガリレオ・加賀恭一郎シリーズの読む順番、スタンドアロン作品のおすすめ、難易度別の選び方を詳しく解説します。,8645,0,https://books.kuras-plus.com/blog/keigo-higashino-best-mystery,"index,follow",true,false,false,false,ミステリー(19件),merge,重複候補グループ ミステリー(19件)。柱記事への統合 or 内部リンク強化を要検討（削除・redirectはしない）。
/blog/keikaku-itoh-works-reading-order,blog,伊藤計劃の全作品を読む順番｜虐殺器官→ハーモニー→屍者の帝国【完全ガイド】,伊藤計劃の全作品を最適な読む順番で解説。『虐殺器官』『ハーモニー』『屍者の帝国』の3作品を中心に、短編・エッセイまで網羅。各作品の難易度・テーマ・つながりを徹底解説します。,9628,0,https://books.kuras-plus.com/blog/keikaku-itoh-works-reading-order,"index,follow",true,false,false,false,,index,本文量・独自性ともに index 維持で問題なし。
/blog/liu-cixin-three-body-guide,blog,『三体』を100倍楽しむ読み方ガイド｜劉慈欣の世界観を完全解説【2026年版】,劉慈欣『三体』三部作の読み方を完全ガイド。難解な物理学概念をわかりやすく解説し、登場人物相関図・時系列整理・伏線解説で『三体』を100倍楽しめます。Netflix版との違いも紹介。,9313,0,https://books.kuras-plus.com/blog/liu-cixin-three-body-guide,"index,follow",true,false,false,false,,index,本文量・独自性ともに index 維持で問題なし。
/blog/manga-for-adults-mature-themes,blog,大人が読んでも面白い漫画30選｜少年漫画では物足りない人へ,大人向けのおすすめ漫画を30作品厳選。人間ドラマ・歴史・ビジネス・サスペンス・グルメ・SFなどジャンル別に紹介。少年漫画では物足りなくなった20代〜40代に刺さる名作を、見どころ・巻数・読みどころとともに徹底解説します。,15174,0,https://books.kuras-plus.com/blog/manga-for-adults-mature-themes,"index,follow",true,false,false,false,,index,本文量・独自性ともに index 維持で問題なし。
/blog/miyabe-miyuki-genre-guide,blog,宮部みゆき全ジャンル制覇ガイド｜ミステリーからSF・時代小説まで【2026年版】,宮部みゆきの全ジャンルを網羅した完全ガイド。現代ミステリー・時代小説・SF・ファンタジーの各ジャンルから代表作を厳選。初心者向けの読む順番とジャンル別おすすめを紹介します。,11302,0,https://books.kuras-plus.com/blog/miyabe-miyuki-genre-guide,"index,follow",true,false,false,false,ミステリー(19件),merge,重複候補グループ ミステリー(19件)。柱記事への統合 or 内部リンク強化を要検討（削除・redirectはしない）。
/blog/one-hour-readable-books,blog,1時間で読める本おすすめ20選｜忙しい人のための短い名作,1時間で読める短い本おすすめ20選。100〜200ページの名作を厳選し、忙しい社会人・学生でもすぐ読める本を紹介。小説・エッセイ・ビジネス書まで、読了の達成感を手軽に味わえる作品を集めました。,11449,0,https://books.kuras-plus.com/blog/one-hour-readable-books,"index,follow",true,false,false,false,,index,本文量・独自性ともに index 維持で問題なし。
/blog/philip-k-dick-masterpieces-ranking,blog,フィリップ・K・ディック傑作ランキング15選｜SF初心者はここから【2026年版】,フィリップ・K・ディックの傑作を15作品ランキング形式で紹介。『アンドロイドは電気羊の夢を見るか？』『ユービック』など代表作から隠れた名作まで、読む順番・難易度付きで初心者にもわかりやすく解説します。,12354,1,https://books.kuras-plus.com/blog/philip-k-dick-masterpieces-ranking,"index,follow",true,false,false,false,SF(14件),merge,重複候補グループ SF(14件)。柱記事への統合 or 内部リンク強化を要検討（削除・redirectはしない）。
/blog/rainy-day-reading-immersive,blog,雨の日に没入できる本20選｜長編ファンタジーから心温まる物語まで,雨の日にぴったりの没入できる本を20作品厳選。長編ファンタジー、ミステリー、心温まる物語、漫画まで幅広くご紹介。梅雨の時期の読書にもおすすめです。,12507,0,https://books.kuras-plus.com/blog/rainy-day-reading-immersive,"index,follow",true,false,false,false,,index,本文量・独自性ともに index 維持で問題なし。
/blog/travel-reading-manga-novels,blog,旅行中に読みたい漫画＆小説15選｜飛行機・新幹線のお供に,旅行中に読みたいおすすめの漫画・小説を15作品厳選。新幹線の2-3時間、飛行機の長時間移動、旅先の夜にぴったりの作品を紹介。電子書籍と紙の本の使い分けや、乗り物酔い対策も解説します。,12188,0,https://books.kuras-plus.com/blog/travel-reading-manga-novels,"index,follow",true,false,false,false,,index,本文量・独自性ともに index 維持で問題なし。
/blog/ursula-le-guin-fantasy-guide,blog,ル＝グウィン入門｜ゲド戦記だけじゃないSF・ファンタジーの巨匠【全作品ガイド】,アーシュラ・K・ル＝グウィンの全作品を入門者向けに解説。『ゲド戦記』『闇の左手』『所有せざる人々』など代表作から隠れた名作まで。SF・ファンタジー両面から巨匠の魅力を紹介します。,9670,0,https://books.kuras-plus.com/blog/ursula-le-guin-fantasy-guide,"index,follow",true,false,false,false,SF(14件),merge,重複候補グループ SF(14件)。柱記事への統合 or 内部リンク強化を要検討（削除・redirectはしない）。
/blog/adventure-manga-recommendations,blog,冒険漫画おすすめ15選【2026年最新】王道から異世界冒険まで名作を厳選,冒険漫画のおすすめ15選を2026年最新版で紹介。ONE PIECE・鋼の錬金術師など王道冒険活劇から異世界冒険・ダンジョン探索系まで、初心者にも読みやすい名作をジャンル別に厳選しました。,5250,0,https://books.kuras-plus.com/blog/adventure-manga-recommendations,"index,follow",true,false,false,false,異世界(6件),merge,重複候補グループ 異世界(6件)。柱記事への統合 or 内部リンク強化を要検討（削除・redirectはしない）。
/blog/bedtime-reading-short,blog,寝る前に読みたい短編小説おすすめ15選【1話30分で読める癒し本】,寝る前に読みたい短編小説おすすめ15選。1話30分で読める癒しの短編集を厳選。就寝前の読書にぴったりの穏やかな作品から心温まる物語まで、おすすめ本を紹介します。,6092,8,https://books.kuras-plus.com/blog/bedtime-reading-short,"index,follow",true,false,false,false,,index,本文量・独自性ともに index 維持で問題なし。
/blog/completed-isekai-manga,blog,完結済み異世界転生漫画おすすめ15選【追いかけ続ける必要がない名作】,完結済みの異世界転生漫画を15作品厳選。最後まで一気読みできる異世界漫画の名作を紹介。転生・転移・召喚ものの完結作品で、待たずに楽しめるおすすめガイド。,6370,5,https://books.kuras-plus.com/blog/completed-isekai-manga,"index,follow",true,false,false,false,異世界(6件),merge,重複候補グループ 異世界(6件)。柱記事への統合 or 内部リンク強化を要検討（削除・redirectはしない）。
/blog/golden-week-reading-list,blog,ゴールデンウィークに一気読みしたい漫画＆小説20選【2026年連休のお供】,2026年ゴールデンウィークに一気読みしたい漫画と小説を20作品厳選。連休にぴったりの完結済み・短編作品から話題の新作まで、GWの読書におすすめの本を紹介します。,6545,5,https://books.kuras-plus.com/blog/golden-week-reading-list,"index,follow",true,false,false,false,,index,本文量・独自性ともに index 維持で問題なし。
/blog/sf-short-stories-guide,blog,SF短編集おすすめ15選【1話完結で読みやすいSFの世界】,SF短編集のおすすめ15選を紹介。1話完結で読みやすいSF短編の名作を厳選。海外SF・日本SF・テーマ別に、SF初心者にも楽しめる短編集をガイドします。,6362,9,https://books.kuras-plus.com/blog/sf-short-stories-guide,"index,follow",true,false,false,false,SF(14件),merge,重複候補グループ SF(14件)。柱記事への統合 or 内部リンク強化を要検討（削除・redirectはしない）。
/blog/spring-2026-anime-original-manga,blog,2026年春アニメの原作漫画おすすめ12選【放送中作品の原作を読む】,2026年春アニメの原作漫画おすすめ12選。放送中の注目アニメの原作を厳選し、アニメとの違いや読みどころを解説。アニメの続きを原作で先読みしたい方向けのガイド。,6358,4,https://books.kuras-plus.com/blog/spring-2026-anime-original-manga,"index,follow",true,false,false,false,アニメ(8件),merge,重複候補グループ アニメ(8件)。柱記事への統合 or 内部リンク強化を要検討（削除・redirectはしない）。
/blog/western-fantasy-manga,blog,西洋ファンタジー漫画おすすめ15選【中世ヨーロッパ風の世界観に没入】,中世ヨーロッパ風の世界観を持つ西洋ファンタジー漫画おすすめ15選。ハイファンタジーの名作から騎士・魔法・冒険を描く作品まで厳選。西洋風ファンタジーの世界に没入したい方向けガイド。,6542,4,https://books.kuras-plus.com/blog/western-fantasy-manga,"index,follow",true,false,false,false,ファンタジー漫画(4件),merge,重複候補グループ ファンタジー漫画(4件)。柱記事への統合 or 内部リンク強化を要検討（削除・redirectはしない）。
/blog/isekai-sequels-2026-reading-guide,blog,転スラ4期・リゼロ4th放送開始！原作をアニメの続きから読む方法｜2026年異世界系まとめ,転スラ4期・リゼロ4th seasonの原作をアニメの続きから読みたい方向けのガイド。アニメ何期が原作何巻に対応するか、どこから読めばいいかを徹底解説。黄泉のツガイ、あかね噺など2026年春アニメのファンタジー系作品の原作情報もまとめました。,5708,3,https://books.kuras-plus.com/blog/isekai-sequels-2026-reading-guide,"index,follow",true,false,false,false,異世界(6件),merge,重複候補グループ 異世界(6件)。柱記事への統合 or 内部リンク強化を要検討（削除・redirectはしない）。
/blog/akagawa-jiro-recommendations,blog,赤川次郎のおすすめ作品5選！ファン必見の名作を厳選紹介,赤川次郎の代表作・隠れた名作をKindleで読めるおすすめ作品として厳選。あらすじ・魅力・読みどころを詳しく紹介します。,1915,0,https://books.kuras-plus.com/blog/akagawa-jiro-recommendations,"index,follow",true,false,false,false,,index,本文量・独自性ともに index 維持で問題なし。
/blog/dazai-osamu-recommendations,blog,太宰治のおすすめ作品3選！ファン必見の名作を厳選紹介,太宰治の代表作・隠れた名作をKindleで読めるおすすめ作品として厳選。あらすじ・魅力・読みどころを詳しく紹介します。,1599,0,https://books.kuras-plus.com/blog/dazai-osamu-recommendations,"index,follow",true,false,false,false,,index,本文量・独自性ともに index 維持で問題なし。
/blog/imamura-masahiro-recommendations,blog,今村昌弘のおすすめ作品3選！ファン必見の名作を厳選紹介,今村昌弘の代表作・隠れた名作をKindleで読めるおすすめ作品として厳選。あらすじ・魅力・読みどころを詳しく紹介します。,1537,0,https://books.kuras-plus.com/blog/imamura-masahiro-recommendations,"index,follow",true,false,false,false,,index,本文量・独自性ともに index 維持で問題なし。
/blog/itagaki-keisuke-recommendations,blog,板垣恵介のおすすめ作品5選！刃牙シリーズの読む順番も解説,板垣恵介の代表作・刃牙シリーズをKindleで読めるおすすめ作品として厳選。あらすじ・魅力・読みどころ・読む順番を詳しく紹介します。,1813,0,https://books.kuras-plus.com/blog/itagaki-keisuke-recommendations,"index,follow",true,false,false,false,,index,本文量・独自性ともに index 維持で問題なし。
/blog/kaneshiro-muneyuki-recommendations,blog,金城宗幸のおすすめ作品4選！ファン必見の名作を厳選紹介,金城宗幸の代表作・隠れた名作をKindleで読めるおすすめ作品として厳選。あらすじ・魅力・読みどころを詳しく紹介します。,1777,0,https://books.kuras-plus.com/blog/kaneshiro-muneyuki-recommendations,"index,follow",true,false,false,false,,index,本文量・独自性ともに index 維持で問題なし。
/blog/narita-ryougo-recommendations,blog,成田良悟のおすすめ作品3選！ファン必見の名作を厳選紹介,成田良悟の代表作・隠れた名作をKindleで読めるおすすめ作品として厳選。あらすじ・魅力・読みどころを詳しく紹介します。,1521,0,https://books.kuras-plus.com/blog/narita-ryougo-recommendations,"index,follow",true,false,false,false,,index,本文量・独自性ともに index 維持で問題なし。
/blog/ohba-tsugumi-recommendations,blog,大場つぐみのおすすめ作品2選！DEATH NOTEとバクマン。の魅力を徹底紹介,大場つぐみの代表作DEATH NOTEとバクマン。をKindleで読めるおすすめ作品として厳選。あらすじ・魅力・読みどころを詳しく紹介します。,1294,0,https://books.kuras-plus.com/blog/ohba-tsugumi-recommendations,"index,follow",true,false,false,false,,index,本文量・独自性ともに index 維持で問題なし。
/blog/takahashi-rumiko-recommendations,blog,高橋留美子のおすすめ作品4選！ファン必見の名作を厳選紹介,高橋留美子の代表作・隠れた名作をKindleで読めるおすすめ作品として厳選。あらすじ・魅力・読みどころを詳しく紹介します。,1832,0,https://books.kuras-plus.com/blog/takahashi-rumiko-recommendations,"index,follow",true,false,false,false,,index,本文量・独自性ともに index 維持で問題なし。
/blog/urasawa-naoki-recommendations,blog,浦沢直樹のおすすめ作品5選！ファン必見の名作を厳選紹介,浦沢直樹の代表作・隠れた名作をKindleで読めるおすすめ作品として厳選。あらすじ・魅力・読みどころを詳しく紹介します。,1938,0,https://books.kuras-plus.com/blog/urasawa-naoki-recommendations,"index,follow",true,false,false,false,,index,本文量・独自性ともに index 維持で問題なし。
/blog/yamamoto-hiroshi-recommendations,blog,山本弘のおすすめ作品4選！ファン必見の名作を厳選紹介,山本弘の代表作・隠れた名作をKindleで読めるおすすめ作品として厳選。あらすじ・魅力・読みどころを詳しく紹介します。,1578,0,https://books.kuras-plus.com/blog/yamamoto-hiroshi-recommendations,"index,follow",true,false,false,false,,index,本文量・独自性ともに index 維持で問題なし。
/blog/arakawa-hiromu-manga-recommendations,blog,荒川弘おすすめ漫画ランキング【代表作から隠れた名作まで】,荒川弘の漫画おすすめ作品をランキング形式で紹介。代表作から隠れた名作まで、各作品の魅力と読む順番を丁寧に解説します。,3024,4,https://books.kuras-plus.com/blog/arakawa-hiromu-manga-recommendations,"index,follow",true,false,false,false,ランキング(36件),merge,重複候補グループ ランキング(36件)。柱記事への統合 or 内部リンク強化を要検討（削除・redirectはしない）。
/blog/asano-inio-manga-recommendations,blog,浅野いにおおすすめ漫画ランキング【代表作から隠れた名作まで】,浅野いにおの漫画おすすめ作品をランキング形式で紹介。代表作から隠れた名作まで、各作品の魅力と読む順番を丁寧に解説します。,3194,2,https://books.kuras-plus.com/blog/asano-inio-manga-recommendations,"index,follow",true,false,false,false,ランキング(36件),merge,重複候補グループ ランキング(36件)。柱記事への統合 or 内部リンク強化を要検討（削除・redirectはしない）。
/blog/episodic-manga-recommendations,blog,一話完結漫画おすすめ15選【2026年】短時間で読める名作を厳選,一話完結で楽しめるおすすめ漫画を15作品厳選紹介。通勤・通学のスキマ時間に読める作品から、各話独立型の長編漫画まで。ギャグ・感動・ホラー・SFのジャンル別に、読み切り感覚で楽しめる名作を解説します。,5050,0,https://books.kuras-plus.com/blog/episodic-manga-recommendations,"index,follow",true,false,false,false,,index,本文量・独自性ともに index 維持で問題なし。
/blog/fantasy-for-beginners,blog,ファンタジー小説初心者おすすめ｜魔法の世界へようこそ傑作10選,ファンタジー初心者向けおすすめ小説10選。複雑な世界観もなく、没入感抜群のファンタジーで想像力を無限に広げましょう。最初の1冊の選び方から読む順番まで、初めての人が迷わず選べるよう詳しく解説します。,6099,0,https://books.kuras-plus.com/blog/fantasy-for-beginners,"index,follow",true,false,false,false,初心者(21件),merge,重複候補グループ 初心者(21件)。柱記事への統合 or 内部リンク強化を要検討（削除・redirectはしない）。
/blog/fujita-kazuhiro-manga-recommendations,blog,藤田和日郎おすすめ漫画ランキング【代表作から隠れた名作まで】,藤田和日郎の漫画おすすめ作品をランキング形式で紹介。代表作から隠れた名作まで、各作品の魅力と読む順番を丁寧に解説します。,3082,2,https://books.kuras-plus.com/blog/fujita-kazuhiro-manga-recommendations,"index,follow",true,false,false,false,ランキング(36件),merge,重複候補グループ ランキング(36件)。柱記事への統合 or 内部リンク強化を要検討（削除・redirectはしない）。
/blog/inoue-takehiko-manga-recommendations,blog,井上雄彦おすすめ漫画ランキング【代表作から隠れた名作まで】,井上雄彦の漫画おすすめ作品をランキング形式で紹介。代表作から隠れた名作まで、各作品の魅力と読む順番を丁寧に解説します。,2778,3,https://books.kuras-plus.com/blog/inoue-takehiko-manga-recommendations,"index,follow",true,false,false,false,ランキング(36件),merge,重複候補グループ ランキング(36件)。柱記事への統合 or 内部リンク強化を要検討（削除・redirectはしない）。
/blog/kyogoku-natsuhiko-books,blog,京極夏彦おすすめ作品ランキング【初心者から読める名作】,京極夏彦のおすすめ作品をランキング形式で詳しく紹介。初心者でも読みやすい名作から代表作まで、各作品の魅力・読む順番・選び方を丁寧に解説します。,3157,6,https://books.kuras-plus.com/blog/kyogoku-natsuhiko-books,"index,follow",true,false,false,false,ランキング(36件),merge,重複候補グループ ランキング(36件)。柱記事への統合 or 内部リンク強化を要検討（削除・redirectはしない）。
/blog/magic-fantasy-novel-recommendations,blog,魔法小説おすすめ12選｜ファンタジー小説で魔法の世界へ【2026年版】,魔法小説・ファンタジー小説のおすすめを12作品厳選。ハリー・ポッター、十二国記、守り人シリーズなど王道から、和風ファンタジー・海外ファンタジーまで。魔法系小説の選び方と読みどころを詳しく紹介。初心者にもおすすめのファンタジー入門ガイド付き。,4326,0,https://books.kuras-plus.com/blog/magic-fantasy-novel-recommendations,"index,follow",true,false,false,false,,index,本文量・独自性ともに index 維持で問題なし。
/blog/miyabe-miyuki-books,blog,宮部みゆきおすすめ作品ランキング【初心者から読める名作】,宮部みゆきのおすすめ作品をランキング形式で詳しく紹介。初心者でも読みやすい名作から代表作まで、各作品の魅力・読む順番・選び方を丁寧に解説します。,3461,7,https://books.kuras-plus.com/blog/miyabe-miyuki-books,"index,follow",true,false,false,false,ランキング(36件),merge,重複候補グループ ランキング(36件)。柱記事への統合 or 内部リンク強化を要検討（削除・redirectはしない）。
/blog/mori-hiroshi-books,blog,森博嗣おすすめ作品ランキング【初心者から読める名作】,森博嗣のおすすめ作品をランキング形式で詳しく紹介。初心者でも読みやすい名作から代表作まで、各作品の魅力・読む順番・選び方を丁寧に解説します。,3431,6,https://books.kuras-plus.com/blog/mori-hiroshi-books,"index,follow",true,false,false,false,ランキング(36件),merge,重複候補グループ ランキング(36件)。柱記事への統合 or 内部リンク強化を要検討（削除・redirectはしない）。
/blog/onda-riku-books,blog,恩田陸おすすめ作品ランキング【初心者から読める名作】,恩田陸のおすすめ作品をランキング形式で詳しく紹介。初心者でも読みやすい名作から代表作まで、各作品の魅力・読む順番・選び方を丁寧に解説します。,3371,4,https://books.kuras-plus.com/blog/onda-riku-books,"index,follow",true,false,false,false,ランキング(36件),merge,重複候補グループ ランキング(36件)。柱記事への統合 or 内部リンク強化を要検討（削除・redirectはしない）。
/blog/sf-for-beginners,blog,科学小説おすすめ｜SF初心者でも楽しめる傑作10選＋日本の名作,科学小説・SF小説のおすすめを厳選紹介。ハードSFとソフトSFの違い、日本の科学小説の名作（伊藤計劃・小川一水・野尻抱介）、2026年の話題作まで。SF初心者が最初の1冊を選べるガイド付き。,7335,0,https://books.kuras-plus.com/blog/sf-for-beginners,"index,follow",true,false,false,false,SF(14件),merge,重複候補グループ SF(14件)。柱記事への統合 or 内部リンク強化を要検討（削除・redirectはしない）。
/blog/takahashi-rumiko-manga-recommendations,blog,高橋留美子おすすめ漫画ランキング【代表作から隠れた名作まで】,高橋留美子の漫画おすすめ作品をランキング形式で紹介。代表作から隠れた名作まで、各作品の魅力と読む順番を丁寧に解説します。,3246,4,https://books.kuras-plus.com/blog/takahashi-rumiko-manga-recommendations,"index,follow",true,false,false,false,ランキング(36件),merge,重複候補グループ ランキング(36件)。柱記事への統合 or 内部リンク強化を要検討（削除・redirectはしない）。
/blog/yonezawa-honobu-books,blog,米澤穂信おすすめ作品ランキング【初心者から読める名作】,米澤穂信のおすすめ作品をランキング形式で詳しく紹介。初心者でも読みやすい名作から代表作まで、各作品の魅力・読む順番・選び方を丁寧に解説します。,3588,6,https://books.kuras-plus.com/blog/yonezawa-honobu-books,"index,follow",true,false,false,false,ランキング(36件),merge,重複候補グループ ランキング(36件)。柱記事への統合 or 内部リンク強化を要検討（削除・redirectはしない）。
/blog/spring-anime-2026-original-manga,blog,2026年春アニメ原作漫画・ラノベ完全ガイド｜全60作品の原作を一覧チェック,2026年春アニメ全60作品の原作漫画・ラノベを網羅的に紹介。転スラ4期、リゼロ4th、あかね噺など注目作の原作情報をカテゴリ別にまとめました。アニメの続きを原作で読みたい方、放送前に予習したい方に向けた完全ガイドです。,6774,0,https://books.kuras-plus.com/blog/spring-anime-2026-original-manga,"index,follow",true,false,false,false,アニメ(8件),merge,重複候補グループ アニメ(8件)。柱記事への統合 or 内部リンク強化を要検討（削除・redirectはしない）。
/blog/movie-adapted-novels,blog,映画化・映像化された小説おすすめ30選【2026年最新】原作を読もう,映画・ドラマ化された小説おすすめ30作品を、ジャンル・読みやすさ・映像化の話題性をもとに紹介。映像作品を観て気になったら原作も読んでみよう。映像化小説を一括検索できるツールも無料公開中。,11674,2,https://books.kuras-plus.com/blog/movie-adapted-novels,"index,follow",true,false,true,true,,protect,GA4実績ありの保護対象。index維持・内容強化・内部リンク強化。
/blog/trending-novels-2026,blog,2026年 今話題の小説おすすめ20選【映画化・SNS人気・ベストセラー】,2026年に注目される話題の小説20冊を厳選。映画化・SNS人気・定番評価をもとに、読書初心者でも失敗しにくい選び方とおすすめを解説します。各作品のあらすじ・選んだ理由・読後感を詳しく解説。あなたの目的に合った1冊が必ず見つかります。,7665,0,https://books.kuras-plus.com/blog/trending-novels-2026,"index,follow",true,false,true,true,,protect,GA4実績ありの保護対象。index維持・内容強化・内部リンク強化。
/blog/economics-books-recommendations,blog,経済のおすすめ本10選｜ニュースの見方が変わる入門書を厳選,経済のおすすめ本を目的別・読みやすさ別に厳選。難しい教科書ではなく、ニュースの見方が変わる・お金の仕組みが理解できる入門書を10冊紹介します。最初の1冊の選び方から読む順番まで、初めての人が迷わず選べるよう詳しく解説します。,4577,0,https://books.kuras-plus.com/blog/economics-books-recommendations,"index,follow",true,false,false,false,,index,本文量・独自性ともに index 維持で問題なし。
/blog/2026-first-half-bestseller-picks,blog,2026年おすすめ本20選｜編集部が実際に読んで厳選した今年の一冊,2026年に読むべきおすすめ本を編集部が厳選。ミステリー・文芸・SF・漫画まで、実際に読んで選んだ20冊を読後感・選定理由とともに詳しく紹介します。「本 おすすめ 2026」で迷ったらこの記事から。,5162,0,https://books.kuras-plus.com/blog/2026-first-half-bestseller-picks,"index,follow",true,false,false,false,,index,本文量・独自性ともに index 維持で問題なし。
/blog/movie-adaptations-2026,blog,【2026年版】映像化された小説・漫画おすすめ一覧｜映画・ドラマ・アニメ原作,2026年に映画・ドラマ・アニメ化された小説や漫画の原作を一覧で紹介。プロジェクト・ヘイル・メアリー、クスノキの番人など話題作の原作情報をまとめました。ジャンル・難易度別に解説。選び方のポイントと各作品の読みどころも詳しく紹介します。,5534,5,https://books.kuras-plus.com/blog/movie-adaptations-2026,"index,follow",true,false,false,false,,index,本文量・独自性ともに index 維持で問題なし。
/blog/higashino-keigo-reading-order,blog,東野圭吾の読む順番完全ガイド｜初心者でもわかるおすすめの読み方,東野圭吾の全作品を読んできた編集部が、初心者から上級者まで最適な読書順を解説。ガリレオシリーズ・加賀恭一郎シリーズ別に、読んだ感想とともに紹介します。容疑者Xの献身・白夜行など代表作を完全網羅。,4972,0,https://books.kuras-plus.com/blog/higashino-keigo-reading-order,"index,follow",true,false,false,false,初心者(21件),merge,重複候補グループ 初心者(21件)。柱記事への統合 or 内部リンク強化を要検討（削除・redirectはしない）。
/blog/isaka-kotaro-reading-order,blog,伊坂幸太郎の読む順番完全ガイド｜初心者でもわかるおすすめの読み方,伊坂幸太郎の全作品を読んできた編集部が、初心者から上級者まで最適な読書順を解説。シリーズもの・スタンドアローン作品別に、読んだ感想とともに紹介します。アヒルと鴨・重力ピエロ・ゴールデンスランバーなど代表作を完全網羅。,4771,0,https://books.kuras-plus.com/blog/isaka-kotaro-reading-order,"index,follow",true,false,false,false,初心者(21件),merge,重複候補グループ 初心者(21件)。柱記事への統合 or 内部リンク強化を要検討（削除・redirectはしない）。
/blog/miyabe-miyuki-reading-order,blog,宮部みゆきの読む順番完全ガイド｜初心者でもわかるおすすめの読み方,宮部みゆきの全作品を読んできた編集部が、初心者から上級者まで最適な読書順を解説。シリーズもの・スタンドアローン作品別に、読んだ感想とともに紹介します。火車・模倣犯・ソロモンの偽証など代表作を完全網羅。,5121,0,https://books.kuras-plus.com/blog/miyabe-miyuki-reading-order,"index,follow",true,false,false,false,初心者(21件),merge,重複候補グループ 初心者(21件)。柱記事への統合 or 内部リンク強化を要検討（削除・redirectはしない）。
/blog/murakami-haruki-reading-order,blog,村上春樹の読む順番完全ガイド｜初心者でもわかるおすすめの読み方,村上春樹の全作品を読んできた編集部が、初心者から上級者まで最適な読書順を解説。シリーズもの・スタンドアローン作品別に、読んだ感想とともに紹介します。ノルウェイの森・1Q84・ねじまき鳥クロニクルなど代表作を完全網羅。,4939,0,https://books.kuras-plus.com/blog/murakami-haruki-reading-order,"index,follow",true,false,false,false,初心者(21件),merge,重複候補グループ 初心者(21件)。柱記事への統合 or 内部リンク強化を要検討（削除・redirectはしない）。
/blog/dark-fantasy-manga,blog,ダークファンタジー漫画おすすめ10選｜重厚な世界観と不穏な雰囲気を描く傑作,ダークファンタジー漫画の人気作品を厳選。中世的な世界観、複雑な政治劇、そして暗い運命に立ち向かう主人公たちの物語をご紹介。各作品の特徴・見どころ・対象読者を詳しく解説。電子書籍の無料試し読み情報もあわせて紹介します。,6056,0,https://books.kuras-plus.com/blog/dark-fantasy-manga,"index,follow",true,false,false,false,ファンタジー漫画(4件),merge,重複候補グループ ファンタジー漫画(4件)。柱記事への統合 or 内部リンク強化を要検討（削除・redirectはしない）。
/blog/isekai-manga-recommendations,blog,異世界漫画おすすめ10選｜人気の転移・転生タイトルを厳選,人気の異世界漫画を厳選して10作品紹介。転移、転生、召喚など様々な異世界ストーリーをランキング形式で解説します。各作品の特徴・見どころ・対象読者を詳しく解説。電子書籍の無料試し読み情報もあわせて紹介します。,7774,0,https://books.kuras-plus.com/blog/isekai-manga-recommendations,"index,follow",true,false,false,false,異世界(6件),merge,重複候補グループ 異世界(6件)。柱記事への統合 or 内部リンク強化を要検討（削除・redirectはしない）。
/blog/2026-adaptation-original-books,blog,2026年映像化決定・公開予定の原作本一覧｜映画・ドラマ・アニメ別まとめ,2026年に映画・ドラマ・アニメ化が決定・公開予定の原作本を網羅的に一覧紹介。映画・ドラマ・アニメのカテゴリ別に公開時期・放送時期とともにまとめました。ジャンル・難易度別に解説。選び方のポイントと各作品の読みどころも詳しく紹介します。,3711,3,https://books.kuras-plus.com/blog/2026-adaptation-original-books,"index,follow",true,false,true,true,,protect,GA4実績ありの保護対象。index維持・内容強化・内部リンク強化。
/blog/afternoon-manga-recommendations,blog,アフタヌーンのおすすめ漫画ランキング【名作から新連載まで】,アフタヌーン連載のおすすめ漫画を厳選紹介。歴代名作から今読むべき注目の新連載まで、各作品のジャンル・読みやすさ・あらすじを詳しく解説します。,3884,0,https://books.kuras-plus.com/blog/afternoon-manga-recommendations,"index,follow",true,false,false,false,ランキング(36件),merge,重複候補グループ ランキング(36件)。柱記事への統合 or 内部リンク強化を要検討（削除・redirectはしない）。
/blog/arikawa-hiro-recommendations,blog,有川ひろおすすめ作品ランキング【初心者から読める名作】,有川ひろのおすすめ作品をランキング形式で詳しく紹介。初心者でも読みやすい名作から代表作まで、各作品の魅力・読む順番・選び方を丁寧に解説します。,3364,3,https://books.kuras-plus.com/blog/arikawa-hiro-recommendations,"index,follow",true,false,false,false,ランキング(36件),merge,重複候補グループ ランキング(36件)。柱記事への統合 or 内部リンク強化を要検討（削除・redirectはしない）。
/blog/asai-ryo-recommendations,blog,朝井リョウおすすめ作品ランキング【初心者から読める名作】,朝井リョウのおすすめ作品をランキング形式で詳しく紹介。初心者でも読みやすい名作から代表作まで、各作品の魅力・読む順番・選び方を丁寧に解説します。,3464,3,https://books.kuras-plus.com/blog/asai-ryo-recommendations,"index,follow",true,false,false,false,ランキング(36件),merge,重複候補グループ ランキング(36件)。柱記事への統合 or 内部リンク強化を要検討（削除・redirectはしない）。
/blog/big-comic-spirits-manga-recommendations,blog,ビッグコミックスピリッツのおすすめ漫画ランキング【名作から新連載まで】,ビッグコミックスピリッツ連載のおすすめ漫画を厳選紹介。歴代名作から今読むべき注目の新連載まで、各作品のジャンル・読みやすさ・あらすじを詳しく解説します。,3621,0,https://books.kuras-plus.com/blog/big-comic-spirits-manga-recommendations,"index,follow",true,false,false,false,ランキング(36件),merge,重複候補グループ ランキング(36件)。柱記事への統合 or 内部リンク強化を要検討（削除・redirectはしない）。
/blog/book-search-tips,blog,本が見つからない時の探し方5選｜タイトルが思い出せない本も見つかる,読みたい本が見つからない、タイトルが思い出せない——そんな時に使える本の探し方を5つ紹介。検索のコツからツール活用法まで。ジャンル・難易度別に解説。選び方のポイントと各作品の読みどころも詳しく紹介します。,4016,23,https://books.kuras-plus.com/blog/book-search-tips,"index,follow",true,false,false,false,,index,本文量・独自性ともに index 維持で問題なし。
/blog/find-original-books-from-movies,blog,映画・ドラマ・アニメの原作本の探し方｜映像から本の世界へ,映画やドラマ、アニメを見て原作が気になったら。映像作品から原作小説・漫画を見つける方法と、原作を読む魅力を解説します。ジャンル・難易度別に解説。選び方のポイントと各作品の読みどころも詳しく紹介します。,3380,10,https://books.kuras-plus.com/blog/find-original-books-from-movies,"index,follow",true,false,false,false,アニメ(8件),merge,重複候補グループ アニメ(8件)。柱記事への統合 or 内部リンク強化を要検討（削除・redirectはしない）。
/blog/gekkan-shonen-magazine-manga-recommendations,blog,月刊少年マガジン・別冊少年マガジンのおすすめ漫画ランキング【名作から新連載まで】,月刊少年マガジン・別冊少年マガジン連載のおすすめ漫画を厳選紹介。歴代名作から今読むべき注目の新連載まで、各作品のジャンル・読みやすさ・あらすじを詳しく解説します。,3660,0,https://books.kuras-plus.com/blog/gekkan-shonen-magazine-manga-recommendations,"index,follow",true,false,false,false,ランキング(36件),merge,重複候補グループ ランキング(36件)。柱記事への統合 or 内部リンク強化を要検討（削除・redirectはしない）。
/blog/hana-to-yume-manga-recommendations,blog,花とゆめ・LaLaのおすすめ漫画ランキング【名作から新連載まで】,花とゆめ・LaLa連載のおすすめ漫画を厳選紹介。歴代名作から今読むべき注目の新連載まで、各作品のジャンル・読みやすさ・あらすじを詳しく解説します。,4058,0,https://books.kuras-plus.com/blog/hana-to-yume-manga-recommendations,"index,follow",true,false,false,false,ランキング(36件),merge,重複候補グループ ランキング(36件)。柱記事への統合 or 内部リンク強化を要検討（削除・redirectはしない）。
/blog/how-to-find-books-by-mood,blog,気分で本を探す方法｜「何か読みたい」を具体化する8つのアプローチ,何か読みたいけど何を読めばいいかわからない——そんな時に使える「気分から本を探す」方法を8つの感情タイプ別に解説。自分の今の気持ちにぴったりの1冊が見つかります。,4294,25,https://books.kuras-plus.com/blog/how-to-find-books-by-mood,"index,follow",true,false,false,false,,index,本文量・独自性ともに index 維持で問題なし。
/blog/ikeido-jun-recommendations,blog,池井戸潤おすすめ作品ランキング【初心者から読める名作】,池井戸潤のおすすめ作品をランキング形式で詳しく紹介。初心者でも読みやすい名作から代表作まで、各作品の魅力・読む順番・選び方を丁寧に解説します。,3459,3,https://books.kuras-plus.com/blog/ikeido-jun-recommendations,"index,follow",true,false,false,false,ランキング(36件),merge,重複候補グループ ランキング(36件)。柱記事への統合 or 内部リンク強化を要検討（削除・redirectはしない）。
/blog/kinobes-2026-award-books,blog,キノベス2026受賞作品まとめ｜紀伊國屋書店スタッフが選んだ今年の最注目本,キノベス2026（紀伊國屋書店スタッフおすすめベスト30）の受賞作品を一覧で紹介。各作品の概要・おすすめポイント・ジャンルを解説します。ジャンル・難易度別に解説。選び方のポイントと各作品の読みどころも詳しく紹介します。,3163,1,https://books.kuras-plus.com/blog/kinobes-2026-award-books,"index,follow",true,false,false,false,,index,本文量・独自性ともに index 維持で問題なし。
/blog/margaret-manga-recommendations,blog,マーガレット・Cookieのおすすめ漫画ランキング【名作から新連載まで】,マーガレット・Cookie連載のおすすめ漫画を厳選紹介。歴代名作から今読むべき注目の新連載まで、各作品のジャンル・読みやすさ・あらすじを詳しく解説します。,4212,0,https://books.kuras-plus.com/blog/margaret-manga-recommendations,"index,follow",true,false,false,false,ランキング(36件),merge,重複候補グループ ランキング(36件)。柱記事への統合 or 内部リンク強化を要検討（削除・redirectはしない）。
/blog/miura-shion-recommendations,blog,三浦しをんおすすめ作品ランキング【初心者から読める名作】,三浦しをんのおすすめ作品をランキング形式で詳しく紹介。初心者でも読みやすい名作から代表作まで、各作品の魅力・読む順番・選び方を丁寧に解説します。,3448,3,https://books.kuras-plus.com/blog/miura-shion-recommendations,"index,follow",true,false,false,false,ランキング(36件),merge,重複候補グループ ランキング(36件)。柱記事への統合 or 内部リンク強化を要検討（削除・redirectはしない）。
/blog/morimi-tomihiko-recommendations,blog,森見登美彦おすすめ作品ランキング【初心者から読める名作】,森見登美彦のおすすめ作品をランキング形式で詳しく紹介。初心者でも読みやすい名作から代表作まで、各作品の魅力・読む順番・選び方を丁寧に解説します。,3405,3,https://books.kuras-plus.com/blog/morimi-tomihiko-recommendations,"index,follow",true,false,false,false,ランキング(36件),merge,重複候補グループ ランキング(36件)。柱記事への統合 or 内部リンク強化を要検討（削除・redirectはしない）。
/blog/morning-manga-recommendations,blog,モーニングのおすすめ漫画ランキング【名作から新連載まで】,モーニング連載のおすすめ漫画を厳選紹介。歴代名作から今読むべき注目の新連載まで、各作品のジャンル・読みやすさ・あらすじを詳しく解説します。,3576,0,https://books.kuras-plus.com/blog/morning-manga-recommendations,"index,follow",true,false,false,false,ランキング(36件),merge,重複候補グループ ランキング(36件)。柱記事への統合 or 内部リンク強化を要検討（削除・redirectはしない）。
/blog/nagira-yu-recommendations,blog,凪良ゆうおすすめ作品ランキング【初心者から読める名作】,凪良ゆうのおすすめ作品をランキング形式で詳しく紹介。初心者でも読みやすい名作から代表作まで、各作品の魅力・読む順番・選び方を丁寧に解説します。,3508,3,https://books.kuras-plus.com/blog/nagira-yu-recommendations,"index,follow",true,false,false,false,ランキング(36件),merge,重複候補グループ ランキング(36件)。柱記事への統合 or 内部リンク強化を要検討（削除・redirectはしない）。
/blog/onda-riku-recommendations,blog,恩田陸おすすめ作品ランキング【初心者から読める名作】,恩田陸のおすすめ作品をランキング形式で詳しく紹介。初心者でも読みやすい名作から代表作まで、各作品の魅力・読む順番・選び方を丁寧に解説します。,3262,3,https://books.kuras-plus.com/blog/onda-riku-recommendations,"index,follow",true,false,false,false,ランキング(36件),merge,重複候補グループ ランキング(36件)。柱記事への統合 or 内部リンク強化を要検討（削除・redirectはしない）。
/blog/reading-scene-guide,blog,読書シーン別おすすめ本ガイド｜通勤・寝る前・休日…状況にぴったりの1冊,通勤電車、寝る前、カフェ、休日の一気読み——読書シーンごとに最適な本の選び方を解説。あなたの生活パターンに合う本が見つかります。ジャンル・難易度別に解説。選び方のポイントと各作品の読みどころも詳しく紹介します。,4063,26,https://books.kuras-plus.com/blog/reading-scene-guide,"index,follow",true,false,false,false,,index,本文量・独自性ともに index 維持で問題なし。
/blog/trending-books-by-theme,blog,今読むべき本をテーマで選ぶ｜AI・経済・教育…関心トピック別ブックガイド,AI、経済、教育、心理学——今気になるテーマから本を探す方法。初心者・中級・上級の3段階レベルで最適な1冊が見つかります。ジャンル・難易度別に解説。選び方のポイントと各作品の読みどころも詳しく紹介します。,3833,7,https://books.kuras-plus.com/blog/trending-books-by-theme,"index,follow",true,false,false,false,,index,本文量・独自性ともに index 維持で問題なし。
/blog/weekly-shonen-jump-manga-recommendations,blog,週刊少年ジャンプのおすすめ漫画ランキング【名作から新連載まで】,週刊少年ジャンプ連載のおすすめ漫画を厳選紹介。歴代名作から今読むべき注目の新連載まで、各作品のジャンル・読みやすさ・あらすじを詳しく解説します。,3919,0,https://books.kuras-plus.com/blog/weekly-shonen-jump-manga-recommendations,"index,follow",true,false,false,false,ランキング(36件),merge,重複候補グループ ランキング(36件)。柱記事への統合 or 内部リンク強化を要検討（削除・redirectはしない）。
/blog/weekly-shonen-magazine-manga-recommendations,blog,週刊少年マガジンのおすすめ漫画ランキング【名作から新連載まで】,週刊少年マガジン連載のおすすめ漫画を厳選紹介。歴代名作から今読むべき注目の新連載まで、各作品のジャンル・読みやすさ・あらすじを詳しく解説します。,3771,0,https://books.kuras-plus.com/blog/weekly-shonen-magazine-manga-recommendations,"index,follow",true,false,false,false,ランキング(36件),merge,重複候補グループ ランキング(36件)。柱記事への統合 or 内部リンク強化を要検討（削除・redirectはしない）。
/blog/weekly-shonen-sunday-manga-recommendations,blog,週刊少年サンデーのおすすめ漫画ランキング【名作から新連載まで】,週刊少年サンデー連載のおすすめ漫画を厳選紹介。歴代名作から今読むべき注目の新連載まで、各作品のジャンル・読みやすさ・あらすじを詳しく解説します。,3644,0,https://books.kuras-plus.com/blog/weekly-shonen-sunday-manga-recommendations,"index,follow",true,false,false,false,ランキング(36件),merge,重複候補グループ ランキング(36件)。柱記事への統合 or 内部リンク強化を要検討（削除・redirectはしない）。
/blog/weekly-young-jump-manga-recommendations,blog,ヤングジャンプのおすすめ漫画ランキング【名作から新連載まで】,ヤングジャンプ連載のおすすめ漫画を厳選紹介。歴代名作から今読むべき注目の新連載まで、各作品のジャンル・読みやすさ・あらすじを詳しく解説します。,3549,0,https://books.kuras-plus.com/blog/weekly-young-jump-manga-recommendations,"index,follow",true,false,false,false,ランキング(36件),merge,重複候補グループ ランキング(36件)。柱記事への統合 or 内部リンク強化を要検討（削除・redirectはしない）。
/blog/nishi-kanako-recommendations,blog,西加奈子おすすめ作品ランキング【初心者から読める名作】,西加奈子のおすすめ作品をランキング形式で詳しく紹介。初心者でも読みやすい名作から代表作まで、各作品の魅力・読む順番・選び方を丁寧に解説します。,2565,0,https://books.kuras-plus.com/blog/nishi-kanako-recommendations,"index,follow",true,false,false,false,ランキング(36件),merge,重複候補グループ ランキング(36件)。柱記事への統合 or 内部リンク強化を要検討（削除・redirectはしない）。
/blog/okuda-hideo-recommendations,blog,奥田英朗おすすめ作品ランキング【初心者から読める名作】,奥田英朗のおすすめ作品をランキング形式で詳しく紹介。初心者でも読みやすい名作から代表作まで、各作品の魅力・読む順番・選び方を丁寧に解説します。,2674,0,https://books.kuras-plus.com/blog/okuda-hideo-recommendations,"index,follow",true,false,false,false,ランキング(36件),merge,重複候補グループ ランキング(36件)。柱記事への統合 or 内部リンク強化を要検討（削除・redirectはしない）。
/blog/elementary-school-books-recommendations,blog,小学生におすすめの本20選｜学年別に読書好きになる名作を厳選,小学生におすすめの本を20冊厳選。低学年・中学年・高学年の学年別に、読書感想文にも使える名作を紹介。こどもの読書週間（4/23〜5/12）に合わせた読書ガイドです。,9400,2,https://books.kuras-plus.com/blog/elementary-school-books-recommendations,"index,follow",true,false,false,false,,index,本文量・独自性ともに index 維持で問題なし。
/blog/new-life-spring-books,blog,新生活に読みたい本15選｜春から始める大人の読書習慣,新生活を迎える春に読みたい本を15冊厳選。不安を和らげるエッセイ、仕事の意欲を高めるビジネス書、一人暮らしの夜に寄り添う小説まで、4月から読書習慣を始めたい方へ。,6963,2,https://books.kuras-plus.com/blog/new-life-spring-books,"index,follow",true,false,false,false,,index,本文量・独自性ともに index 維持で問題なし。
/blog/school-entrance-gift-books,blog,入学・進学祝いに贈る本おすすめ15選｜小学校から大学まで年齢別ガイド,"入学祝い・進学祝いに喜ばれる本を15冊厳選。小学校入学から中学・高校・大学まで年齢別に紹介。予算1,000〜3,000円で贈れる、一生の宝物になる本の選び方。",8314,2,https://books.kuras-plus.com/blog/school-entrance-gift-books,"index,follow",true,false,false,false,,index,本文量・独自性ともに index 維持で問題なし。
/blog/michio-shusuke-recommendations,blog,道尾秀介のおすすめ作品7選｜初心者は何から読む？入門ガイド,道尾秀介のおすすめ作品を初心者向けに厳選。何から読むか迷う人向けに、代表作7冊の特徴・向いている読者・読む順番をネタバレなしで解説します。ジャンル・難易度別に解説。選び方のポイントと各作品の読みどころも詳しく紹介します。,6525,3,https://books.kuras-plus.com/blog/michio-shusuke-recommendations,"index,follow",true,false,false,false,初心者(21件),merge,重複候補グループ 初心者(21件)。柱記事への統合 or 内部リンク強化を要検討（削除・redirectはしない）。
/blog/mori-hiroshi-recommendations,blog,森博嗣のおすすめ作品7選｜初心者は何から読む？S&Mシリーズ入門,森博嗣のおすすめ作品を初心者向けに厳選。S&Mシリーズを中心に、何から読むか迷う人向けに代表作7冊の特徴・向いている読者・読み進め方をネタバレなしで解説します。,7719,3,https://books.kuras-plus.com/blog/mori-hiroshi-recommendations,"index,follow",true,false,false,false,初心者(21件),merge,重複候補グループ 初心者(21件)。柱記事への統合 or 内部リンク強化を要検討（削除・redirectはしない）。
/blog/mystery-authors-guide,blog,ミステリー作家おすすめ総まとめ｜初心者向けに作風別でわかる入門ガイド,これまで追加したミステリー作家の記事を一覧化。海外古典・本格・社会派・どんでん返し系まで、作風別に次に読む作家を選びやすく整理しました。ジャンル・難易度別に解説。選び方のポイントと各作品の読みどころも詳しく紹介します。,6812,25,https://books.kuras-plus.com/blog/mystery-authors-guide,"index,follow",true,false,false,false,ミステリー(19件),merge,重複候補グループ ミステリー(19件)。柱記事への統合 or 内部リンク強化を要検討（削除・redirectはしない）。
/blog/nakayama-shichiri-recommendations,blog,中山七里のおすすめ作品7選｜初心者は何から読む？どんでん返し系ミステリー入門,中山七里のおすすめ作品を初心者向けに厳選。何から読むか迷う人向けに、代表作7冊の特徴・向いている読者・読み進め方をネタバレなしで解説します。ジャンル・難易度別に解説。選び方のポイントと各作品の読みどころも詳しく紹介します。,9279,3,https://books.kuras-plus.com/blog/nakayama-shichiri-recommendations,"index,follow",true,false,false,false,ミステリー(19件),merge,重複候補グループ ミステリー(19件)。柱記事への統合 or 内部リンク強化を要検討（削除・redirectはしない）。
/blog/shimada-soji-recommendations,blog,島田荘司のおすすめ作品7選｜初心者は何から読む？御手洗潔シリーズ入門,島田荘司のおすすめ作品を初心者向けに厳選。御手洗潔シリーズを中心に、何から読むか迷う人向けに代表作7冊の特徴・向いている読者・読む順番をネタバレなしで解説します。,7607,3,https://books.kuras-plus.com/blog/shimada-soji-recommendations,"index,follow",true,false,false,false,初心者(21件),merge,重複候補グループ 初心者(21件)。柱記事への統合 or 内部リンク強化を要検討（削除・redirectはしない）。
/blog/matsumoto-seicho-reading-order,blog,松本清張の読む順番完全ガイド｜デビュー作から代表作まで時系列で解説,松本清張作品をどの順番で読むべきか、初心者向けに完全解説。デビュー作から長編代表作まで、テーマ別・難易度別に最適な読む順番を紹介します。ジャンル・難易度別に解説。選び方のポイントと各作品の読みどころも詳しく紹介します。,5206,0,https://books.kuras-plus.com/blog/matsumoto-seicho-reading-order,"index,follow",true,false,false,false,,index,本文量・独自性ともに index 維持で問題なし。
/blog/cat-books-recommendations,blog,猫が出てくる本おすすめ10選｜猫好きに贈る癒しの物語,猫が登場する小説を厳選。猫との絆、日常の癒やし、人生の相棒としての猫が描かれた傑作揃い。各作品のあらすじ・選んだ理由・読後感を詳しく解説。あなたの目的に合った1冊が必ず見つかります。,6155,0,https://books.kuras-plus.com/blog/cat-books-recommendations,"index,follow",true,false,false,false,,index,本文量・独自性ともに index 維持で問題なし。
/blog/cooking-novels,blog,料理・グルメ小説おすすめ10選｜食と人生の物語,料理を通じた人間ドラマが描かれた小説を厳選。食べ物への向き合い方、人間関係、人生の意味が秀逸な傑作揃い。あらすじ・文章の特徴・読後感を詳しく解説。Kindle Unlimitedで読める作品情報もあわせて紹介します。,6969,0,https://books.kuras-plus.com/blog/cooking-novels,"index,follow",true,false,false,false,,index,本文量・独自性ともに index 維持で問題なし。
/blog/cozy-mystery-novels,blog,ほのぼのミステリー小説おすすめ10選｜心温まる謎解きの世界,温かくほのぼのとした雰囲気の中で事件を謎解きするミステリー小説を厳選。心が和む傑作揃い。あらすじ・文章の特徴・読後感を詳しく解説。Kindle Unlimitedで読める作品情報もあわせて紹介します。,8265,0,https://books.kuras-plus.com/blog/cozy-mystery-novels,"index,follow",true,false,false,false,ミステリー(19件),merge,重複候補グループ ミステリー(19件)。柱記事への統合 or 内部リンク強化を要検討（削除・redirectはしない）。
/blog/medical-manga-recommendations,blog,医療漫画おすすめ10選｜命と向き合う感動の物語,医療現場の白熱したドラマが描かれた漫画を厳選。医療倫理、人間ドラマ、生死の問題を扱う傑作揃い。各作品の特徴・見どころ・対象読者を詳しく解説。電子書籍の無料試し読み情報もあわせて紹介します。,7057,0,https://books.kuras-plus.com/blog/medical-manga-recommendations,"index,follow",true,false,false,false,,index,本文量・独自性ともに index 維持で問題なし。
/blog/music-manga-recommendations,blog,音楽漫画おすすめ10選｜青春と音楽が交差する傑作,ロック、クラシック、ジャズから邦楽ポップスまで。音楽を通じた青春ドラマが描かれた漫画を厳選。登場人物たちの成長、葛藤、夢が音楽という普遍的な表現を通じて、読者の心を揺さぶる傑作揃い。,8283,0,https://books.kuras-plus.com/blog/music-manga-recommendations,"index,follow",true,false,false,false,,index,本文量・独自性ともに index 維持で問題なし。
/blog/novels-with-plot-twists,blog,どんでん返し小説おすすめ10選｜衝撃の結末に震える傑作,予想を裏切るどんでん返しが魅力の小説を厳選。複雑な伏線、衝撃の真実、予測不能な展開の傑作揃い。あらすじ・文章の特徴・読後感を詳しく解説。Kindle Unlimitedで読める作品情報もあわせて紹介します。,7523,0,https://books.kuras-plus.com/blog/novels-with-plot-twists,"index,follow",true,false,false,false,,index,本文量・独自性ともに index 維持で問題なし。
/blog/page-turner-novels,blog,止まらない小説おすすめ10選｜徹夜必至の傑作,一気読み必至の小説を厳選。ページをめくる手が止まらない、物語に引き込まれる傑作揃い。あらすじ・文章の特徴・読後感を詳しく解説。Kindle Unlimitedで読める作品情報もあわせて紹介します。,6959,0,https://books.kuras-plus.com/blog/page-turner-novels,"index,follow",true,false,false,false,,index,本文量・独自性ともに index 維持で問題なし。
/blog/revenge-manga,blog,復讐がテーマの漫画おすすめ10選｜執念と怒りの物語,復讐という人間の根源的なテーマを描いた漫画を厳選。執念、怒り、そして償いが交わる傑作揃い。各作品の特徴・見どころ・対象読者を詳しく解説。電子書籍の無料試し読み情報もあわせて紹介します。,5623,0,https://books.kuras-plus.com/blog/revenge-manga,"index,follow",true,false,false,false,,index,本文量・独自性ともに index 維持で問題なし。
/blog/survival-manga,blog,サバイバル漫画おすすめ10選｜極限状況での生存と人間ドラマ,極限の状況下での生存戦が描かれた漫画を厳選。絶望的な状況での人間的成長と、仲間との絆が秀逸な傑作揃い。各作品の特徴・見どころ・対象読者を詳しく解説。電子書籍の無料試し読み情報もあわせて紹介します。,6613,0,https://books.kuras-plus.com/blog/survival-manga,"index,follow",true,false,false,false,,index,本文量・独自性ともに index 維持で問題なし。
/blog/tearjerker-novels,blog,泣ける小説おすすめランキング10選｜心が震える感動,思わず涙がこぼれる感動的な小説を厳選。人間ドラマの深さ、キャラクターへの共感、心が震える物語の傑作揃い。各作品のあらすじ・選んだ理由・読後感を詳しく解説。あなたの目的に合った1冊が必ず見つかります。,6060,0,https://books.kuras-plus.com/blog/tearjerker-novels,"index,follow",true,false,false,false,泣ける(4件),merge,重複候補グループ 泣ける(4件)。柱記事への統合 or 内部リンク強化を要検討（削除・redirectはしない）。
/blog/travel-novels,blog,旅がテーマの小説おすすめ10選｜発見と成長の物語,旅を通じた自己発見と成長が描かれた小説を厳選。未知への探求、人間関係の変化、人生の意味が秀逸な傑作揃い。あらすじ・文章の特徴・読後感を詳しく解説。Kindle Unlimitedで読める作品情報もあわせて紹介します。,6782,0,https://books.kuras-plus.com/blog/travel-novels,"index,follow",true,false,false,false,,index,本文量・独自性ともに index 維持で問題なし。
/blog/books-as-gifts-for-students,blog,入学祝い・進学祝いに贈る本おすすめ15選｜小学校から大学まで,入学祝い・進学祝いにぴったりの本を15冊厳選。小学校入学から大学進学まで、贈って喜ばれる名作をシーン別に紹介します。各作品のあらすじ・選んだ理由・読後感を詳しく解説。あなたの目的に合った1冊が必ず見つかります。,4692,0,https://books.kuras-plus.com/blog/books-as-gifts-for-students,"index,follow",true,false,false,false,,index,本文量・独自性ともに index 維持で問題なし。
/blog/books-for-elementary-school,blog,小学生におすすめの本15選｜低学年から高学年まで学年別に厳選,小学生におすすめの本を15冊厳選。低学年・中学年・高学年の学年別に、読書感想文にも使える名作から冒険物語まで紹介します。各作品のあらすじ・選んだ理由・読後感を詳しく解説。あなたの目的に合った1冊が必ず見つかります。,8547,0,https://books.kuras-plus.com/blog/books-for-elementary-school,"index,follow",true,false,false,false,,index,本文量・独自性ともに index 維持で問題なし。
/blog/books-for-middle-school,blog,中学生におすすめの本15選｜読書感想文にも使える名作から話題作まで,中学生におすすめの本を15冊厳選。読書感想文にも使える名作から、読書が苦手な子でも夢中になれる話題作まで、ジャンル別に紹介します。各作品のあらすじ・選んだ理由・読後感を詳しく解説。あなたの目的に合った1冊が必ず見つかります。,8735,0,https://books.kuras-plus.com/blog/books-for-middle-school,"index,follow",true,false,false,false,,index,本文量・独自性ともに index 維持で問題なし。
/blog/books-for-new-life,blog,新生活におすすめの本15選｜新社会人・新大学生・転職者に贈る一冊,新生活を始める人におすすめの本を15冊厳選。新社会人、新大学生、転職・引っ越しなど人生の転機に読みたい、背中を押してくれる名作を紹介します。各作品のあらすじ・選んだ理由・読後感を詳しく解説。あなたの目的に合った1冊が必ず見つかります。,5797,0,https://books.kuras-plus.com/blog/books-for-new-life,"index,follow",true,false,false,false,,index,本文量・独自性ともに index 維持で問題なし。
/blog/essay-recommendations,blog,エッセイおすすめ15選｜日常を豊かにする軽やかな読書体験,エッセイのおすすめ15選を紹介。日常を楽しむエッセイから笑えるエッセイまで、読みやすく奥深い作品をジャンル別に厳選しました。初心者から愛好家まで必読の1冊が見つかります。,3486,0,https://books.kuras-plus.com/blog/essay-recommendations,"index,follow",true,false,false,false,,index,本文量・独自性ともに index 維持で問題なし。
/blog/itoh-keikaku-reading-order,blog,伊藤計劃の読む順番完全ガイド｜ディストピアSFの天才作家を解説,伊藤計劃作品をどの順番で読むべきか、初心者向けに完全解説。ディストピアSF三部作から円城塔との共作まで、天才作家の傑作を難易度別に紹介します。ジャンル・難易度別に解説。選び方のポイントと各作品の読みどころも詳しく紹介します。,4876,0,https://books.kuras-plus.com/blog/itoh-keikaku-reading-order,"index,follow",true,false,false,false,SF(14件),merge,重複候補グループ SF(14件)。柱記事への統合 or 内部リンク強化を要検討（削除・redirectはしない）。
/blog/makime-manabu-reading-order,blog,万城目学の読む順番完全ガイド｜関西エンタメの魔術師の傑作を解説,万城目学作品をどの順番で読むべきか、初心者向けに完全解説。直木賞受賞作から関西三部作まで、ファンタジーの傑作を難易度別に紹介します。ジャンル・難易度別に解説。選び方のポイントと各作品の読みどころも詳しく紹介します。,5185,0,https://books.kuras-plus.com/blog/makime-manabu-reading-order,"index,follow",true,false,false,false,,index,本文量・独自性ともに index 維持で問題なし。
/blog/naoki-prize-recommendations,blog,直木賞おすすめ小説15選｜歴代受賞作から必読の傑作を厳選,直木賞の歴代受賞作からおすすめの15作品を厳選して紹介。初心者でも楽しめる読みやすい作品から、文学的評価の高い傑作まで、あらすじと魅力を詳しく解説します。各作品のあらすじ・選んだ理由・読後感を詳しく解説。あなたの目的に合った1冊が必ず見つかります。,9208,1,https://books.kuras-plus.com/blog/naoki-prize-recommendations,"index,follow",true,false,false,false,,index,本文量・独自性ともに index 維持で問題なし。
/blog/nonfiction-recommendations,blog,ノンフィクションおすすめ15選｜世界を知り、社会を考える深い読書,ノンフィクションのおすすめ15選。ファクトフルネスからルポ川崎まで、世界の真実と人間の本質に迫る傑作をジャンル別に厳選。知識と視点を変える1冊が見つかります。各作品のあらすじ・選んだ理由・読後感を詳しく解説。あなたの目的に合った1冊が必ず見つかります。,3344,0,https://books.kuras-plus.com/blog/nonfiction-recommendations,"index,follow",true,false,false,false,,index,本文量・独自性ともに index 維持で問題なし。
/blog/ogawa-yoko-reading-order,blog,小川洋子の読む順番完全ガイド｜静謐な純文学の傑作を解説,小川洋子作品をどの順番で読むべきか、初心者向けに完全解説。芥川賞受賞作から数学的世界観まで、独特の文学世界を難易度別に紹介します。ジャンル・難易度別に解説。選び方のポイントと各作品の読みどころも詳しく紹介します。,5408,0,https://books.kuras-plus.com/blog/ogawa-yoko-reading-order,"index,follow",true,false,false,false,,index,本文量・独自性ともに index 維持で問題なし。
/blog/otsuichi-reading-order,blog,乙一の読む順番完全ガイド｜ホラーからミステリーまでジャンル横断の傑作を解説,乙一作品をどの順番で読むべきか、初心者向けに完全解説。白乙一と黒乙一の二面性から、全ジャンルの傑作を難易度別に紹介します。ジャンル・難易度別に解説。選び方のポイントと各作品の読みどころも詳しく紹介します。,5067,0,https://books.kuras-plus.com/blog/otsuichi-reading-order,"index,follow",true,false,false,false,ミステリー(19件),merge,重複候補グループ ミステリー(19件)。柱記事への統合 or 内部リンク強化を要検討（削除・redirectはしない）。
/blog/parent-child-reading,blog,親子で読む本おすすめ15選｜世代を超えて愛される児童文学の名作,親子で一緒に読めるおすすめ本15選。エルマーのぼうけんから100万回生きたねこまで、子どもも大人も感動する児童文学の傑作をジャンル別に厳選しました。各作品のあらすじ・選んだ理由・読後感を詳しく解説。あなたの目的に合った1冊が必ず見つかります。,3663,0,https://books.kuras-plus.com/blog/parent-child-reading,"index,follow",true,false,false,false,,index,本文量・独自性ともに index 維持で問題なし。
/blog/romance-novel-recommendations,blog,恋愛小説おすすめ15選｜切ない名作から心温まるラブストーリーまで,おすすめの恋愛小説を15作品厳選。切ない純愛から大人の恋愛、青春ラブストーリーまで、感動必至の名作を紹介します。あらすじ・文章の特徴・読後感を詳しく解説。Kindle Unlimitedで読める作品情報もあわせて紹介します。,6928,0,https://books.kuras-plus.com/blog/romance-novel-recommendations,"index,follow",true,false,false,false,恋愛(4件),merge,重複候補グループ 恋愛(4件)。柱記事への統合 or 内部リンク強化を要検討（削除・redirectはしない）。
/blog/shinkawa-hotate-reading-order,blog,新川帆立の読む順番完全ガイド｜リーガルミステリーの傑作を時系列で解説,新川帆立作品をどの順番で読むべきか、初心者向けに完全解説。弁護士出身の作家による法廷ミステリーの傑作を、難易度別に紹介します。ジャンル・難易度別に解説。選び方のポイントと各作品の読みどころも詳しく紹介します。,5057,0,https://books.kuras-plus.com/blog/shinkawa-hotate-reading-order,"index,follow",true,false,false,false,ミステリー(19件),merge,重複候補グループ ミステリー(19件)。柱記事への統合 or 内部リンク強化を要検討（削除・redirectはしない）。
/blog/akutagawa-prize-recommendations,blog,芥川賞受賞作おすすめ10選｜純文学の傑作を厳選,芥川賞受賞作を厳選。深い思考と美しい表現が光る純文学の傑作10選をご紹介します。1935年から続く日本を代表する文学賞の傑作を厳選しました。各作品のあらすじ・選んだ理由・読後感を詳しく解説。あなたの目的に合った1冊が必ず見つかります。,6496,1,https://books.kuras-plus.com/blog/akutagawa-prize-recommendations,"index,follow",true,false,false,false,,index,本文量・独自性ともに index 維持で問題なし。
/blog/award-winning-novels-japan,blog,直木賞受賞作おすすめ10選｜大衆文学の最高峰を厳選,直木賞受賞作を厳選した10選。エンタメ性と文学性を兼ね備えた傑作小説ばかりです。歴史冒険小説からミステリー、感動ドラマまで、多くの読者に愛される傑作をご紹介します。,6457,1,https://books.kuras-plus.com/blog/award-winning-novels-japan,"index,follow",true,false,false,false,,index,本文量・独自性ともに index 維持で問題なし。
/blog/book-review-writing-guide,blog,本の感想の書き方ガイド｜心に残った本について上手に書く方法,本を読んだ後、感想をどう書いたらいいか悩んでいませんか？本の感想文を書くためのコツと構成法をご紹介します。ジャンル・難易度別に解説。選び方のポイントと各作品の読みどころも詳しく紹介します。,6923,0,https://books.kuras-plus.com/blog/book-review-writing-guide,"index,follow",true,false,false,false,,index,本文量・独自性ともに index 維持で問題なし。
/blog/books-about-friendship,blog,友情がテーマの本おすすめ10選│心が温まる人間関係の物語,友情の大切さに気づかせてくれる本を厳選した10選。箱根駅伝、不登校の少年少女、大学生活など、心が温まる人間関係の物語を紹介します。各作品のあらすじ・選んだ理由・読後感を詳しく解説。あなたの目的に合った1冊が必ず見つかります。,6921,0,https://books.kuras-plus.com/blog/books-about-friendship,"index,follow",true,false,false,false,,index,本文量・独自性ともに index 維持で問題なし。
/blog/books-about-growing-up,blog,成長物語の本おすすめ10選│人生の転機を描いた傑作,自分と向き合い、人生が変わる瞬間を描いた傑作10選。思春期から大人へ、そして人生経験を通じた深い成長が描かれた作品を厳選しました。各作品のあらすじ・選んだ理由・読後感を詳しく解説。あなたの目的に合った1冊が必ず見つかります。,6634,0,https://books.kuras-plus.com/blog/books-about-growing-up,"index,follow",true,false,false,false,,index,本文量・独自性ともに index 維持で問題なし。
/blog/books-for-college,blog,大学生が読むべき本おすすめ｜教養と視点を広げる必読書20選,大学生活で読むべき本20冊を紹介。教養を深め、世界観を広げ、自分の人生について考える力がつく名著ばかりです。各作品のあらすじ・選んだ理由・読後感を詳しく解説。あなたの目的に合った1冊が必ず見つかります。,8583,0,https://books.kuras-plus.com/blog/books-for-college,"index,follow",true,false,false,false,,index,本文量・独自性ともに index 維持で問題なし。
/blog/books-for-high-school,blog,高校生におすすめの本｜進路選択から人間関係まで読むべき本15選,高校生が読むべき本を15冊紹介。青春、進路選択、友情、恋愛など、高校時代に考えるべきテーマを扱った名著揃いです。各作品のあらすじ・選んだ理由・読後感を詳しく解説。あなたの目的に合った1冊が必ず見つかります。,6797,0,https://books.kuras-plus.com/blog/books-for-high-school,"index,follow",true,false,false,false,,index,本文量・独自性ともに index 維持で問題なし。
/blog/books-for-stress-relief,blog,ストレス解消になる本おすすめ｜心が軽くなる、心を癒す読書10選,仕事や人間関係のストレスから解放してくれる、心が軽くなる本10冊を紹介。読むことで心が癒される特別な本をご紹介します。各作品のあらすじ・選んだ理由・読後感を詳しく解説。あなたの目的に合った1冊が必ず見つかります。,5907,0,https://books.kuras-plus.com/blog/books-for-stress-relief,"index,follow",true,false,false,false,,index,本文量・独自性ともに index 維持で問題なし。
/blog/books-for-thirties,blog,30代におすすめの小説｜人生の深みを知る傑作10選,30代が読むべき小説10冊紹介。人生経験を積んだからこそ響く、深い内容と豊かな物語世界をご紹介します。各作品のあらすじ・選んだ理由・読後感を詳しく解説。あなたの目的に合った1冊が必ず見つかります。,6190,0,https://books.kuras-plus.com/blog/books-for-thirties,"index,follow",true,false,false,false,,index,本文量・独自性ともに index 維持で問題なし。
/blog/books-for-twenties,blog,20代に読んでほしい本おすすめ｜人生の基盤を作る必読書10選,20代が読むべき本10冊紹介。仕事、人間関係、人生の方向性について考え直す力がつく、この時期だからこそ読んでほしい本をセレクト。各作品のあらすじ・選んだ理由・読後感を詳しく解説。あなたの目的に合った1冊が必ず見つかります。,5947,0,https://books.kuras-plus.com/blog/books-for-twenties,"index,follow",true,false,false,false,,index,本文量・独自性ともに index 維持で問題なし。
/blog/books-that-change-life,blog,人生が変わる本おすすめ｜人生観が変わる読む価値ありの名著10選,人生観が変わる名著を10冊紹介。仕事、人間関係、人生の意味を問い直す本との出会いが、あなたの人生を変えるかもしれません。各作品のあらすじ・選んだ理由・読後感を詳しく解説。あなたの目的に合った1冊が必ず見つかります。,5863,0,https://books.kuras-plus.com/blog/books-that-change-life,"index,follow",true,false,false,false,,index,本文量・独自性ともに index 維持で問題なし。
/blog/books-to-improve-writing,blog,文章力が上がる本おすすめ｜文章表現を磨く読書術と名著12選,文章力を上げたいなら、読書が最も効果的です。文章表現を磨く本12冊と、読書を通じた文章力向上の方法をご紹介します。ジャンル・難易度別に解説。選び方のポイントと各作品の読みどころも詳しく紹介します。,6285,0,https://books.kuras-plus.com/blog/books-to-improve-writing,"index,follow",true,false,false,false,,index,本文量・独自性ともに index 維持で問題なし。
/blog/bookstore-award-recommendations,blog,本屋大賞おすすめ15選│書店員が選んだ傑作,本屋大賞受賞作を厳選。書店員の目利きで選ばれた、もっとも売れた傑作小説15選をご紹介します。各作品のあらすじ・選んだ理由・読後感を詳しく解説。あなたの目的に合った1冊が必ず見つかります。,5600,1,https://books.kuras-plus.com/blog/bookstore-award-recommendations,"index,follow",true,false,false,false,,index,本文量・独自性ともに index 維持で問題なし。
/blog/classic-japanese-literature,blog,日本文学の名作おすすめ12選｜古典から現代まで必読の傑作,紫式部から村上春樹まで、日本文学史を代表する必読の傑作12選。古典から現代文学まで、人間の本質を描いた不朽の名著を完全ガイド。ジャンル・難易度別に解説。選び方のポイントと各作品の読みどころも詳しく紹介します。,8384,0,https://books.kuras-plus.com/blog/classic-japanese-literature,"index,follow",true,false,false,false,,index,本文量・独自性ともに index 維持で問題なし。
/blog/detective-manga-recommendations,blog,推理漫画おすすめ｜謎解きが楽しい人気作品を厳選,謎解きが楽しい推理漫画・ミステリー漫画のおすすめを厳選。本格派からコージーミステリーまで、推理漫画の名作を紹介します。ジャンル・難易度別に解説。選び方のポイントと各作品の読みどころも詳しく紹介します。,5395,0,https://books.kuras-plus.com/blog/detective-manga-recommendations,"index,follow",true,false,false,false,,index,本文量・独自性ともに index 維持で問題なし。
/blog/dystopia-novels,blog,ディストピア小説おすすめ10選｜暗い未来社会を描く思考的傑作,ディストピア小説の人気作品を厳選。全体主義国家、監視社会、テクノロジーの支配など、未来社会の危機を描く傑作をご紹介。あらすじ・文章の特徴・読後感を詳しく解説。Kindle Unlimitedで読める作品情報もあわせて紹介します。,7002,0,https://books.kuras-plus.com/blog/dystopia-novels,"index,follow",true,false,false,false,,index,本文量・独自性ともに index 維持で問題なし。
/blog/family-drama-novels,blog,家族小説おすすめ10選｜親子関係と家族の絆を描く感動の傑作,家族を題材にした人気小説を厳選。親子の葛藤、兄弟姉妹の関係、世代を超えた愛情など、家族ドラマの傑作をご紹介。あらすじ・文章の特徴・読後感を詳しく解説。Kindle Unlimitedで読める作品情報もあわせて紹介します。,6410,0,https://books.kuras-plus.com/blog/family-drama-novels,"index,follow",true,false,false,false,,index,本文量・独自性ともに index 維持で問題なし。
/blog/gourmet-manga-recommendations,blog,グルメ漫画おすすめ10選｜美味しそうなご飯が出てくる傑作を厳選,グルメ漫画の人気おすすめ作品を厳選。美味しい食べ物、料理の奥深さ、食を通じた人間ドラマなど、食の魅力が伝わる作品をご紹介。各作品の特徴・見どころ・対象読者を詳しく解説。電子書籍の無料試し読み情報もあわせて紹介します。,7096,0,https://books.kuras-plus.com/blog/gourmet-manga-recommendations,"index,follow",true,false,false,false,,index,本文量・独自性ともに index 維持で問題なし。
/blog/healing-manga-recommendations,blog,癒し漫画おすすめ｜心がほっこりする温かい作品を厳選,疲れた心を癒してくれるほのぼの漫画・日常系漫画のおすすめを厳選。穏やかな日常と温かい人間関係に癒される作品を紹介します。ジャンル・難易度別に解説。選び方のポイントと各作品の読みどころも詳しく紹介します。,5764,0,https://books.kuras-plus.com/blog/healing-manga-recommendations,"index,follow",true,false,false,false,,index,本文量・独自性ともに index 維持で問題なし。
/blog/historical-fiction-for-beginners,blog,歴史小説の入門おすすめ｜時代を舞台にした傑作10選,歴史小説初心者向けのおすすめ10選。読みやすく面白い歴史小説で、歴史の世界の扉を開きましょう。最初の1冊の選び方から読む順番まで、初めての人が迷わず選べるよう詳しく解説します。,7493,0,https://books.kuras-plus.com/blog/historical-fiction-for-beginners,"index,follow",true,false,false,false,歴史(4件),merge,重複候補グループ 歴史(4件)。柱記事への統合 or 内部リンク強化を要検討（削除・redirectはしない）。
/blog/honkaku-mystery-novels,blog,本格ミステリー小説おすすめ10選｜緻密な構成と究極の謎解きの魅力,本格ミステリー小説の傑作を厳選。論理的な謎解き、フェアプレイの精神、美しいトリック設計など、ミステリーの最高傑作をご紹介。あらすじ・文章の特徴・読後感を詳しく解説。Kindle Unlimitedで読める作品情報もあわせて紹介します。,6037,0,https://books.kuras-plus.com/blog/honkaku-mystery-novels,"index,follow",true,false,false,false,ミステリー(19件),merge,重複候補グループ ミステリー(19件)。柱記事への統合 or 内部リンク強化を要検討（削除・redirectはしない）。
/blog/how-to-find-next-book,blog,次に読む本の見つけ方｜あなたの心をつかむ一冊に出会う方法,次に読むべき本を見つけるのに困っていませんか？本当に自分に合った本を発見するための、実践的な方法をご紹介します。ジャンル・難易度別に解説。選び方のポイントと各作品の読みどころも詳しく紹介します。,6819,0,https://books.kuras-plus.com/blog/how-to-find-next-book,"index,follow",true,false,false,false,,index,本文量・独自性ともに index 維持で問題なし。
/blog/iyamisu-novels,blog,イヤミス小説おすすめ10選｜気分の悪い後味と人間への嫌悪感が魅力,イヤミス小説の人気作品を厳選。善悪が反転し、カタルシスが得られない独特の余韻を持つ傑作をご紹介。日本ミステリの新潮流。あらすじ・文章の特徴・読後感を詳しく解説。Kindle Unlimitedで読める作品情報もあわせて紹介します。,7260,0,https://books.kuras-plus.com/blog/iyamisu-novels,"index,follow",true,false,false,false,,index,本文量・独自性ともに index 維持で問題なし。
/blog/japanese-horror-novels,blog,和風ホラー小説おすすめ10選｜日本の怪談と伝統的な恐怖,和風ホラー小説の傑作を厳選。古典怪談の精神、日本的な恐怖感、妖怪や幽霊が織りなす不可思議な世界をご紹介。あらすじ・文章の特徴・読後感を詳しく解説。Kindle Unlimitedで読める作品情報もあわせて紹介します。,6758,0,https://books.kuras-plus.com/blog/japanese-horror-novels,"index,follow",true,false,false,false,,index,本文量・独自性ともに index 維持で問題なし。
/blog/locked-room-mystery,blog,密室ミステリー小説おすすめ10選｜不可能な状況での究極の謎解き,密室ミステリー小説の傑作を厳選。鍵のかかった部屋での殺人、外部からの犯行は不可能、そうした完璧な密室でのトリック解明をご紹介。あらすじ・文章の特徴・読後感を詳しく解説。Kindle Unlimitedで読める作品情報もあわせて紹介します。,6610,0,https://books.kuras-plus.com/blog/locked-room-mystery,"index,follow",true,false,false,false,ミステリー(19件),merge,重複候補グループ ミステリー(19件)。柱記事への統合 or 内部リンク強化を要検討（削除・redirectはしない）。
/blog/manga-for-adults,blog,大人が読むべき漫画おすすめ｜高い完成度と深いテーマの傑作,大人が読んでこそ本当の面白さがわかる漫画を厳選。高い完成度と深いテーマで、読後に考えさせられる傑作漫画を紹介します。ジャンル・難易度別に解説。選び方のポイントと各作品の読みどころも詳しく紹介します。,5869,0,https://books.kuras-plus.com/blog/manga-for-adults,"index,follow",true,false,false,false,,index,本文量・独自性ともに index 維持で問題なし。
/blog/manga-for-women,blog,女性向け漫画おすすめ10選（少女漫画以外）｜恋愛から冒険まで大人の女性向け作品,大人の女性向け漫画を厳選。恋愛漫画、ファンタジー、冒険、サスペンスなど、少女漫画とは異なる視点の女性向け傑作をご紹介。各作品の特徴・見どころ・対象読者を詳しく解説。電子書籍の無料試し読み情報もあわせて紹介します。,7463,0,https://books.kuras-plus.com/blog/manga-for-women,"index,follow",true,false,false,false,恋愛(4件),merge,重複候補グループ 恋愛(4件)。柱記事への統合 or 内部リンク強化を要検討（削除・redirectはしない）。
/blog/manga-reading-apps-comparison,blog,漫画の読み方ガイド｜電子版と紙版、アプリの選び方を解説,漫画を読む方法は多様化しています。電子版、紙版、アプリそれぞれのメリット・デメリットを比較し、あなたに最適な読み方を見つけましょう。ジャンル・難易度別に解説。選び方のポイントと各作品の読みどころも詳しく紹介します。,10163,0,https://books.kuras-plus.com/blog/manga-reading-apps-comparison,"index,follow",true,false,false,false,,index,本文量・独自性ともに index 維持で問題なし。
/blog/manga-with-deep-story,blog,ストーリーが深い漫画おすすめ10選｜感動と思考を呼び起こす傑作,ストーリーの深さで選んだ漫画を厳選。複雑な人物関係、衝撃の展開、そして人生についての問いが詰まった傑作をご紹介。各作品の特徴・見どころ・対象読者を詳しく解説。電子書籍の無料試し読み情報もあわせて紹介します。,6889,0,https://books.kuras-plus.com/blog/manga-with-deep-story,"index,follow",true,false,false,false,,index,本文量・独自性ともに index 維持で問題なし。
/blog/morning-reading-routine,blog,朝読書のすすめ｜1日を充実させる朝30分の読書習慣,朝の読書は1日をより充実させます。朝読書を習慣化するコツと、朝に読むべき本の選び方をご紹介します。ジャンル・難易度別に解説。選び方のポイントと各作品の読みどころも詳しく紹介します。,8902,0,https://books.kuras-plus.com/blog/morning-reading-routine,"index,follow",true,false,false,false,,index,本文量・独自性ともに index 維持で問題なし。
/blog/mystery-for-beginners,blog,ミステリー初心者におすすめの小説｜ページをめくる手が止まらない傑作10選,ミステリー小説初心者向けのおすすめ10選。複雑すぎず、それでいて面白さ満点のミステリーで、この素晴らしいジャンルの扉を開きましょう。最初の1冊の選び方から読む順番まで、初めての人が迷わず選べるよう詳しく解説します。,6181,0,https://books.kuras-plus.com/blog/mystery-for-beginners,"index,follow",true,false,false,false,ミステリー(19件),merge,重複候補グループ ミステリー(19件)。柱記事への統合 or 内部リンク強化を要検討（削除・redirectはしない）。
/blog/mystery-series-recommendations,blog,ミステリーシリーズおすすめ10選｜謎解きの快感が続く傑作,東野圭吾のガリレオから米澤穂信の古典部まで。長く愛読される傑作ミステリーシリーズ10選を厳選。謎解きの快感を何度も味わえる作品をご紹介します。各作品のあらすじ・選んだ理由・読後感を詳しく解説。あなたの目的に合った1冊が必ず見つかります。,5676,0,https://books.kuras-plus.com/blog/mystery-series-recommendations,"index,follow",true,false,false,false,ミステリー(19件),merge,重複候補グループ ミステリー(19件)。柱記事への統合 or 内部リンク強化を要検討（削除・redirectはしない）。
/blog/one-volume-manga,blog,1巻完結漫画おすすめ｜気軽に読める完成度の高い傑作,1巻で完結する漫画を厳選。限られたページ数で完璧なストーリーを実現した傑作、気軽に読める高品質な作品をご紹介。ジャンル・難易度別に解説。選び方のポイントと各作品の読みどころも詳しく紹介します。,5059,0,https://books.kuras-plus.com/blog/one-volume-manga,"index,follow",true,false,false,false,,index,本文量・独自性ともに index 維持で問題なし。
/blog/psychological-manga,blog,心理戦漫画おすすめ10選｜頭脳の戦いと緊迫した心理描写の傑作,心理戦が中心の人気漫画を厳選。知略と思考力での勝負、登場人物の複雑な心情、緊迫した対話シーンなど、知的興奮を味わえる作品をご紹介。各作品の特徴・見どころ・対象読者を詳しく解説。電子書籍の無料試し読み情報もあわせて紹介します。,7184,0,https://books.kuras-plus.com/blog/psychological-manga,"index,follow",true,false,false,false,,index,本文量・独自性ともに index 維持で問題なし。
/blog/rainy-day-books,blog,雨の日に読みたい本おすすめ15選│しっとりした世界観,雨の日だからこそ読みたい本を厳選。しっとりした雰囲気、幻想的な作品、心がしみ入る短編など、雨の日の読書に最適な15選です。各作品のあらすじ・選んだ理由・読後感を詳しく解説。あなたの目的に合った1冊が必ず見つかります。,5526,0,https://books.kuras-plus.com/blog/rainy-day-books,"index,follow",true,false,false,false,,index,本文量・独自性ともに index 維持で問題なし。
/blog/reading-habits-tips,blog,読書習慣をつけるコツ｜毎日の読書を習慣化する5つの方法,読書を習慣化したい方へ。毎日続かない理由と、実践的な読書習慣づけの5つのコツを紹介します。初心者からでも今日から始められます。ジャンル・難易度別に解説。選び方のポイントと各作品の読みどころも詳しく紹介します。,8694,0,https://books.kuras-plus.com/blog/reading-habits-tips,"index,follow",true,false,false,false,,index,本文量・独自性ともに index 維持で問題なし。
/blog/reading-on-train,blog,電車で読むのにおすすめの本｜通勤時間を最高の読書時間に変える本10選,電車通勤中に読むのにぴったりな本10冊を紹介。短時間で区切りよく楽しめて、通勤時間が待ち遠しくなる本をご紹介します。各作品のあらすじ・選んだ理由・読後感を詳しく解説。あなたの目的に合った1冊が必ず見つかります。,6278,0,https://books.kuras-plus.com/blog/reading-on-train,"index,follow",true,false,false,false,,index,本文量・独自性ともに index 維持で問題なし。
/blog/reading-slump-solutions,blog,読書スランプの克服法｜本が読めない時期を乗り越える方法,読書スランプで悩んでいませんか？本が読めない時期の原因と、それを克服するための実践的な方法をご紹介します。ジャンル・難易度別に解説。選び方のポイントと各作品の読みどころも詳しく紹介します。,6326,0,https://books.kuras-plus.com/blog/reading-slump-solutions,"index,follow",true,false,false,false,,index,本文量・独自性ともに index 維持で問題なし。
/blog/speed-reading-techniques,blog,読書を速くするコツ｜時間を有効活用して、もっと本が読める方法,毎日忙しくて本が読めないあなたへ。読むスピードを上げるための実践的なコツを紹介します。無理なく続けられる方法ばかりです。ジャンル・難易度別に解説。選び方のポイントと各作品の読みどころも詳しく紹介します。,8888,0,https://books.kuras-plus.com/blog/speed-reading-techniques,"index,follow",true,false,false,false,,index,本文量・独自性ともに index 維持で問題なし。
/blog/summer-reading-recommendations,blog,夏に読みたい本おすすめ15選│涼しくなるストーリー,暑い夏だからこそ読みたい本を厳選。涼感を得られる作品から冒険冒険小説まで、気分に合わせた15選です。各作品のあらすじ・選んだ理由・読後感を詳しく解説。あなたの目的に合った1冊が必ず見つかります。,6346,0,https://books.kuras-plus.com/blog/summer-reading-recommendations,"index,follow",true,false,false,false,,index,本文量・独自性ともに index 維持で問題なし。
/blog/suspense-novels,blog,サスペンス小説おすすめ10選｜緊張感溢れる非日常への没入,サスペンス小説の傑作を厳選。犯罪、逃亡、人質事件など、息つく暇もない緊張感と目が離せないストーリーをご紹介。あらすじ・文章の特徴・読後感を詳しく解説。Kindle Unlimitedで読める作品情報もあわせて紹介します。,5835,0,https://books.kuras-plus.com/blog/suspense-novels,"index,follow",true,false,false,false,,index,本文量・独自性ともに index 維持で問題なし。
/blog/time-travel-novels,blog,タイムトラベル小説おすすめ10選｜時間を超えた冒険と歴史への旅,タイムトラベル小説の人気作品を厳選。歴史ロマン、時間矛盾、運命の変更など、時間という概念を題材にした傑作をご紹介。あらすじ・文章の特徴・読後感を詳しく解説。Kindle Unlimitedで読める作品情報もあわせて紹介します。,6777,0,https://books.kuras-plus.com/blog/time-travel-novels,"index,follow",true,false,false,false,歴史(4件),merge,重複候補グループ 歴史(4件)。柱記事への統合 or 内部リンク強化を要検討（削除・redirectはしない）。
/blog/weekend-reading-list,blog,週末に一気読みしたい小説｜金曜の夜から日曜まで没頭できる傑作8選,週末に一気読みできる面白い小説を8冊厳選。金曜の夜から日曜まで、その世界観に没頭する時間は何物にも代えがたい体験です。ジャンル・難易度別に解説。選び方のポイントと各作品の読みどころも詳しく紹介します。,5932,0,https://books.kuras-plus.com/blog/weekend-reading-list,"index,follow",true,false,false,false,,index,本文量・独自性ともに index 維持で問題なし。
/blog/winter-reading-recommendations,blog,冬に読みたい本おすすめ15選│温もりが感じられる作品,寒い冬にぴったりな本を厳選。温かみのある感動作から、雪の世界観を描いた傑作まで、冬の読書に最適な15選です。各作品のあらすじ・選んだ理由・読後感を詳しく解説。あなたの目的に合った1冊が必ず見つかります。,8499,0,https://books.kuras-plus.com/blog/winter-reading-recommendations,"index,follow",true,false,false,false,,index,本文量・独自性ともに index 維持で問題なし。
/blog/work-life-manga-recommendations,blog,お仕事漫画おすすめ10選｜仕事の奥深さと人間ドラマを描く傑作,仕事を題材にした人気漫画を厳選。営業、企画、製造業など様々な職場を舞台に、人間ドラマと仕事の意義を描く10作品をご紹介。各作品の特徴・見どころ・対象読者を詳しく解説。電子書籍の無料試し読み情報もあわせて紹介します。,7243,0,https://books.kuras-plus.com/blog/work-life-manga-recommendations,"index,follow",true,false,false,false,,index,本文量・独自性ともに index 維持で問題なし。
/blog/workplace-novels,blog,お仕事小説おすすめ10選｜社会人の現実と人生の意義を描く傑作,職場を舞台にした人気小説を厳選。営業、管理職、転職など、仕事を通じた人間ドラマと人生について考える作品をご紹介。あらすじ・文章の特徴・読後感を詳しく解説。Kindle Unlimitedで読める作品情報もあわせて紹介します。,6768,0,https://books.kuras-plus.com/blog/workplace-novels,"index,follow",true,false,false,false,,index,本文量・独自性ともに index 維持で問題なし。
/blog/binge-read-manga,blog,一気読みできる漫画おすすめ10選｜徹夜確定の面白さ,一気読みしたくなる漫画を厳選。ストーリーが止まらない、ページをめくる手が止まらない傑作10選で充実した時間を過ごしましょう。各作品の特徴・見どころ・対象読者を詳しく解説。電子書籍の無料試し読み情報もあわせて紹介します。,3625,0,https://books.kuras-plus.com/blog/binge-read-manga,"index,follow",true,false,false,false,,index,本文量・独自性ともに index 維持で問題なし。
/blog/fantasy-novel-recommendations,blog,ファンタジー小説おすすめ10選｜異世界に没入する最高傑作,異世界冒険から魔法の世界まで。ファンタジー小説の傑作を厳選。没入感高い10選で異世界を旅しましょう。あらすじ・文章の特徴・読後感を詳しく解説。Kindle Unlimitedで読める作品情報もあわせて紹介します。,3678,0,https://books.kuras-plus.com/blog/fantasy-novel-recommendations,"index,follow",true,false,false,false,異世界(6件),merge,重複候補グループ 異世界(6件)。柱記事への統合 or 内部リンク強化を要検討（削除・redirectはしない）。
/blog/feel-good-novels,blog,読後感が良い小説おすすめ10選｜心が温かくなる,読み終わった後に心が温かくなる小説を厳選。ポジティブなメッセージ、人間の優しさ、希望に満ちた傑作揃い。あらすじ・文章の特徴・読後感を詳しく解説。Kindle Unlimitedで読める作品情報もあわせて紹介します。,2982,0,https://books.kuras-plus.com/blog/feel-good-novels,"index,follow",true,false,false,false,,index,本文量・独自性ともに index 維持で問題なし。
/blog/historical-novel-recommendations,blog,歴史小説おすすめ10選｜過去の時代を生きる傑作,歴史の時代を舞台にした小説で、過去の人生を追体験。一気読み必至の傑作10選を厳選しました。あらすじ・文章の特徴・読後感を詳しく解説。Kindle Unlimitedで読める作品情報もあわせて紹介します。,3155,0,https://books.kuras-plus.com/blog/historical-novel-recommendations,"index,follow",true,false,false,false,歴史(4件),merge,重複候補グループ 歴史(4件)。柱記事への統合 or 内部リンク強化を要検討（削除・redirectはしない）。
/blog/horror-novel-recommendations,blog,ホラー小説おすすめ10選｜夜中に読む勇気がいる傑作,恐怖で心をわしづかみにされる傑作ホラー小説を厳選。真の恐怖を味わいたい人必読の10選です。あらすじ・文章の特徴・読後感を詳しく解説。Kindle Unlimitedで読める作品情報もあわせて紹介します。,3243,0,https://books.kuras-plus.com/blog/horror-novel-recommendations,"index,follow",true,false,false,false,,index,本文量・独自性ともに index 維持で問題なし。
/blog/light-novel-recommendations,blog,ライトノベルおすすめ10選｜中毒性の高い傑作を厳選,異世界ファンタジーから学園ラブコメまで。一気読み必至のライトノベル10選で至福の時間を。各作品のあらすじ・選んだ理由・読後感を詳しく解説。あなたの目的に合った1冊が必ず見つかります。,3511,0,https://books.kuras-plus.com/blog/light-novel-recommendations,"index,follow",true,false,false,false,,index,本文量・独自性ともに index 維持で問題なし。
/blog/manga-like-attack-on-titan,blog,進撃の巨人が好きな人におすすめの漫画10選｜謎と冒険,進撃の巨人の世界観に魅了された人へ。謎、冒険、複雑なストーリーの傑作漫画を厳選。壮大な世界観と心理描写が秀逸な作品揃い。作風・読み心地の類似点を詳しく比較。あなたの次の1冊を見つけるための選び方ガイドつきです。,3489,0,https://books.kuras-plus.com/blog/manga-like-attack-on-titan,"index,follow",true,false,false,false,,index,本文量・独自性ともに index 維持で問題なし。
/blog/manga-like-demon-slayer,blog,鬼滅の刃が好きな人におすすめの漫画10選｜感動必読,鬼滅の刃の面白さにハマった人へ。感動的なストーリー、個性的キャラ、壮大な世界観の傑作漫画を厳選。涙と興奮の傑作揃い。作風・読み心地の類似点を詳しく比較。あなたの次の1冊を見つけるための選び方ガイドつきです。,3976,0,https://books.kuras-plus.com/blog/manga-like-demon-slayer,"index,follow",true,false,false,false,,index,本文量・独自性ともに index 維持で問題なし。
/blog/manga-like-jujutsu-kaisen,blog,呪術廻戦が好きな人におすすめの漫画10選｜ダークファンタジー必読,呪術廻戦にハマった人へ。ダークファンタジー、複雑なストーリー、個性的キャラの傑作漫画を厳選。戦闘と心理描写が秀逸な作品揃い。作風・読み心地の類似点を詳しく比較。あなたの次の1冊を見つけるための選び方ガイドつきです。,3749,0,https://books.kuras-plus.com/blog/manga-like-jujutsu-kaisen,"index,follow",true,false,false,false,,index,本文量・独自性ともに index 維持で問題なし。
/blog/manga-like-one-piece,blog,ワンピースが好きな人におすすめの漫画10選｜冒険ファンタジー必読,ワンピースの面白さにハマった人へ。冒険、友情、仲間との絆をテーマにした傑作漫画を厳選紹介。長編冒険ファンタジーの傑作揃い。作風・読み心地の類似点を詳しく比較。あなたの次の1冊を見つけるための選び方ガイドつきです。,3799,0,https://books.kuras-plus.com/blog/manga-like-one-piece,"index,follow",true,false,false,false,,index,本文量・独自性ともに index 維持で問題なし。
/blog/manga-with-plot-twists,blog,どんでん返しがすごい漫画10選｜予想外の展開が秀逸,予想を裏切るどんでん返しが魅力の漫画を厳選。衝撃の真実、複雑な伏線、予測不能な展開の傑作揃い。ジャンル・難易度別に解説。選び方のポイントと各作品の読みどころも詳しく紹介します。,2917,0,https://books.kuras-plus.com/blog/manga-with-plot-twists,"index,follow",true,false,false,false,,index,本文量・独自性ともに index 維持で問題なし。
/blog/manga-with-smart-protagonist,blog,頭脳戦が魅力の漫画10選｜知略と心理戦の傑作,知略と心理戦が魅力の漫画を厳選。登場キャラの思考の深さ、複雑な計画、予測不能な展開が秀逸な傑作揃い。ジャンル・難易度別に解説。選び方のポイントと各作品の読みどころも詳しく紹介します。,3226,0,https://books.kuras-plus.com/blog/manga-with-smart-protagonist,"index,follow",true,false,false,false,,index,本文量・独自性ともに index 維持で問題なし。
/blog/novels-like-higashino-keigo,blog,東野圭吾が好きな人におすすめの作家10選｜ミステリー小説必読,東野圭吾の作品にハマった人へ。同じミステリー感、人間ドラマ、伏線の見事さを持つ作家を厳選。傑作推理小説の宝庫。作風・読み心地の類似点を詳しく比較。あなたの次の1冊を見つけるための選び方ガイドつきです。,3468,0,https://books.kuras-plus.com/blog/novels-like-higashino-keigo,"index,follow",true,false,false,false,ミステリー(19件),merge,重複候補グループ ミステリー(19件)。柱記事への統合 or 内部リンク強化を要検討（削除・redirectはしない）。
/blog/novels-like-murakami,blog,村上春樹が好きな人におすすめの作家10選｜文学小説の傑作,村上春樹の作品にハマった人へ。不思議な世界観、独特な文体、内省的な主人公を持つ作家を厳選。現代文学の最高峰揃い。作風・読み心地の類似点を詳しく比較。あなたの次の1冊を見つけるための選び方ガイドつきです。,3310,0,https://books.kuras-plus.com/blog/novels-like-murakami,"index,follow",true,false,false,false,,index,本文量・独自性ともに index 維持で問題なし。
/blog/best-romance-manga-2026,blog,恋愛漫画おすすめ10選｜好きなシーンから選べる定番から最新作まで,恋愛漫画の定番から最新作まで。キュンとくる瞬間・ドキドキ展開・三角関係など好みのシーンから選べる10選を厳選しました。各作品の特徴・見どころ・対象読者を詳しく解説。電子書籍の無料試し読み情報もあわせて紹介します。,3578,0,https://books.kuras-plus.com/blog/best-romance-manga-2026,"index,follow",true,false,false,false,恋愛(4件),merge,重複候補グループ 恋愛(4件)。柱記事への統合 or 内部リンク強化を要検討（削除・redirectはしない）。
/blog/seinen-manga-recommendations,blog,青年漫画おすすめ10選｜大人だからこそ刺さる傑作,大人向けの青年漫画から、リアルな人間ドラマまで。20代30代必読の10選を厳選しました。各作品の特徴・見どころ・対象読者を詳しく解説。電子書籍の無料試し読み情報もあわせて紹介します。,3446,0,https://books.kuras-plus.com/blog/seinen-manga-recommendations,"index,follow",true,false,false,false,,index,本文量・独自性ともに index 維持で問題なし。
/blog/shonen-manga-recommendations,blog,少年漫画おすすめ10選｜冒険・バトル・友情の傑作を厳選,友情・努力・勝利をテーマにした少年漫画の傑作を厳選。冒険好き・バトル好きさん必読の10選です。各作品の特徴・見どころ・対象読者を詳しく解説。電子書籍の無料試し読み情報もあわせて紹介します。,3272,0,https://books.kuras-plus.com/blog/shonen-manga-recommendations,"index,follow",true,false,false,false,,index,本文量・独自性ともに index 維持で問題なし。
/blog/short-story-recommendations,blog,短編小説おすすめ10選｜隙間時間で読める傑作,短い時間で読める短編小説から、人生を変える傑作まで。通勤通学の友になる10選を厳選しました。あらすじ・文章の特徴・読後感を詳しく解説。Kindle Unlimitedで読める作品情報もあわせて紹介します。,2997,0,https://books.kuras-plus.com/blog/short-story-recommendations,"index,follow",true,false,false,false,,index,本文量・独自性ともに index 維持で問題なし。
/blog/slice-of-life-manga,blog,日常系漫画おすすめ10選｜ほっこり癒やしの時間へ,日常の中の小さな幸せを描いた癒やし系漫画を厳選。仕事の疲れを癒したいときの処方箋10選です。各作品の特徴・見どころ・対象読者を詳しく解説。電子書籍の無料試し読み情報もあわせて紹介します。,3345,0,https://books.kuras-plus.com/blog/slice-of-life-manga,"index,follow",true,false,false,false,,index,本文量・独自性ともに index 維持で問題なし。
/blog/manga-turned-anime-2026,blog,アニメ化された漫画おすすめ15選2026│原作も名作,2026年にアニメ化された、または話題の漫画を厳選。原作の面白さを徹底解剖した15選です。ジャンル別・読みやすさ別に解説。一気読みにおすすめの作品から電子書籍で読める作品まで詳しく紹介します。,3041,0,https://books.kuras-plus.com/blog/manga-turned-anime-2026,"index,follow",true,false,false,false,アニメ(8件),merge,重複候補グループ アニメ(8件)。柱記事への統合 or 内部リンク強化を要検討（削除・redirectはしない）。
/blog/philosophical-novels,blog,哲学的な小説おすすめ15選│人生と存在について考える,人生の意味、存在について深く考えさせる哲学的な小説15選。思想と物語が融合した傑作です。あらすじ・文章の特徴・読後感を詳しく解説。Kindle Unlimitedで読める作品情報もあわせて紹介します。,2944,0,https://books.kuras-plus.com/blog/philosophical-novels,"index,follow",true,false,true,true,,protect,GA4実績ありの保護対象。index維持・内容強化・内部リンク強化。
/blog/ai-books-for-beginners,blog,AIを学ぶ初心者向け本おすすめ10選｜今の話題を基礎から理解する,AIを基礎から学べる本を初心者向けに厳選。ChatGPT・生成AI・AIと社会の関係まで、技術背景がなくても読める入門書から社会・経済視点の本まで紹介します。最初の1冊の選び方から読む順番まで、初めての人が迷わず選べるよう詳しく解説します。,4268,0,https://books.kuras-plus.com/blog/ai-books-for-beginners,"index,follow",true,false,false,false,初心者(21件),merge,重複候補グループ 初心者(21件)。柱記事への統合 or 内部リンク強化を要検討（削除・redirectはしない）。
/blog/ai-books-recommendations,blog,AIのおすすめ本10選｜今の話題を理解したい人向けに厳選,AIのおすすめ本を目的別・読みやすさ別に厳選。技術書ではなく「今のAIニュースが理解できる」「社会への影響がわかる」入門書を10冊紹介します。各作品のあらすじ・選んだ理由・読後感を詳しく解説。あなたの目的に合った1冊が必ず見つかります。,4230,0,https://books.kuras-plus.com/blog/ai-books-recommendations,"index,follow",true,false,false,false,,index,本文量・独自性ともに index 維持で問題なし。
/blog/ai-intro-books,blog,AI入門におすすめの本10選｜何から読めばいいか迷う人向けガイド,AI入門として最初に読むべき本を、目的・タイプ別にガイド。「何から読めばいいかわからない」人が迷わず1冊目を選べるよう、選び方ごとに整理して紹介します。最初の1冊の選び方から読む順番まで、初めての人が迷わず選べるよう詳しく解説します。,3721,0,https://books.kuras-plus.com/blog/ai-intro-books,"index,follow",true,false,false,false,,index,本文量・独自性ともに index 維持で問題なし。
/blog/ai-study-books,blog,AIを勉強したい人向けの本おすすめ10選｜独学の最初に読みたい本,AIを独学で勉強したい人のための本を厳選。技術書でなく「社会への影響がわかる」「仕組みを文系でも理解できる」本を、勉強の進め方とともに紹介します。各作品のあらすじ・選んだ理由・読後感を詳しく解説。あなたの目的に合った1冊が必ず見つかります。,3860,0,https://books.kuras-plus.com/blog/ai-study-books,"index,follow",true,false,false,false,,index,本文量・独自性ともに index 維持で問題なし。
/blog/books-before-bed,blog,寝る前に読みたい本おすすめ10選｜気持ちを整えて眠りに入れる作品,寝る前の読書に向く本を厳選。就寝前は刺激が強すぎず、気持ちが落ち着く作品選びが大切です。温かく読了できる小説・エッセイ・癒やし系の本を読みやすさ順に紹介します。,3898,0,https://books.kuras-plus.com/blog/books-before-bed,"index,follow",true,false,false,false,,index,本文量・独自性ともに index 維持で問題なし。
/blog/books-for-commute,blog,通勤・通学で読みやすい本おすすめ10選｜移動中でも没入できる作品,通勤・通学の移動時間に読みやすい本を厳選。チャプターが短い・テンポがいい・途中で切り上げやすいなど、移動中の読書に向く条件で選んだおすすめ作品を紹介します。各作品のあらすじ・選んだ理由・読後感を詳しく解説。あなたの目的に合った1冊が必ず見つかります。,3734,0,https://books.kuras-plus.com/blog/books-for-commute,"index,follow",true,false,false,false,,index,本文量・独自性ともに index 維持で問題なし。
/blog/crying-manga-recommendations,blog,泣ける漫画おすすめ10選｜感情タイプ別に、今読みたい1冊が見つかる,泣ける漫画を感情タイプ別に厳選して紹介。切ない・じんわり系・号泣系など読後感で選べるようにまとめました。今の気分にぴったりの1冊が見つかります。各作品の特徴・見どころ・対象読者を詳しく解説。電子書籍の無料試し読み情報もあわせて紹介します。,4232,0,https://books.kuras-plus.com/blog/crying-manga-recommendations,"index,follow",true,false,false,false,泣ける(4件),merge,重複候補グループ 泣ける(4件)。柱記事への統合 or 内部リンク強化を要検討（削除・redirectはしない）。
/blog/drama-anime-original-books-guide,blog,ドラマ・アニメから原作本を探したい人へ｜原作を読む楽しみ方ガイド,ドラマ・アニメを観て原作を読みたくなった人向けに、原作探しの方法と人気作品の原作紹介をまとめました。映像と原作の違いを楽しむコツも解説します。ジャンル・難易度別に解説。選び方のポイントと各作品の読みどころも詳しく紹介します。,3784,0,https://books.kuras-plus.com/blog/drama-anime-original-books-guide,"index,follow",true,false,false,false,アニメ(8件),merge,重複候補グループ アニメ(8件)。柱記事への統合 or 内部リンク強化を要検討（削除・redirectはしない）。
/blog/easy-ai-books,blog,AIがわかりやすく学べる本10選｜専門知識がなくても読みやすい入門書,AIをわかりやすく解説した本を厳選。技術知識ゼロ・文系でも読める本を「読みやすさ」最優先で選びました。はじめてAIの本を読む人向けガイドです。最初の1冊の選び方から読む順番まで、初めての人が迷わず選べるよう詳しく解説します。,3501,0,https://books.kuras-plus.com/blog/easy-ai-books,"index,follow",true,false,false,false,,index,本文量・独自性ともに index 維持で問題なし。
/blog/economics-books-for-news,blog,ニュースがわかる経済本おすすめ10選｜物価・金利・景気を理解するために,物価上昇・円安・金利・景気後退——経済ニュースを理解したい人のための本を厳選。難しい数式なし、ニュースの背景がわかる経済入門書10冊を紹介します。各作品のあらすじ・選んだ理由・読後感を詳しく解説。あなたの目的に合った1冊が必ず見つかります。,4131,0,https://books.kuras-plus.com/blog/economics-books-for-news,"index,follow",true,false,false,false,,index,本文量・独自性ともに index 維持で問題なし。
/blog/movie-original-novels-recommendations,blog,映画の原作小説おすすめ10選｜映像のあとに読むともっと面白い作品,映画の原作小説を厳選して紹介。映像化されて話題になった作品の原作を読む楽しみ方、映像と小説の違いを味わうポイントも解説します。映画を観た後に読む本を探している人向けです。,3962,0,https://books.kuras-plus.com/blog/movie-original-novels-recommendations,"index,follow",true,false,false,false,,index,本文量・独自性ともに index 維持で問題なし。
/blog/thought-provoking-novels,blog,考えさせられる小説おすすめ10選｜読後もしばらく残る名作を厳選,読んだあとにじわじわ考えてしまう小説を厳選。社会・人間・人生をテーマにした「読後に余韻が残る名作」を読みやすさと重さ別に整理しました。あらすじ・文章の特徴・読後感を詳しく解説。Kindle Unlimitedで読める作品情報もあわせて紹介します。,4021,0,https://books.kuras-plus.com/blog/thought-provoking-novels,"index,follow",true,false,false,false,,index,本文量・独自性ともに index 維持で問題なし。
/blog/matsumoto-seicho-recommendations,blog,松本清張のおすすめ作品7選｜初心者は何から読む？社会派ミステリー入門,松本清張のおすすめ作品を初心者向けに厳選。社会派ミステリーの代表作を中心に、何から読むか迷う人向けに7冊の特徴・向いている読者・読む順番をネタバレなしで解説します。,3116,0,https://books.kuras-plus.com/blog/matsumoto-seicho-recommendations,"index,follow",true,false,false,false,ミステリー(19件),merge,重複候補グループ ミステリー(19件)。柱記事への統合 or 内部リンク強化を要検討（削除・redirectはしない）。
/blog/authors-like-matsumoto-seicho,blog,松本清張に似た作家10選｜社会派ミステリーが好きなら次はこれ,松本清張を読み終えた人向けに、似た読み味の作家10人を厳選。社会批評・人間描写・重い読後感といった松本清張の魅力を引き継ぐ作家を紹介します。作風・読み心地の類似点を詳しく比較。あなたの次の1冊を見つけるための選び方ガイドつきです。,3158,0,https://books.kuras-plus.com/blog/authors-like-matsumoto-seicho,"index,follow",true,false,false,false,ミステリー(19件),merge,重複候補グループ ミステリー(19件)。柱記事への統合 or 内部リンク強化を要検討（削除・redirectはしない）。
/blog/social-mystery-recommendations,blog,社会派ミステリーおすすめ15選｜松本清張から現代作家まで,社会派ミステリーのおすすめ作品を15冊厳選。松本清張の古典から宮部みゆき・横山秀夫・高村薫などの現代作品まで、読みやすさ別・テーマ別に紹介します。各作品のあらすじ・選んだ理由・読後感を詳しく解説。あなたの目的に合った1冊が必ず見つかります。,3663,0,https://books.kuras-plus.com/blog/social-mystery-recommendations,"index,follow",true,false,false,false,ミステリー(19件),merge,重複候補グループ ミステリー(19件)。柱記事への統合 or 内部リンク強化を要検討（削除・redirectはしない）。
/blog/2026-03-19-nakeru-manga-ranking,blog,【2026年版】泣ける漫画おすすめ10選｜読み終えた後、しばらく動けなくなる感動作品ランキング,泣ける漫画・ヒューマンドラマ漫画のおすすめ10作品を感情タイプ・読後感・おすすめの読者像まで丁寧に解説。号泣したい・前向きになりたい・重めの人間ドラマが好きなど、タイプ別に最適な1冊が見つかります。,5485,2,https://books.kuras-plus.com/blog/2026-03-19-nakeru-manga-ranking,"index,follow",true,false,false,false,泣ける(4件),merge,重複候補グループ 泣ける(4件)。柱記事への統合 or 内部リンク強化を要検討（削除・redirectはしない）。
/blog/crying-manga-ranking,blog,【2026年版】泣ける漫画おすすめ10選｜読み終えた後、しばらく動けなくなる感動作品ランキング,泣ける漫画・感動するヒューマンドラマ漫画のおすすめTOP10を紹介。聲の形・3月のライオン・四月は君の嘘など、人生が変わると評判の名作を感情タイプ別に解説します。,5795,3,https://books.kuras-plus.com/blog/crying-manga-ranking,"index,follow",true,false,false,false,泣ける(4件),merge,重複候補グループ 泣ける(4件)。柱記事への統合 or 内部リンク強化を要検討（削除・redirectはしない）。
/blog/arisugawa-arisu-recommendations,blog,有栖川有栖のおすすめ作品7選｜初心者は何から読む？シリーズ別入門ガイド,有栖川有栖のおすすめ作品を初心者向けに厳選。学生アリス・作家アリスの違いも含め、何から読むか迷う人向けに代表作7冊の特徴と読む順番をネタバレなしで解説します。ジャンル・難易度別に解説。選び方のポイントと各作品の読みどころも詳しく紹介します。,2537,3,https://books.kuras-plus.com/blog/arisugawa-arisu-recommendations,"index,follow",true,false,false,false,初心者(21件),merge,重複候補グループ 初心者(21件)。柱記事への統合 or 内部リンク強化を要検討（削除・redirectはしない）。
/blog/ayatsuji-yukito-recommendations,blog,綾辻行人のおすすめ作品7選｜館シリーズはどこから読む？初心者向けガイド,綾辻行人のおすすめ作品を初心者向けに厳選。館シリーズを何から読むか迷う人向けに、代表作7冊の特徴・向いている読者・読む順番をネタバレなしで解説します。ジャンル・難易度別に解説。選び方のポイントと各作品の読みどころも詳しく紹介します。,2823,3,https://books.kuras-plus.com/blog/ayatsuji-yukito-recommendations,"index,follow",true,false,false,false,初心者(21件),merge,重複候補グループ 初心者(21件)。柱記事への統合 or 内部リンク強化を要検討（削除・redirectはしない）。
/blog/battle-manga-recommendations,blog,【2026年版】バトル漫画おすすめ20選｜戦闘シーンが熱い名作を厳選,バトル漫画のおすすめ20作品を厳選して紹介。王道少年漫画から能力バトル、格闘、戦争系、ダーク系まで幅広くまとめました。各作品のあらすじ・見どころ・向いている人を詳しく解説。マンガアプリの無料試し読み情報もあわせて紹介します。,4069,0,https://books.kuras-plus.com/blog/battle-manga-recommendations,"index,follow",true,false,false,false,,index,本文量・独自性ともに index 維持で問題なし。
/blog/comedy-manga-recommendations,blog,【2026年版】ギャグ・コメディ漫画おすすめ20選｜笑えて元気が出る名作を厳選,ギャグ・コメディ漫画のおすすめ20作品を厳選。学園ギャグ、日常コメディ、シュール系、ラブコメ寄りまで読みやすく紹介します。各作品のあらすじ・見どころ・向いている人を詳しく解説。マンガアプリの無料試し読み情報もあわせて紹介します。,3855,0,https://books.kuras-plus.com/blog/comedy-manga-recommendations,"index,follow",true,false,false,false,,index,本文量・独自性ともに index 維持で問題なし。
/blog/horror-manga-recommendations,blog,【2026年版】ホラー漫画おすすめ20選｜怖いのに止まらない名作を厳選,ホラー漫画のおすすめ20作品を厳選。心霊・サスペンス・怪異・パニック系まで、怖くて面白い名作をまとめました。各作品のあらすじ・見どころ・向いている人を詳しく解説。マンガアプリの無料試し読み情報もあわせて紹介します。,3863,0,https://books.kuras-plus.com/blog/horror-manga-recommendations,"index,follow",true,false,false,false,,index,本文量・独自性ともに index 維持で問題なし。
/blog/kyogoku-natsuhiko-recommendations,blog,京極夏彦おすすめ7選｜何から読む？京極堂シリーズ入門と読む順番を解説【2026年版】,京極夏彦おすすめ7選。「姑獲鳥の夏」「魍魎の匣」など京極堂シリーズを何から読めばいい？読む順番・各作の見どころをネタバレなし・初心者向けに解説。分厚くても最初の1冊で一気にハマれます。,2767,3,https://books.kuras-plus.com/blog/kyogoku-natsuhiko-recommendations,"index,follow",true,false,false,false,,index,本文量・独自性ともに index 維持で問題なし。
/blog/miyabe-miyuki-recommendations,blog,宮部みゆきのおすすめ作品7選｜初心者は何から読む？代表作ガイド,宮部みゆきのおすすめ作品を初心者向けに厳選。何から読むか迷う人向けに、代表作7冊の特徴・向いている読者・読み始める順番をネタバレなしで解説します。ジャンル・難易度別に解説。選び方のポイントと各作品の読みどころも詳しく紹介します。,2559,3,https://books.kuras-plus.com/blog/miyabe-miyuki-recommendations,"index,follow",true,false,false,false,初心者(21件),merge,重複候補グループ 初心者(21件)。柱記事への統合 or 内部リンク強化を要検討（削除・redirectはしない）。
/blog/romance-manga-recommendations,blog,【2026年版】恋愛漫画おすすめ20選｜胸キュンから大人の名作まで厳選,恋愛漫画のおすすめ20作品を厳選。学園恋愛、社会人恋愛、すれ違い系、ラブコメまで幅広く紹介します。各作品のあらすじ・見どころ・向いている人を詳しく解説。マンガアプリの無料試し読み情報もあわせて紹介します。,4467,0,https://books.kuras-plus.com/blog/romance-manga-recommendations,"index,follow",true,false,false,false,恋愛(4件),merge,重複候補グループ 恋愛(4件)。柱記事への統合 or 内部リンク強化を要検討（削除・redirectはしない）。
/blog/sf-manga-recommendations,blog,【2026年版】SF漫画おすすめ20選｜未来・宇宙・AIを描く名作を厳選,SF漫画のおすすめ20作品を厳選。宇宙開発、AI、タイムリープ、ディストピアまで設定が面白い名作をまとめました。各作品のあらすじ・見どころ・向いている人を詳しく解説。マンガアプリの無料試し読み情報もあわせて紹介します。,4370,0,https://books.kuras-plus.com/blog/sf-manga-recommendations,"index,follow",true,false,false,false,SF(14件),merge,重複候補グループ SF(14件)。柱記事への統合 or 内部リンク強化を要検討（削除・redirectはしない）。
/blog/sports-manga-recommendations,blog,【2026年版】スポーツ漫画おすすめ20選｜熱くなれる名作を競技別に厳選,スポーツ漫画のおすすめ20作品を厳選。野球・サッカー・バスケ・バレー・格闘技まで熱くなれる名作を紹介します。各作品のあらすじ・見どころ・向いている人を詳しく解説。マンガアプリの無料試し読み情報もあわせて紹介します。,4403,0,https://books.kuras-plus.com/blog/sports-manga-recommendations,"index,follow",true,false,false,false,,index,本文量・独自性ともに index 維持で問題なし。
/blog/yonezawa-honobu-recommendations,blog,米澤穂信のおすすめ作品8選｜初心者は何から読む？代表作と読む順番ガイド,米澤穂信のおすすめ作品を初心者向けに厳選。古典部シリーズや小市民シリーズ、短編集まで、何から読むか迷う人向けに代表作8冊の特徴と読む順番をネタバレなしで解説します。,7909,3,https://books.kuras-plus.com/blog/yonezawa-honobu-recommendations,"index,follow",true,false,false,false,初心者(21件),merge,重複候補グループ 初心者(21件)。柱記事への統合 or 内部リンク強化を要検討（削除・redirectはしない）。
/blog/agatha-christie-recommendations,blog,アガサ・クリスティのおすすめ作品7選｜初心者にも読みやすい名作を厳選,アガサ・クリスティのおすすめ代表作を初心者向けに整理。最初の1冊の選び方、読む順番、ポアロ・ミス・マープルの入口までわかりやすく解説します。ジャンル・難易度別に解説。選び方のポイントと各作品の読みどころも詳しく紹介します。,3396,3,https://books.kuras-plus.com/blog/agatha-christie-recommendations,"index,follow",true,false,false,false,初心者(21件),merge,重複候補グループ 初心者(21件)。柱記事への統合 or 内部リンク強化を要検討（削除・redirectはしない）。
/blog/conan-doyle-recommendations,blog,コナン・ドイルのおすすめ作品7選｜シャーロック・ホームズ初心者向け名作ガイド,コナン・ドイルの代表作を初心者向けに厳選。シャーロック・ホームズをどこから読むべきか、短編集と長編の選び方、失敗しにくい読む順番までわかりやすく解説します。ジャンル・難易度別に解説。選び方のポイントと各作品の読みどころも詳しく紹介します。,6892,3,https://books.kuras-plus.com/blog/conan-doyle-recommendations,"index,follow",true,false,false,false,初心者(21件),merge,重複候補グループ 初心者(21件)。柱記事への統合 or 内部リンク強化を要検討（削除・redirectはしない）。
/blog/ellery-queen-recommendations,blog,エラリー・クイーンのおすすめ作品5選｜本格ミステリーの名作を初心者向けに解説,エラリー・クイーンのおすすめ代表作を厳選。『Yの悲劇』『Xの悲劇』『Zの悲劇』『ギリシャ棺の謎』『エジプト十字架の謎』を、初心者が選びやすい順番でわかりやすく紹介します。,6688,3,https://books.kuras-plus.com/blog/ellery-queen-recommendations,"index,follow",true,false,false,false,ミステリー(19件),merge,重複候補グループ ミステリー(19件)。柱記事への統合 or 内部リンク強化を要検討（削除・redirectはしない）。
/blog/yokomizo-seishi-recommendations,blog,横溝正史のおすすめ作品5選｜金田一耕助シリーズの名作ガイド,横溝正史の代表作を初心者向けに厳選。金田一耕助シリーズをどこから読むべきか、作品ごとの特徴と失敗しにくい読む順番をネタバレなしで解説します。ジャンル・難易度別に解説。選び方のポイントと各作品の読みどころも詳しく紹介します。,7205,3,https://books.kuras-plus.com/blog/yokomizo-seishi-recommendations,"index,follow",true,false,false,false,,index,本文量・独自性ともに index 維持で問題なし。
/blog/andy-weir-recommendations,blog,アンディ・ウィアーのおすすめ作品5選｜初心者向けの読む順番も解説,アンディ・ウィアーのおすすめ作品を厳選して紹介。『プロジェクト・ヘイル・メアリー』『火星の人』など、初心者向けの読む順番や作品ごとの魅力も分かりやすく解説します。,4608,4,https://books.kuras-plus.com/blog/andy-weir-recommendations,"index,follow",true,false,false,false,初心者(21件),merge,重複候補グループ 初心者(21件)。柱記事への統合 or 内部リンク強化を要検討（削除・redirectはしない）。
/blog/anime-manga,blog,アニメ化された漫画おすすめ20選【原作も面白い人気作品】,アニメ化された人気漫画をランキング形式で紹介。原作も面白いおすすめ作品をまとめました。ジャンル別・読みやすさ別に解説。一気読みにおすすめの作品から電子書籍で読める作品まで詳しく紹介します。,6152,0,https://books.kuras-plus.com/blog/anime-manga,"index,follow",true,false,false,false,アニメ(8件),merge,重複候補グループ アニメ(8件)。柱記事への統合 or 内部リンク強化を要検討（削除・redirectはしない）。
/blog/best-novels,blog,おすすめ小説ランキング【ジャンル別おすすめまとめ】,おすすめ小説をジャンル別にランキング形式で紹介。初心者でも読みやすい名作をまとめました。ジャンル・難易度別に解説。選び方のポイントと各作品の読みどころも詳しく紹介します。,6637,12,https://books.kuras-plus.com/blog/best-novels,"index,follow",true,false,false,false,ランキング(36件),merge,重複候補グループ ランキング(36件)。柱記事への統合 or 内部リンク強化を要検討（削除・redirectはしない）。
/blog/best-sci-fi-authors,blog,海外SF作家おすすめランキング20選｜SF文学の名作を生んだ巨匠たち,海外SF作家のおすすめランキングを紹介。アイザック・アシモフ、アーサー・C・クラーク、フィリップ・K・ディックなど、SF文学を代表する作家を初心者向けに解説します。,3880,14,https://books.kuras-plus.com/blog/best-sci-fi-authors,"index,follow",true,false,false,false,SF(14件),merge,重複候補グループ SF(14件)。柱記事への統合 or 内部リンク強化を要検討（削除・redirectはしない）。
/blog/books-for-beginners,blog,読書初心者におすすめの本【最初の1冊ガイド】,読書初心者におすすめの本を紹介。最初の1冊として読みやすい小説をまとめました。最初の1冊の選び方から読む順番まで、初めての人が迷わず選べるよう詳しく解説します。,6304,11,https://books.kuras-plus.com/blog/books-for-beginners,"index,follow",true,false,false,false,初心者(21件),merge,重複候補グループ 初心者(21件)。柱記事への統合 or 内部リンク強化を要検討（削除・redirectはしない）。
/blog/completed-manga,blog,完結済み漫画おすすめ20選【一気読みできる名作】,完結済み漫画のおすすめ作品をランキング形式で紹介。一気読みできる名作漫画をまとめました。ジャンル別・読みやすさ別に解説。一気読みにおすすめの作品から電子書籍で読める作品まで詳しく紹介します。,6288,0,https://books.kuras-plus.com/blog/completed-manga,"index,follow",true,false,false,false,,index,本文量・独自性ともに index 維持で問題なし。
/blog/frank-herbert-recommendations,blog,フランク・ハーバートのおすすめ作品5選｜デューンシリーズの読む順番も解説,SFの巨匠フランク・ハーバートのおすすめ作品を紹介。『デューン 砂の惑星』を中心に、デューンシリーズの魅力や初心者向けの読む順番を解説します。ジャンル・難易度別に解説。選び方のポイントと各作品の読みどころも詳しく紹介します。,3495,3,https://books.kuras-plus.com/blog/frank-herbert-recommendations,"index,follow",true,false,false,false,,index,本文量・独自性ともに index 維持で問題なし。
/blog/higashino-keigo-books,blog,東野圭吾おすすめ作品ランキング【初心者から読める名作】,東野圭吾のおすすめ作品をランキング形式で詳しく紹介。初心者でも読みやすい名作から代表作まで、各作品の魅力・読む順番・選び方を丁寧に解説します。,4866,6,https://books.kuras-plus.com/blog/higashino-keigo-books,"index,follow",true,false,false,false,ランキング(36件),merge,重複候補グループ ランキング(36件)。柱記事への統合 or 内部リンク強化を要検討（削除・redirectはしない）。
/blog/isaac-asimov-recommendations,blog,アイザック・アシモフのおすすめ作品7選｜初心者向けの読む順番も解説,SFの巨匠アイザック・アシモフのおすすめ作品を紹介。『ファウンデーション』『われはロボット』『鋼鉄都市』など、初心者向けの読む順番と代表作をわかりやすく解説します。,4334,3,https://books.kuras-plus.com/blog/isaac-asimov-recommendations,"index,follow",true,false,false,false,初心者(21件),merge,重複候補グループ 初心者(21件)。柱記事への統合 or 内部リンク強化を要検討（削除・redirectはしない）。
/blog/isaka-kotaro-books,blog,伊坂幸太郎おすすめ作品ランキング【初心者から読める名作】,伊坂幸太郎のおすすめ作品をランキング形式で詳しく紹介。初心者でも読みやすい名作から代表作まで、各作品の魅力・読む順番・選び方を丁寧に解説します。,4765,6,https://books.kuras-plus.com/blog/isaka-kotaro-books,"index,follow",true,false,false,false,ランキング(36件),merge,重複候補グループ ランキング(36件)。柱記事への統合 or 内部リンク強化を要検討（削除・redirectはしない）。
/blog/liu-cixin-recommendations,blog,劉慈欣（リウ・ツーシン）のおすすめ作品7選｜三体シリーズの読む順番も解説,中国SFの巨匠・劉慈欣（リウ・ツーシン）のおすすめ作品を紹介。『三体』『黒暗森林』『死神永生』など三体シリーズの魅力と初心者向けの読む順番を解説します。ジャンル・難易度別に解説。選び方のポイントと各作品の読みどころも詳しく紹介します。,3820,3,https://books.kuras-plus.com/blog/liu-cixin-recommendations,"index,follow",true,false,false,false,,index,本文量・独自性ともに index 維持で問題なし。
/blog/minato-kanae-books,blog,湊かなえおすすめ作品ランキング【初心者から読める名作】,湊かなえのおすすめ作品をランキング形式で詳しく紹介。初心者でも読みやすい名作から代表作まで、各作品の魅力・読む順番・選び方を丁寧に解説します。,4861,6,https://books.kuras-plus.com/blog/minato-kanae-books,"index,follow",true,false,false,false,ランキング(36件),merge,重複候補グループ ランキング(36件)。柱記事への統合 or 内部リンク強化を要検討（削除・redirectはしない）。
/blog/murakami-haruki-books,blog,村上春樹おすすめ作品ランキング【初心者から読める名作】,村上春樹のおすすめ作品をランキング形式で詳しく紹介。初心者でも読みやすい名作から代表作まで、各作品の魅力・読む順番・選び方を丁寧に解説します。,4841,6,https://books.kuras-plus.com/blog/murakami-haruki-books,"index,follow",true,false,false,false,ランキング(36件),merge,重複候補グループ ランキング(36件)。柱記事への統合 or 内部リンク強化を要検討（削除・redirectはしない）。
/blog/mystery-novels,blog,ミステリー小説おすすめ20選【初心者から読める名作】,ミステリー小説のおすすめ作品をランキング形式で紹介。初心者でも読みやすい名作をまとめました。最初の1冊の選び方から読む順番まで、初めての人が迷わず選べるよう詳しく解説します。,7263,3,https://books.kuras-plus.com/blog/mystery-novels,"index,follow",true,false,false,false,ミステリー(19件),merge,重複候補グループ ミステリー(19件)。柱記事への統合 or 内部リンク強化を要検討（削除・redirectはしない）。
/blog/neal-stephenson-recommendations,blog,ニール・スティーヴンスンのおすすめ作品7選｜サイバーパンクSF名作ガイド,サイバーパンクSFの重要作家ニール・スティーヴンスンのおすすめ作品を紹介。『スノウ・クラッシュ』『クリプトノミコン』『セブンイヴス』など、テクノロジーと壮大な物語が魅力の作品を初心者向けに解説します。,3805,3,https://books.kuras-plus.com/blog/neal-stephenson-recommendations,"index,follow",true,false,false,false,SF(14件),merge,重複候補グループ SF(14件)。柱記事への統合 or 内部リンク強化を要検討（削除・redirectはしない）。
/blog/ray-bradbury-recommendations,blog,レイ・ブラッドベリのおすすめ作品7選｜SF初心者向け名作ガイド,SFの巨匠レイ・ブラッドベリのおすすめ作品を紹介。『華氏451度』『火星年代記』『何かが道をやってくる』など、文学性の高いSF名作を初心者向けに解説します。ジャンル・難易度別に解説。選び方のポイントと各作品の読みどころも詳しく紹介します。,3834,3,https://books.kuras-plus.com/blog/ray-bradbury-recommendations,"index,follow",true,false,false,false,SF(14件),merge,重複候補グループ SF(14件)。柱記事への統合 or 内部リンク強化を要検討（削除・redirectはしない）。
/blog/robert-a-heinlein-recommendations,blog,ロバート・A・ハインラインのおすすめ作品7選｜SF初心者向け名作ガイド,SF三大巨匠の一人ロバート・A・ハインラインのおすすめ作品を紹介。『夏への扉』『宇宙の戦士』『異星の客』など代表作を初心者向けに解説します。ジャンル・難易度別に解説。選び方のポイントと各作品の読みどころも詳しく紹介します。,3930,3,https://books.kuras-plus.com/blog/robert-a-heinlein-recommendations,"index,follow",true,false,false,false,SF(14件),merge,重複候補グループ SF(14件)。柱記事への統合 or 内部リンク強化を要検討（削除・redirectはしない）。
/blog/ted-chiang-recommendations,blog,テッド・チャンのおすすめ作品7選｜短編SFの最高傑作ガイド,短編SFの巨匠テッド・チャンのおすすめ作品を紹介。『あなたの人生の物語』『息吹』など、哲学的で知的なSF短編の魅力を初心者向けに解説します。ジャンル・難易度別に解説。選び方のポイントと各作品の読みどころも詳しく紹介します。,3940,3,https://books.kuras-plus.com/blog/ted-chiang-recommendations,"index,follow",true,false,false,false,SF(14件),merge,重複候補グループ SF(14件)。柱記事への統合 or 内部リンク強化を要検討（削除・redirectはしない）。
/blog/tsujimura-mizuki-books,blog,辻村深月おすすめ作品ランキング【初心者から読める名作】,辻村深月のおすすめ作品をランキング形式で詳しく紹介。初心者でも読みやすい名作から代表作まで、各作品の魅力・読む順番・選び方を丁寧に解説します。,4809,6,https://books.kuras-plus.com/blog/tsujimura-mizuki-books,"index,follow",true,false,false,false,ランキング(36件),merge,重複候補グループ ランキング(36件)。柱記事への統合 or 内部リンク強化を要検討（削除・redirectはしない）。
/blog/ursula-k-le-guin-recommendations,blog,アーシュラ・K・ル＝グウィンのおすすめ作品7選｜SF・ファンタジー名作ガイド,SFとファンタジーの巨匠アーシュラ・K・ル＝グウィンのおすすめ作品を紹介。『ゲド戦記』『闇の左手』『所有せざる人々』など代表作を初心者向けに解説します。ジャンル・難易度別に解説。選び方のポイントと各作品の読みどころも詳しく紹介します。,3934,3,https://books.kuras-plus.com/blog/ursula-k-le-guin-recommendations,"index,follow",true,false,false,false,SF(14件),merge,重複候補グループ SF(14件)。柱記事への統合 or 内部リンク強化を要検討（削除・redirectはしない）。
/blog/arthur-c-clarke-recommendations,blog,アーサー・C・クラークおすすめ7選｜SF初心者に最適な代表作と読む順番【2026年版】,アーサー・C・クラークおすすめ7選。「幼年期の終り」「2001年宇宙の旅」など代表作を読む順番つきで徹底解説。SF三大巨匠の傑作を初心者でも楽しめる理由と最初に読むべき1冊を紹介します。,3835,3,https://books.kuras-plus.com/blog/arthur-c-clarke-recommendations,"index,follow",true,false,false,false,SF(14件),merge,重複候補グループ SF(14件)。柱記事への統合 or 内部リンク強化を要検討（削除・redirectはしない）。
/works/002teaa,work,BANANA FISH,,0,0,https://books.kuras-plus.com/works/002teaa,"noindex,follow",false,true,false,false,,noindex,"summary・タグともになし。薄いコンテンツとして noindex,follow（既存方針）。"
/works/003erl0,work,殺人は容易ではない : アガサ・クリスティーの法科学,,0,0,https://books.kuras-plus.com/works/003erl0,"index,follow",true,false,false,false,,strengthen,タグのみ。あらすじ追記で強化推奨。
/works/004s0z3,work,ミステリ・ライブラリ・インヴェスティゲーション = Mystery Library Investigation : 戦後翻訳ミステリ叢書探訪,,0,0,https://books.kuras-plus.com/works/004s0z3,"index,follow",true,false,false,false,,strengthen,タグのみ。あらすじ追記で強化推奨。
/works/004w4z3,work,博士の愛した数式,記憶が80分しか持たない天才数学者と、家政婦の「私」、そして息子ルートの温かな交流を描く小川洋子の本屋大賞受賞作。数学の美しさと人間の絆が静かに響き合う感動の物,140,0,https://books.kuras-plus.com/works/004w4z3,"index,follow",true,false,false,false,,index,あらすじあり。index対象。
/works/008gatx,work,変な家　【連載版】:,,0,0,https://books.kuras-plus.com/works/008gatx,"noindex,follow",false,true,false,false,,noindex,"summary・タグともになし。薄いコンテンツとして noindex,follow（既存方針）。"
/works/009h67s,work,クロスゲーム,野球と淡い恋心を軸に少年の成長を描いたあだち充の青春漫画。語り過ぎない独特の間と台詞が生む余韻が心に染みる名作で、感動的な青春ドラマと野球を愛する読者に強くおす,88,0,https://books.kuras-plus.com/works/009h67s,"index,follow",true,false,false,false,,index,あらすじあり。index対象。
/works/009yl6r,work,味いちもんめ,,0,0,https://books.kuras-plus.com/works/009yl6r,"noindex,follow",false,true,false,false,,noindex,"summary・タグともになし。薄いコンテンツとして noindex,follow（既存方針）。"
/works/00amxoe,work,七人の鬼ごっこ,,0,0,https://books.kuras-plus.com/works/00amxoe,"index,follow",true,false,false,false,,strengthen,タグのみ。あらすじ追記で強化推奨。
/works/00bncw4,work,いちご100％ カラー版,,0,0,https://books.kuras-plus.com/works/00bncw4,"noindex,follow",false,true,false,false,,noindex,"summary・タグともになし。薄いコンテンツとして noindex,follow（既存方針）。"
/works/00bqn0y,work,ひぐらしのなく頃に　鬼隠し編,,0,0,https://books.kuras-plus.com/works/00bqn0y,"noindex,follow",false,true,false,false,,noindex,"summary・タグともになし。薄いコンテンツとして noindex,follow（既存方針）。"
/works/00bxsz5,work,異世界失格,「人間失格」をオマージュした作家が異世界に転移するコメディ漫画。文豪的な苦悩と異世界のギャップが生む独特のユーモアが楽しめる、文学好きにも刺さる異色の異世界コメ,85,0,https://books.kuras-plus.com/works/00bxsz5,"index,follow",true,false,false,false,,index,あらすじあり。index対象。
/works/00dumlb,work,戦国妖狐新装版,,0,0,https://books.kuras-plus.com/works/00dumlb,"noindex,follow",false,true,false,false,,noindex,"summary・タグともになし。薄いコンテンツとして noindex,follow（既存方針）。"
/works/00dx5ar,work,燃えよ剣,新選組副長・土方歳三の生涯を描く司馬遼太郎の傑作時代小説。武州の農家の倅が「武士になる」という一念で幕末を駆け抜け、最後まで武士道を貫く姿は壮絶にして美しい。新,122,0,https://books.kuras-plus.com/works/00dx5ar,"index,follow",true,false,false,false,,index,あらすじあり。index対象。
/works/00e3l9p,work,まんがはいかにして映画になろうとしたか : 映画的手法の研究,,0,0,https://books.kuras-plus.com/works/00e3l9p,"noindex,follow",false,true,false,false,,noindex,"summary・タグともになし。薄いコンテンツとして noindex,follow（既存方針）。"
/works/00eal0o,work,プロミス・シンデレラ,バツイチ女性と年下男子の身分差ラブコメ漫画。テンポの良い展開と個性的なキャラクターが織り成す恋愛ドラマが人気で、大人の恋愛漫画や少女漫画ファンに強くおすすめした,84,0,https://books.kuras-plus.com/works/00eal0o,"index,follow",true,false,false,false,,index,あらすじあり。index対象。
/works/00gbp8m,work,エコエコアザラク２（6）,,0,0,https://books.kuras-plus.com/works/00gbp8m,"noindex,follow",false,true,false,false,,noindex,"summary・タグともになし。薄いコンテンツとして noindex,follow（既存方針）。"
/works/00ge48i,work,無職転生 ~異世界行ったら本気だす~ 1 アニメ化記念特別小冊子付き特装版,,0,0,https://books.kuras-plus.com/works/00ge48i,"noindex,follow",false,true,false,false,,noindex,"summary・タグともになし。薄いコンテンツとして noindex,follow（既存方針）。"
/works/00gmrcd,work,夜叉,,0,0,https://books.kuras-plus.com/works/00gmrcd,"noindex,follow",false,true,false,false,,noindex,"summary・タグともになし。薄いコンテンツとして noindex,follow（既存方針）。"
/works/00hop2z,work,ラストカルテ,,0,0,https://books.kuras-plus.com/works/00hop2z,"noindex,follow",false,true,false,false,,noindex,"summary・タグともになし。薄いコンテンツとして noindex,follow（既存方針）。"
/works/00i200m,work,ハコヅメ,,0,0,https://books.kuras-plus.com/works/00i200m,"noindex,follow",false,true,false,false,,noindex,"summary・タグともになし。薄いコンテンツとして noindex,follow（既存方針）。"
/works/00jt6wu,work,新クロサギ,,0,0,https://books.kuras-plus.com/works/00jt6wu,"noindex,follow",false,true,false,false,,noindex,"summary・タグともになし。薄いコンテンツとして noindex,follow（既存方針）。"
/works/00juypj,work,デジタルトランスフォーメーション・ジャーニー = DIGITAL TRANSFORMATION JOURNEY : 組織のデジタル化から、分断を乗り越えて組織変革にたどりつくまで,DXは単なるIT導入ではない。組織文化そのものを変える長い旅路だ。市谷聡啓が、現場で直面する部門間の分断や抵抗をどう乗り越え、真の組織変革にたどり着くかを実践的,213,0,https://books.kuras-plus.com/works/00juypj,"index,follow",true,false,false,false,,index,あらすじあり。index対象。
/works/00l3e6e,work,対岸の彼女,,0,0,https://books.kuras-plus.com/works/00l3e6e,"index,follow",true,false,false,false,,strengthen,タグのみ。あらすじ追記で強化推奨。
/works/00lkao6,work,5分で読む！ 名作＆文豪ビジュアル大事典,,0,0,https://books.kuras-plus.com/works/00lkao6,"index,follow",true,false,false,false,,strengthen,タグのみ。あらすじ追記で強化推奨。
/works/00p9ayp,work,九井諒子作品集竜のかわいい七つの子,「ダンジョン飯」の九井諒子が描く短編集。ファンタジーの定番設定に人間的な温かさとユーモアを加えた独創的な短編が詰まっており、短編漫画や世界観重視の読者に最適な一,82,0,https://books.kuras-plus.com/works/00p9ayp,"index,follow",true,false,false,false,,index,あらすじあり。index対象。
/works/00q58v0,work,聖闘士星矢 アニメコミックス,,0,0,https://books.kuras-plus.com/works/00q58v0,"noindex,follow",false,true,false,false,,noindex,"summary・タグともになし。薄いコンテンツとして noindex,follow（既存方針）。"
/works/00rbz11,work,トールキン指輪物語事典,,0,0,https://books.kuras-plus.com/works/00rbz11,"index,follow",true,false,false,false,,strengthen,タグのみ。あらすじ追記で強化推奨。
/works/00swc5z,work,ぼっち・ざ・ろっく！アンソロジーコミック　５,,0,0,https://books.kuras-plus.com/works/00swc5z,"noindex,follow",false,true,false,false,,noindex,"summary・タグともになし。薄いコンテンツとして noindex,follow（既存方針）。"
/works/00t2c6q,work,夜行観覧車,高級住宅街に生きる二つの家族の闇と崩壊を描くサスペンス小説。湊かなえ原作による息苦しくも引き込まれる人間ドラマが展開し、家族の形とその歪みについて深く考えさせら,86,0,https://books.kuras-plus.com/works/00t2c6q,"index,follow",true,false,false,false,,index,あらすじあり。index対象。
/works/00t90sf,work,ツバキ文具店,鎌倉を舞台に代書屋を営む若い女性が、依頼人たちの手紙をしたためながら成長していく物語。日本語の美しさと手紙文化の温かさが光る、ゆったりと心が癒されるほっこり系の,85,0,https://books.kuras-plus.com/works/00t90sf,"index,follow",true,false,false,false,,index,あらすじあり。index対象。
/works/00t9z1k,work,学園アリス,,0,0,https://books.kuras-plus.com/works/00t9z1k,"noindex,follow",false,true,false,false,,noindex,"summary・タグともになし。薄いコンテンツとして noindex,follow（既存方針）。"
/works/00vk7kw,work,新装版　バキ,,0,0,https://books.kuras-plus.com/works/00vk7kw,"noindex,follow",false,true,false,false,,noindex,"summary・タグともになし。薄いコンテンツとして noindex,follow（既存方針）。"
/works/00wxyky,work,転生したらあかりだけスライムだった件,,0,0,https://books.kuras-plus.com/works/00wxyky,"noindex,follow",false,true,false,false,,noindex,"summary・タグともになし。薄いコンテンツとして noindex,follow（既存方針）。"
/works/00xl48y,work,フラジャイル = FRAGILE : 病理医岸京一郎の所見.,,0,0,https://books.kuras-plus.com/works/00xl48y,"noindex,follow",false,true,false,false,,noindex,"summary・タグともになし。薄いコンテンツとして noindex,follow（既存方針）。"
/works/00xywy3,work,狼と香辛料亭グルメ探訪記,,0,0,https://books.kuras-plus.com/works/00xywy3,"noindex,follow",false,true,false,false,,noindex,"summary・タグともになし。薄いコンテンツとして noindex,follow（既存方針）。"
/works/00zqpu2,work,シャドウ,親の死の謎を追う子どもたちの視点で描かれる、切なく緊張感あふれる本格ミステリ小説。道尾秀介が繊細な筆致で紡ぐ、子どもの目線から見た大人の世界の影と謎が胸を締め付,83,0,https://books.kuras-plus.com/works/00zqpu2,"index,follow",true,false,false,false,,index,あらすじあり。index対象。
/works/012tbrv,work,ホモ・デウス　下　テクノロジーとサピエンスの未来,,0,0,https://books.kuras-plus.com/works/012tbrv,"index,follow",true,false,false,false,,strengthen,タグのみ。あらすじ追記で強化推奨。
/works/012z9w1,work,愛蔵版　花ざかりの君たちへ,,0,0,https://books.kuras-plus.com/works/012z9w1,"noindex,follow",false,true,false,false,,noindex,"summary・タグともになし。薄いコンテンツとして noindex,follow（既存方針）。"
/works/013qa41,work,食戟のソーマ,,0,0,https://books.kuras-plus.com/works/013qa41,"noindex,follow",false,true,false,false,,noindex,"summary・タグともになし。薄いコンテンツとして noindex,follow（既存方針）。"
/works/014f8to,work,かくしごと,,0,0,https://books.kuras-plus.com/works/014f8to,"noindex,follow",false,true,false,false,,noindex,"summary・タグともになし。薄いコンテンツとして noindex,follow（既存方針）。"
/works/014xscy,work,千歳くんはラムネ瓶のなか.,,0,0,https://books.kuras-plus.com/works/014xscy,"noindex,follow",false,true,false,false,,noindex,"summary・タグともになし。薄いコンテンツとして noindex,follow（既存方針）。"
/works/0152rud,work,棄憶武装士,,0,0,https://books.kuras-plus.com/works/0152rud,"noindex,follow",false,true,false,false,,noindex,"summary・タグともになし。薄いコンテンツとして noindex,follow（既存方針）。"
/works/0156fvc,work,梟の城,,0,0,https://books.kuras-plus.com/works/0156fvc,"noindex,follow",false,true,false,false,,noindex,"summary・タグともになし。薄いコンテンツとして noindex,follow（既存方針）。"
/works/015islg,work,トールキン指輪物語伝説 : 指輪をめぐる神話ファンタジー,,0,0,https://books.kuras-plus.com/works/015islg,"index,follow",true,false,false,false,,strengthen,タグのみ。あらすじ追記で強化推奨。
/works/01601qn,work,孤独のグルメ,,0,0,https://books.kuras-plus.com/works/01601qn,"noindex,follow",false,true,false,false,,noindex,"summary・タグともになし。薄いコンテンツとして noindex,follow（既存方針）。"
/works/016pip0,work,ありふれた職業で世界最強 零,,0,0,https://books.kuras-plus.com/works/016pip0,"noindex,follow",false,true,false,false,,noindex,"summary・タグともになし。薄いコンテンツとして noindex,follow（既存方針）。"
/works/0172sm1,work,無限の住人～幕末ノ章～,,0,0,https://books.kuras-plus.com/works/0172sm1,"noindex,follow",false,true,false,false,,noindex,"summary・タグともになし。薄いコンテンツとして noindex,follow（既存方針）。"
/works/0178pcc,work,わたしは真悟,,0,0,https://books.kuras-plus.com/works/0178pcc,"noindex,follow",false,true,false,false,,noindex,"summary・タグともになし。薄いコンテンツとして noindex,follow（既存方針）。"
/works/018ok8v,work,ヒロイン失格,,0,0,https://books.kuras-plus.com/works/018ok8v,"noindex,follow",false,true,false,false,,noindex,"summary・タグともになし。薄いコンテンツとして noindex,follow（既存方針）。"
/works/01bnjzw,work,吉川英治　大活字本シリーズ　宮本武蔵　第10巻　 二天の巻,,0,0,https://books.kuras-plus.com/works/01bnjzw,"noindex,follow",false,true,false,false,,noindex,"summary・タグともになし。薄いコンテンツとして noindex,follow（既存方針）。"
/works/01ckefy,work,ワンパンマン,どんな敵も一発で倒してしまう最強すぎるヒーロー・サイタマを主人公とするSFギャグバトル漫画。最強であることの空虚さと、それでもヒーローであり続ける男の哲学的テー,92,0,https://books.kuras-plus.com/works/01ckefy,"index,follow",true,false,false,false,,index,あらすじあり。index対象。
/works/01f4x2x,work,マレー鉄道の謎,マレーシアを旅する火村と有栖が現地で遭遇する事件を描く海外旅情ミステリ。異国の風景と本格謎解きが融合した、臨場感あふれる作家アリスシリーズの旅情ミステリ代表作。,80,0,https://books.kuras-plus.com/works/01f4x2x,"index,follow",true,false,false,false,,index,あらすじあり。index対象。
/works/01f86a7,work,海街diary,,0,0,https://books.kuras-plus.com/works/01f86a7,"noindex,follow",false,true,false,false,,noindex,"summary・タグともになし。薄いコンテンツとして noindex,follow（既存方針）。"
/works/01hlu20,work,来世は他人がいい,,0,0,https://books.kuras-plus.com/works/01hlu20,"noindex,follow",false,true,false,false,,noindex,"summary・タグともになし。薄いコンテンツとして noindex,follow（既存方針）。"
/works/01jwjt7,work,マンガでわかる女性とモメない職場の心理学 : 「何が自分と違うのか?」から気持ちをつかむ会話術まで,,0,0,https://books.kuras-plus.com/works/01jwjt7,"noindex,follow",false,true,false,false,,noindex,"summary・タグともになし。薄いコンテンツとして noindex,follow（既存方針）。"
/works/01mai4x,work,凪のお暇,,0,0,https://books.kuras-plus.com/works/01mai4x,"noindex,follow",false,true,false,false,,noindex,"summary・タグともになし。薄いコンテンツとして noindex,follow（既存方針）。"
/works/01nx44x,work,図書館の大魔術師,本が特別な力を持つファンタジー世界を舞台に、図書館員を目指す少年の旅を描いた冒険漫画。本や知識への敬意と美しい世界観が融合し、ファンタジーと知的好奇心を同時に満,89,0,https://books.kuras-plus.com/works/01nx44x,"index,follow",true,false,false,false,,index,あらすじあり。index対象。
/works/01ovvbi,work,往復書簡,手紙のやり取りだけで物語が展開するユニークな構成の湊かなえ作品。書簡という形式の中に隠された秘密と人間のずれが明らかになっていく過程が読みどころで、書簡小説の面,92,0,https://books.kuras-plus.com/works/01ovvbi,"index,follow",true,false,false,false,,index,あらすじあり。index対象。
/works/01qi2j3,work,詩的私的ジャック,連続殺人事件に潜む奇妙な謎を天才科学者・犀川と才媛・西之園萌絵が解くS&Mシリーズ第四弾。詩的なタイトルが示す通り、文学的な雰囲気と鮮やかな論理が融合した森博嗣,88,0,https://books.kuras-plus.com/works/01qi2j3,"index,follow",true,false,false,false,,index,あらすじあり。index対象。
/works/01rc2sy,work,指輪物語完全ガイド,,0,0,https://books.kuras-plus.com/works/01rc2sy,"index,follow",true,false,false,false,,strengthen,タグのみ。あらすじ追記で強化推奨。
/works/01vxnyg,work,ハイキュー!! まんがノベライズ 烏野高校バレーボール部、始動,,0,0,https://books.kuras-plus.com/works/01vxnyg,"noindex,follow",false,true,false,false,,noindex,"summary・タグともになし。薄いコンテンツとして noindex,follow（既存方針）。"
/works/01x5ffi,work,アクタージュ,,0,0,https://books.kuras-plus.com/works/01x5ffi,"noindex,follow",false,true,false,false,,noindex,"summary・タグともになし。薄いコンテンツとして noindex,follow（既存方針）。"
/works/01yt6o0,work,村上春樹「風の歌を聴け」を読む,村上春樹のデビュー作『風の歌を聴け』を精緻に読み解く文芸評論。英正弘は作品の構造、文体、引用されるポップカルチャーの意味を丁寧に分析し、この小説がなぜ日本文学に,195,0,https://books.kuras-plus.com/works/01yt6o0,"index,follow",true,false,false,false,,index,あらすじあり。index対象。
/works/01z1r3e,work,火焰の凶器 : 天久鷹央の事件カルテ,,0,0,https://books.kuras-plus.com/works/01z1r3e,"index,follow",true,false,false,false,,strengthen,タグのみ。あらすじ追記で強化推奨。
/works/021o77p,work,求む、大富豪の花嫁!,,0,0,https://books.kuras-plus.com/works/021o77p,"index,follow",true,false,false,false,,strengthen,タグのみ。あらすじ追記で強化推奨。
/works/0223iad,work,ありふれた職業で世界最強,,0,0,https://books.kuras-plus.com/works/0223iad,"noindex,follow",false,true,false,false,,noindex,"summary・タグともになし。薄いコンテンツとして noindex,follow（既存方針）。"
/works/02381wq,work,銃・病原菌・鉄,,0,0,https://books.kuras-plus.com/works/02381wq,"index,follow",true,false,false,false,,strengthen,タグのみ。あらすじ追記で強化推奨。
/works/023ramx,work,ノラガミ　新装版,,0,0,https://books.kuras-plus.com/works/023ramx,"noindex,follow",false,true,false,false,,noindex,"summary・タグともになし。薄いコンテンツとして noindex,follow（既存方針）。"
/works/024jtlb,work,剣鬼恋歌 : Re:ゼロから始める異世界生活†真銘譚.,,0,0,https://books.kuras-plus.com/works/024jtlb,"noindex,follow",false,true,false,false,,noindex,"summary・タグともになし。薄いコンテンツとして noindex,follow（既存方針）。"
/works/024xj8u,work,アンサングシンデレラ 病院薬剤師 葵みどり,,0,0,https://books.kuras-plus.com/works/024xj8u,"noindex,follow",false,true,false,false,,noindex,"summary・タグともになし。薄いコンテンツとして noindex,follow（既存方針）。"
/works/025vjm8,work,7SEEDS,,0,0,https://books.kuras-plus.com/works/025vjm8,"noindex,follow",false,true,false,false,,noindex,"summary・タグともになし。薄いコンテンツとして noindex,follow（既存方針）。"
/works/0272f7a,work,イニシエーション・ラブ,80年代を舞台にした甘くせつない恋愛小説……のように見えて、最後の数ページで一切が覆る衝撃作。二度読み必至の仕掛けが施された、乾くるみならではの本格ミステリー的,90,0,https://books.kuras-plus.com/works/0272f7a,"index,follow",true,false,false,false,,index,あらすじあり。index対象。
/works/0276vg4,work,龍は眠る,超能力者の少年との出会いから始まる謎と危険を描いた宮部みゆきのサイキックサスペンス小説。温かみある人物描写と手に汗握るサスペンスが共存する、宮部みゆきの魅力が詰,86,0,https://books.kuras-plus.com/works/0276vg4,"index,follow",true,false,false,false,,index,あらすじあり。index対象。
/works/0277ba2,work,暁のARIA,,0,0,https://books.kuras-plus.com/works/0277ba2,"noindex,follow",false,true,false,false,,noindex,"summary・タグともになし。薄いコンテンツとして noindex,follow（既存方針）。"
/works/027eyah,work,超人ロック,,0,0,https://books.kuras-plus.com/works/027eyah,"noindex,follow",false,true,false,false,,noindex,"summary・タグともになし。薄いコンテンツとして noindex,follow（既存方針）。"
/works/027jjnf,work,やはり俺の青春ラブコメはまちがっている。. 7.5,,0,0,https://books.kuras-plus.com/works/027jjnf,"noindex,follow",false,true,false,false,,noindex,"summary・タグともになし。薄いコンテンツとして noindex,follow（既存方針）。"
/works/0295sk0,work,ブルーピリオド,美術と無縁だった高校生が絵画の魅力に取り憑かれ、美大を目指して猛勉強する青春漫画。アートへの情熱と自己表現の苦しさ・喜びが丁寧に描かれ、美術ファンにも必見の感動,87,0,https://books.kuras-plus.com/works/0295sk0,"index,follow",true,false,false,false,,index,あらすじあり。index対象。
/works/029w74c,work,Dr.コトー診療所 完全版,離島に赴任した医師が地域の人々と絆を築く感動医療漫画の完全版。都会の病院では見えにくい地域医療の温かさと厳しさを、丁寧な人間ドラマで描いた長く愛される傑作。,78,0,https://books.kuras-plus.com/works/029w74c,"index,follow",true,false,false,false,,index,あらすじあり。index対象。
/works/02a6hk5,work,終末のワルキューレ Special Edition,,0,0,https://books.kuras-plus.com/works/02a6hk5,"noindex,follow",false,true,false,false,,noindex,"summary・タグともになし。薄いコンテンツとして noindex,follow（既存方針）。"
/works/02avqn4,work,夜のピクニック,高校生活最後の大イベント——全校生徒が夜を徹して八十キロを歩き通す「歩行祭」。その一夜に、甲田貴子はある決意を胸に秘めていた。歩きながら交わされる会話、過去の記,181,0,https://books.kuras-plus.com/works/02avqn4,"index,follow",true,false,false,false,,index,あらすじあり。index対象。
/works/02b2rem,work,新訳ナルニア国物語,衣装だんすの奥に広がる、永遠の冬に閉ざされた魔法の国ナルニア。四人の兄妹は偉大なるライオン・アスランと出会い、白い魔女の支配からこの世界を解放する冒険に身を投じ,189,0,https://books.kuras-plus.com/works/02b2rem,"index,follow",true,false,false,false,,index,あらすじあり。index対象。
/works/02chaz1,work,転生大魔女の異世界暮らし～古代ローマ風国家で始める魔法研究～@COMIC,前世の知識を持つ大魔女が古代ローマ風の異世界に転生し、魔法研究に没頭するファンタジー。知的好奇心あふれる主人公が異文化の中で活躍する、穏やかで知的な異世界漫画。,80,0,https://books.kuras-plus.com/works/02chaz1,"index,follow",true,false,false,false,,index,あらすじあり。index対象。
/works/02ck9vh,work,あやかしトライアングル【期間限定試し読み増量】,,0,0,https://books.kuras-plus.com/works/02ck9vh,"noindex,follow",false,true,false,false,,noindex,"summary・タグともになし。薄いコンテンツとして noindex,follow（既存方針）。"
/works/02dqzfq,work,化物園,,0,0,https://books.kuras-plus.com/works/02dqzfq,"index,follow",true,false,false,false,,strengthen,タグのみ。あらすじ追記で強化推奨。
/works/02en5vn,work,吉川英治　大活字本シリーズ　宮本武蔵　第5巻　 風の巻,,0,0,https://books.kuras-plus.com/works/02en5vn,"noindex,follow",false,true,false,false,,noindex,"summary・タグともになし。薄いコンテンツとして noindex,follow（既存方針）。"
/works/02g1fxk,work,シドニアの騎士,地球を失い巨大宇宙船シドニアで生き延びる人類が謎の生命体と戦うハードSF漫画。無機質な宇宙の孤独と生存への意志を描いた、弐瓶勉の独自世界観が圧倒的な傑作。,77,0,https://books.kuras-plus.com/works/02g1fxk,"index,follow",true,false,false,false,,index,あらすじあり。index対象。
/works/02gs7p0,work,［カラー版］フルーツバスケット,,0,0,https://books.kuras-plus.com/works/02gs7p0,"noindex,follow",false,true,false,false,,noindex,"summary・タグともになし。薄いコンテンツとして noindex,follow（既存方針）。"
/works/02hq3pl,work,チーム・バチスタの栄光,,0,0,https://books.kuras-plus.com/works/02hq3pl,"index,follow",true,false,false,false,,strengthen,タグのみ。あらすじ追記で強化推奨。
/works/02i6kx4,work,シドニアの騎士,,0,0,https://books.kuras-plus.com/works/02i6kx4,"noindex,follow",false,true,false,false,,noindex,"summary・タグともになし。薄いコンテンツとして noindex,follow（既存方針）。"
/works/02kmkmp,work,山本周五郎［未収録］時代小説集成,,0,0,https://books.kuras-plus.com/works/02kmkmp,"noindex,follow",false,true,false,false,,noindex,"summary・タグともになし。薄いコンテンツとして noindex,follow（既存方針）。"
/works/02kvrha,work,マンガでわかる統計学. 因子分析編,,0,0,https://books.kuras-plus.com/works/02kvrha,"noindex,follow",false,true,false,false,,noindex,"summary・タグともになし。薄いコンテンツとして noindex,follow（既存方針）。"
/works/02mkew9,work,僕のヒーローアカデミアすまっしゅ! = MY HERO ACADEMIA SMASH,,0,0,https://books.kuras-plus.com/works/02mkew9,"noindex,follow",false,true,false,false,,noindex,"summary・タグともになし。薄いコンテンツとして noindex,follow（既存方針）。"
/works/02nniaa,work,モダンタイムス,何者かに監視される社会を舞台にしたサスペンス小説。社会や権力への批判的な視点とスリリングな展開が伊坂節で展開し、現代社会への風刺と娯楽性を高次元で融合させた骨太,88,0,https://books.kuras-plus.com/works/02nniaa,"index,follow",true,false,false,false,,index,あらすじあり。index対象。
/works/02oh7qk,work,ブレイブ・ストーリー,家庭崩壊に悩む小学5年生のワタルが、運命を変えるため異世界「幻界」に旅立つ冒険ファンタジー。宮部みゆきが描く少年の成長と冒険は、ゲーム的な世界観と深い人間ドラマ,129,0,https://books.kuras-plus.com/works/02oh7qk,"index,follow",true,false,false,false,,index,あらすじあり。index対象。
/works/02rkdad,work,悪役令嬢なのでラスボスを飼ってみました,,0,0,https://books.kuras-plus.com/works/02rkdad,"noindex,follow",false,true,false,false,,noindex,"summary・タグともになし。薄いコンテンツとして noindex,follow（既存方針）。"
/works/02ro5k9,work,ゆるキャン△,ソロキャンプが好きな女子高生たちのゆったりとしたキャンプ日常漫画。美しい自然の描写と日本各地のキャンプ場情報が楽しめ、アウトドアファンや癒やし系の日常漫画を求め,89,0,https://books.kuras-plus.com/works/02ro5k9,"index,follow",true,false,false,false,,index,あらすじあり。index対象。
/works/02rs9ft,work,沖にむかって泳ぐ,,0,0,https://books.kuras-plus.com/works/02rs9ft,"index,follow",true,false,false,false,,strengthen,タグのみ。あらすじ追記で強化推奨。
/works/02s1ujc,work,黒子のバスケ,「幻の六人目」と呼ばれる影の薄い選手が超人的なバスケチームと戦うスポーツ漫画。個性的すぎる能力を持つ選手たちの激闘と、チームワークの大切さが熱く描かれる。,77,0,https://books.kuras-plus.com/works/02s1ujc,"index,follow",true,false,false,false,,index,あらすじあり。index対象。
/works/02srxot,work,火ノ丸相撲,,0,0,https://books.kuras-plus.com/works/02srxot,"noindex,follow",false,true,false,false,,noindex,"summary・タグともになし。薄いコンテンツとして noindex,follow（既存方針）。"
/works/02u9d70,work,カグラバチ,父を殺した者への復讐を誓う青年刀鍛冶師が戦う妖刀バトル漫画。研ぎ澄まされたアクションと日本刀の美学が融合した、ジャンプ新世代の期待作として注目の作品。,75,0,https://books.kuras-plus.com/works/02u9d70,"index,follow",true,false,false,false,,index,あらすじあり。index対象。
/works/02vaypa,work,怪物王女ナイトメア,,0,0,https://books.kuras-plus.com/works/02vaypa,"noindex,follow",false,true,false,false,,noindex,"summary・タグともになし。薄いコンテンツとして noindex,follow（既存方針）。"
/works/02vuen9,work,くまクマ熊ベアー,,0,0,https://books.kuras-plus.com/works/02vuen9,"noindex,follow",false,true,false,false,,noindex,"summary・タグともになし。薄いコンテンツとして noindex,follow（既存方針）。"
/works/02vwjqt,work,銀の匙 Silver Spoon,,0,0,https://books.kuras-plus.com/works/02vwjqt,"noindex,follow",false,true,false,false,,noindex,"summary・タグともになし。薄いコンテンツとして noindex,follow（既存方針）。"
/works/02z15a5,work,漫画原作で印税1億円を稼ぐ方法 : あなたのビジネス経験がお金に変わる!,,0,0,https://books.kuras-plus.com/works/02z15a5,"noindex,follow",false,true,false,false,,noindex,"summary・タグともになし。薄いコンテンツとして noindex,follow（既存方針）。"
/works/02zua44,work,リエゾン ―こどものこころ診療所―,児童精神科を舞台に、子どもたちと向き合う医師の姿を描いた医療ヒューマン漫画。発達障害などの複雑なテーマを丁寧かつ温かく描き、多くの読者の理解と共感を生む社会派名,82,0,https://books.kuras-plus.com/works/02zua44,"index,follow",true,false,false,false,,index,あらすじあり。index対象。
/works/030jc97,work,【期間限定　無料お試し版】めぞん一刻〔新装版〕,,0,0,https://books.kuras-plus.com/works/030jc97,"noindex,follow",false,true,false,false,,noindex,"summary・タグともになし。薄いコンテンツとして noindex,follow（既存方針）。"
/works/031qx5n,work,ライトノベル新人賞攻略,,0,0,https://books.kuras-plus.com/works/031qx5n,"index,follow",true,false,false,false,,strengthen,タグのみ。あらすじ追記で強化推奨。
/works/031vv7w,work,贖罪,ある事件をきっかけに歪んでいく複数の女性の人生を描く湊かなえの連作サスペンス。重層的な心理描写と衝撃的な展開が読者を引き込み、人間の業と赦しについて深く考えさせ,87,0,https://books.kuras-plus.com/works/031vv7w,"index,follow",true,false,false,false,,index,あらすじあり。index対象。
/works/032bd0x,work,ホタルの嫁入り【単話】,,0,0,https://books.kuras-plus.com/works/032bd0x,"noindex,follow",false,true,false,false,,noindex,"summary・タグともになし。薄いコンテンツとして noindex,follow（既存方針）。"
/works/032msvb,work,エジプト十字架の謎,不可解な十字架型の謎を追うエラリー・クイーンの本格推理小説。アメリカ各地を舞台に展開される壮大なスケールの謎解きと、論理的な推理の連鎖が読者を夢中にさせる黄金期,88,0,https://books.kuras-plus.com/works/032msvb,"index,follow",true,false,false,false,,index,あらすじあり。index対象。
/works/032sc3q,work,僕のヒーローアカデミア,個性（超能力）社会で無個性の少年が最高のヒーローを目指す,28,0,https://books.kuras-plus.com/works/032sc3q,"index,follow",true,false,false,false,,index,あらすじあり。index対象。
/works/033u6n8,work,純愛エゴイスト,,0,0,https://books.kuras-plus.com/works/033u6n8,"index,follow",true,false,false,false,,strengthen,タグのみ。あらすじ追記で強化推奨。
/works/034em79,work,リアル,,0,0,https://books.kuras-plus.com/works/034em79,"noindex,follow",false,true,false,false,,noindex,"summary・タグともになし。薄いコンテンツとして noindex,follow（既存方針）。"
/works/035xwbc,work,恋と弾丸,ヤクザと女性の身分差ラブストーリー漫画。危険な世界と純粋な恋心のギャップが生む緊張感とロマンスが魅力で、ドキドキするような大人の恋愛漫画を探している読者にぴった,85,0,https://books.kuras-plus.com/works/035xwbc,"index,follow",true,false,false,false,,index,あらすじあり。index対象。
/works/0364yfz,work,ゴルゴ13,,0,0,https://books.kuras-plus.com/works/0364yfz,"noindex,follow",false,true,false,false,,noindex,"summary・タグともになし。薄いコンテンツとして noindex,follow（既存方針）。"
/works/036xijn,work,今日から俺は！！,ごく普通の少年二人が転校を機にヤンキーへと変貌するギャグ漫画。抜群のテンポとユーモアで描く80年代不良コメディの傑作で、笑いながら痛快に読み進められる。,76,0,https://books.kuras-plus.com/works/036xijn,"index,follow",true,false,false,false,,index,あらすじあり。index対象。
/works/039gqrq,work,俺物語!!,大柄でモテない純情な男子高校生の不器用で真っすぐな恋愛を描いたラブコメ漫画。既存の少女漫画の枠を超えた主人公の魅力と温かいユーモアで、多くの読者を笑顔にする。,79,0,https://books.kuras-plus.com/works/039gqrq,"index,follow",true,false,false,false,,index,あらすじあり。index対象。
/works/039tjzq,work,Jin : 仁,,0,0,https://books.kuras-plus.com/works/039tjzq,"noindex,follow",false,true,false,false,,noindex,"summary・タグともになし。薄いコンテンツとして noindex,follow（既存方針）。"
/works/03ar1d8,work,ドメスティックな彼女,複雑な家庭環境から生まれる禁断の恋愛を描いた青年漫画。ドラマティックな展開とキャラクターの葛藤が刺激的で、大人向けの恋愛ドラマとして波乱万丈な展開を好む読者に向,85,0,https://books.kuras-plus.com/works/03ar1d8,"index,follow",true,false,false,false,,index,あらすじあり。index対象。
/works/03bbymh,work,本格ミステリ漫画ゼミ,,0,0,https://books.kuras-plus.com/works/03bbymh,"noindex,follow",false,true,false,false,,noindex,"summary・タグともになし。薄いコンテンツとして noindex,follow（既存方針）。"
/works/03bltwm,work,双星の陰陽師,,0,0,https://books.kuras-plus.com/works/03bltwm,"noindex,follow",false,true,false,false,,noindex,"summary・タグともになし。薄いコンテンツとして noindex,follow（既存方針）。"
/works/03cdsw7,work,マンガでわかる恋愛心理学 : 人はなぜ恋をするのか?ひとめぼれは本当の恋愛感情か?,,0,0,https://books.kuras-plus.com/works/03cdsw7,"noindex,follow",false,true,false,false,,noindex,"summary・タグともになし。薄いコンテンツとして noindex,follow（既存方針）。"
/works/03damr1,work,風魔の小次郎究極最終版,,0,0,https://books.kuras-plus.com/works/03damr1,"noindex,follow",false,true,false,false,,noindex,"summary・タグともになし。薄いコンテンツとして noindex,follow（既存方針）。"
/works/03drmv8,work,【期間限定　無料お試し版】今際の国のアリス,,0,0,https://books.kuras-plus.com/works/03drmv8,"noindex,follow",false,true,false,false,,noindex,"summary・タグともになし。薄いコンテンツとして noindex,follow（既存方針）。"
/works/03dtxan,work,箱庭図書館,,0,0,https://books.kuras-plus.com/works/03dtxan,"noindex,follow",false,true,false,false,,noindex,"summary・タグともになし。薄いコンテンツとして noindex,follow（既存方針）。"
/works/03dtz36,work,寄生獣リバーシ,岩明均の名作「寄生獣」を原作に、寄生生物側の視点から描く公式スピンオフ漫画。原作の深いテーマを新たな角度から掘り下げ、ファンには見逃せない新鮮な視点を提供する意,83,0,https://books.kuras-plus.com/works/03dtz36,"index,follow",true,false,false,false,,index,あらすじあり。index対象。
/works/03fzpcd,work,いちご100%,文化祭で出会った不思議な少女に恋した少年の青春ラブコメ漫画。複数のヒロインとの関係が複雑に絡み合う展開が特徴で、甘酸っぱい青春の恋愛模様とコメディを楽しみたい読,88,0,https://books.kuras-plus.com/works/03fzpcd,"index,follow",true,false,false,false,,index,あらすじあり。index対象。
/works/03g1w99,work,いちご100%,,0,0,https://books.kuras-plus.com/works/03g1w99,"noindex,follow",false,true,false,false,,noindex,"summary・タグともになし。薄いコンテンツとして noindex,follow（既存方針）。"
/works/03g5vf4,work,アクセル・ワールドコミックアンソロジー = Accel World Comic Anthology,,0,0,https://books.kuras-plus.com/works/03g5vf4,"noindex,follow",false,true,false,false,,noindex,"summary・タグともになし。薄いコンテンツとして noindex,follow（既存方針）。"
/works/03hrekv,work,指輪物語 旅の仲間,,0,0,https://books.kuras-plus.com/works/03hrekv,"index,follow",true,false,false,false,,strengthen,タグのみ。あらすじ追記で強化推奨。
/works/03hvd1z,work,ウマ娘シンデレラグレイ,,0,0,https://books.kuras-plus.com/works/03hvd1z,"noindex,follow",false,true,false,false,,noindex,"summary・タグともになし。薄いコンテンツとして noindex,follow（既存方針）。"
/works/03jce94,work,異世界食堂,,0,0,https://books.kuras-plus.com/works/03jce94,"index,follow",true,false,false,false,,strengthen,タグのみ。あらすじ追記で強化推奨。
/works/03m7kq4,work,呪術廻戦 20巻 特製ピンズ20個付き同梱版,,0,0,https://books.kuras-plus.com/works/03m7kq4,"noindex,follow",false,true,false,false,,noindex,"summary・タグともになし。薄いコンテンツとして noindex,follow（既存方針）。"
/works/03n5hyk,work,めぞん一刻,下宿屋を舞台に若き未亡人と浪人生の純粋な恋愛を描いた高橋留美子の恋愛漫画の傑作。切なくてもどかしい恋愛描写と昭和の下宿の雰囲気が心地よく、大人の恋愛漫画の原点と,91,0,https://books.kuras-plus.com/works/03n5hyk,"index,follow",true,false,false,false,,index,あらすじあり。index対象。
/works/03nhvui,work,骸骨騎士様、只今異世界へお出掛け中,,0,0,https://books.kuras-plus.com/works/03nhvui,"noindex,follow",false,true,false,false,,noindex,"summary・タグともになし。薄いコンテンツとして noindex,follow（既存方針）。"
/works/03nz1ck,work,ゴブリンスレイヤー：ブランニュー・デイ,,0,0,https://books.kuras-plus.com/works/03nz1ck,"noindex,follow",false,true,false,false,,noindex,"summary・タグともになし。薄いコンテンツとして noindex,follow（既存方針）。"
/works/03pp5y0,work,華らせん,妖艶な花々と螺旋のように絡み合う人間たちの業を描くホラー作品。美しさと恐ろしさが表裏一体となった独特の世界観は、読者を不穏な魅力で引き込んでいく。花という自然の,177,0,https://books.kuras-plus.com/works/03pp5y0,"index,follow",true,false,false,false,,index,あらすじあり。index対象。
/works/03q9dq3,work,裏関ヶ原,,0,0,https://books.kuras-plus.com/works/03q9dq3,"noindex,follow",false,true,false,false,,noindex,"summary・タグともになし。薄いコンテンツとして noindex,follow（既存方針）。"
/works/03qo5nf,work,文藝年鑑 １９９７,1997年の日本文壇を包括的に記録した年鑑。この年に発表された文学作品、文芸賞の受賞者、作家の活動状況、出版界の動向がまとめられた貴重な一次資料だ。90年代後半,215,0,https://books.kuras-plus.com/works/03qo5nf,"index,follow",true,false,false,false,,index,あらすじあり。index対象。
/works/03qrvv2,work,父が娘に語る 美しく、深く、壮大で、とんでもなくわかりやすい経済の話。,元ギリシャ財務大臣が十代の娘に語りかける形式で、経済の本質をわかりやすく解き明かす。市場・資本主義・格差・仮想通貨といった複雑なテーマを物語のように読める。経済,127,0,https://books.kuras-plus.com/works/03qrvv2,"index,follow",true,false,false,false,,index,あらすじあり。index対象。
/works/03ru6il,work,緋色の囁き,綾辻行人による学園ゴシックホラー。閉ざされた空間で繰り広げられる恐怖と謎が絡み合い、読者の想像力を刺激する濃密な雰囲気が魅力の一作。,66,0,https://books.kuras-plus.com/works/03ru6il,"index,follow",true,false,false,false,,index,あらすじあり。index対象。
/works/03u3se7,work,魔都精兵のスレイブ,,0,0,https://books.kuras-plus.com/works/03u3se7,"noindex,follow",false,true,false,false,,noindex,"summary・タグともになし。薄いコンテンツとして noindex,follow（既存方針）。"
/works/03v3btr,work,岳みんなの山,,0,0,https://books.kuras-plus.com/works/03v3btr,"noindex,follow",false,true,false,false,,noindex,"summary・タグともになし。薄いコンテンツとして noindex,follow（既存方針）。"
/works/03w73fz,work,ケンガンオメガ,企業間の代理戦争として行われる格闘競技を描くバトル漫画の続編。前作「ケンガンアシュラ」の世界観を継承しつつ、さらに強敵との激闘が展開する格闘漫画ファン必見のシリ,83,0,https://books.kuras-plus.com/works/03w73fz,"index,follow",true,false,false,false,,index,あらすじあり。index対象。
/works/03wajta,work,ボールルームへようこそ,社交ダンスを題材にした本格スポーツ青春漫画。競技ダンスの美しさと情熱、成長するキャラクターたちの人間ドラマが丁寧に描かれており、スポーツ漫画ファンや芸術系の読者,89,0,https://books.kuras-plus.com/works/03wajta,"index,follow",true,false,false,false,,index,あらすじあり。index対象。
/works/03ziffy,work,魁!!クロマティ高校,,0,0,https://books.kuras-plus.com/works/03ziffy,"noindex,follow",false,true,false,false,,noindex,"summary・タグともになし。薄いコンテンツとして noindex,follow（既存方針）。"
/works/03zsnfg,work,マンガでわかる相対性理論,,0,0,https://books.kuras-plus.com/works/03zsnfg,"noindex,follow",false,true,false,false,,noindex,"summary・タグともになし。薄いコンテンツとして noindex,follow（既存方針）。"
/works/041bjkg,work,追想五断章,5つの「結末のない物語」の本当の結末を探す古書店の青年の謎解きを描くミステリ小説。リドルストーリーという特殊な形式を生かした構成と、切ない読後感が心に残る上質な,87,0,https://books.kuras-plus.com/works/041bjkg,"index,follow",true,false,false,false,,index,あらすじあり。index対象。
/works/041ds09,work,異世界ありがとう【電子限定コラボイラスト特典付き】,,0,0,https://books.kuras-plus.com/works/041ds09,"noindex,follow",false,true,false,false,,noindex,"summary・タグともになし。薄いコンテンツとして noindex,follow（既存方針）。"
/works/041hi27,work,きまぐれロボット,,0,0,https://books.kuras-plus.com/works/041hi27,"index,follow",true,false,false,false,,strengthen,タグのみ。あらすじ追記で強化推奨。
/works/042l61a,work,ボールルームへようこそ,,0,0,https://books.kuras-plus.com/works/042l61a,"noindex,follow",false,true,false,false,,noindex,"summary・タグともになし。薄いコンテンツとして noindex,follow（既存方針）。"
/works/042lwrh,work,ミハスの落日,スペイン・ミハスを旅する中年男が向き合う人生の悔悟と再起を描く旅情ミステリ短編集。異国情緒あふれる舞台と人間ドラマが融合した貫井徳郎の傑作で、旅と謎解きを同時に,91,0,https://books.kuras-plus.com/works/042lwrh,"index,follow",true,false,false,false,,index,あらすじあり。index対象。
/works/0436z1i,work,ミステリと言う勿れ,,0,0,https://books.kuras-plus.com/works/0436z1i,"noindex,follow",false,true,false,false,,noindex,"summary・タグともになし。薄いコンテンツとして noindex,follow（既存方針）。"
/works/0448to3,work,思考は現実化する,鉄鋼王アンドリュー・カーネギーの助言を受け、20年以上の研究で500人以上の成功者を分析してまとめた成功哲学の古典。明確な目標設定・自己暗示・マスターマインドな,140,0,https://books.kuras-plus.com/works/0448to3,"index,follow",true,false,false,false,,index,あらすじあり。index対象。
/works/044s1pd,work,地獄先生ぬ～べ～,,0,0,https://books.kuras-plus.com/works/044s1pd,"noindex,follow",false,true,false,false,,noindex,"summary・タグともになし。薄いコンテンツとして noindex,follow（既存方針）。"
/works/045cnn5,work,君の名は。,田舎の女子高生と東京の男子高生が夢の中で入れ替わる不思議な体験を描いた新海誠監督の大ヒットアニメ映画のノベライズ。運命的な出会いと別れ、時を超えた恋愛が美しく綴,84,0,https://books.kuras-plus.com/works/045cnn5,"index,follow",true,false,false,false,,index,あらすじあり。index対象。
/works/045jjks,work,【フルカラー版】賭ケグルイ,,0,0,https://books.kuras-plus.com/works/045jjks,"noindex,follow",false,true,false,false,,noindex,"summary・タグともになし。薄いコンテンツとして noindex,follow（既存方針）。"
/works/0488kn8,work,サイボーグ009完結編conclusion god's war.,,0,0,https://books.kuras-plus.com/works/0488kn8,"noindex,follow",false,true,false,false,,noindex,"summary・タグともになし。薄いコンテンツとして noindex,follow（既存方針）。"
/works/048dwlb,work,剣客商売,老剣客・秋山小兵衛とその息子・大治郎が江戸を舞台に活躍する池波正太郎の人気時代小説シリーズ。剣の道を極めた父子の絆と、粋な江戸の人間模様が描かれる。料理描写も豊,124,0,https://books.kuras-plus.com/works/048dwlb,"index,follow",true,false,false,false,,index,あらすじあり。index対象。
/works/048y0ju,work,屍人莊殺人事件,,0,0,https://books.kuras-plus.com/works/048y0ju,"index,follow",true,false,false,false,,strengthen,タグのみ。あらすじ追記で強化推奨。
/works/04af9j6,work,エンジェル伝説,,0,0,https://books.kuras-plus.com/works/04af9j6,"noindex,follow",false,true,false,false,,noindex,"summary・タグともになし。薄いコンテンツとして noindex,follow（既存方針）。"
/works/04cvbmj,work,逃げ上手の若君,鎌倉幕府崩壊後の動乱を生き抜く北条時行を主人公にした歴史漫画。「暗殺教室」の松井優征が描く逃げることで戦う異色の歴史ヒーローの成長と戦略が面白い。,73,0,https://books.kuras-plus.com/works/04cvbmj,"index,follow",true,false,false,false,,index,あらすじあり。index対象。
/works/04dex6j,work,ポケット図解病原体と免疫がよーくわかる本,ウイルス、細菌、寄生虫——私たちの体を脅かす病原体と、それに立ち向かう免疫システムの仕組みをポケットサイズで図解した入門書。なつみどりの親しみやすいイラストと解,217,0,https://books.kuras-plus.com/works/04dex6j,"index,follow",true,false,false,false,,index,あらすじあり。index対象。
/works/04er9n4,work,りゅうおうのおしごと!,,0,0,https://books.kuras-plus.com/works/04er9n4,"index,follow",true,false,false,false,,strengthen,タグのみ。あらすじ追記で強化推奨。
/works/04guxo5,work,終末のハーレム,,0,0,https://books.kuras-plus.com/works/04guxo5,"noindex,follow",false,true,false,false,,noindex,"summary・タグともになし。薄いコンテンツとして noindex,follow（既存方針）。"
/works/04hmg2n,work,ハニーレモンソーダ,,0,0,https://books.kuras-plus.com/works/04hmg2n,"noindex,follow",false,true,false,false,,noindex,"summary・タグともになし。薄いコンテンツとして noindex,follow（既存方針）。"
/works/04hn7u2,work,チェンソーマン,チェンソーの悪魔と融合した少年デンジが、悪魔ハンターとして戦うダークアクション漫画。型破りなキャラクターと予測不能なストーリー展開、独特のセンスが読者を引きつけ,89,0,https://books.kuras-plus.com/works/04hn7u2,"index,follow",true,false,false,false,,index,あらすじあり。index対象。
/works/04hwcwj,work,ゼロ・トゥ・ワン,PayPal創業者ピーター・ティールが語る、ゼロから新しい価値を創造する起業の哲学。「競争は敗者のすること」「独占こそ成功の証」など、常識を覆す主張が満載。スタ,132,0,https://books.kuras-plus.com/works/04hwcwj,"index,follow",true,false,false,false,,index,あらすじあり。index対象。
/works/04iodk5,work,本陣殺人事件,婚礼の夜、雪に閉ざされた旧家の離れで花嫁が惨殺された。足跡のない完全な密室状況の中、金田一耕助が推理の糸を手繰り寄せる。横溝正史の記念すべきデビュー長編にして、,186,0,https://books.kuras-plus.com/works/04iodk5,"index,follow",true,false,false,false,,index,あらすじあり。index対象。
/works/04iujpa,work,陰翳礼讃,西洋化が進む日本で失われゆく「陰」の美を、谷崎潤一郎が独自の審美眼で論じた名随筆。薄暗い座敷に浮かぶ漆器の艶、行灯の灯りに映える日本女性の肌、闇に包まれた厠の風,183,0,https://books.kuras-plus.com/works/04iujpa,"index,follow",true,false,false,false,,index,あらすじあり。index対象。
/works/04ixaya,work,祈りの幕が下りる時,加賀恭一郎シリーズの集大成として描かれる感動の長編ミステリ。刑事としての使命と家族への思いが交差する中で事件の真相に迫るドラマが、謎解きの面白さと深い人間ドラマ,89,0,https://books.kuras-plus.com/works/04ixaya,"index,follow",true,false,false,false,,index,あらすじあり。index対象。
/works/04kolcu,work,金色のガッシュ！！ 2 （1）,,0,0,https://books.kuras-plus.com/works/04kolcu,"noindex,follow",false,true,false,false,,noindex,"summary・タグともになし。薄いコンテンツとして noindex,follow（既存方針）。"
/works/04mq5mr,work,ドラゴンボール,,0,0,https://books.kuras-plus.com/works/04mq5mr,"noindex,follow",false,true,false,false,,noindex,"summary・タグともになし。薄いコンテンツとして noindex,follow（既存方針）。"
/works/04nmci1,work,ゴブリンスレイヤー：デイ・イン・ザ・ライフ,,0,0,https://books.kuras-plus.com/works/04nmci1,"noindex,follow",false,true,false,false,,noindex,"summary・タグともになし。薄いコンテンツとして noindex,follow（既存方針）。"
/works/04nspgx,work,やらなくてもいい宿題,日常のちょっとした謎を鮮やかに解くライト青春ミステリ。読みやすい文体と巧みな伏線回収が魅力で、ミステリ初心者にも親しみやすい短編連作集。,68,0,https://books.kuras-plus.com/works/04nspgx,"index,follow",true,false,false,false,,index,あらすじあり。index対象。
/works/04nv56h,work,「嫌われる勇気」特別小冊子　君はアルフレッド・アドラーを知っているか？,ベストセラー『嫌われる勇気』のエッセンスを凝縮した特別小冊子。アドラー心理学の核心である「課題の分離」や「共同体感覚」といった概念を、対話形式でわかりやすく紹介,188,0,https://books.kuras-plus.com/works/04nv56h,"index,follow",true,false,false,false,,index,あらすじあり。index対象。
/works/04o4mc5,work,灼熱カバディ,,0,0,https://books.kuras-plus.com/works/04o4mc5,"noindex,follow",false,true,false,false,,noindex,"summary・タグともになし。薄いコンテンツとして noindex,follow（既存方針）。"
/works/04otbn9,work,シュート!,,0,0,https://books.kuras-plus.com/works/04otbn9,"noindex,follow",false,true,false,false,,noindex,"summary・タグともになし。薄いコンテンツとして noindex,follow（既存方針）。"
/works/04sasst,work,課長島耕作,,0,0,https://books.kuras-plus.com/works/04sasst,"noindex,follow",false,true,false,false,,noindex,"summary・タグともになし。薄いコンテンツとして noindex,follow（既存方針）。"
/works/04syxgy,work,不登校日誌 : 教師と保護者による心のサポート術 : コミックエッセイ,,0,0,https://books.kuras-plus.com/works/04syxgy,"noindex,follow",false,true,false,false,,noindex,"summary・タグともになし。薄いコンテンツとして noindex,follow（既存方針）。"
/works/04t6rmr,work,流星の絆,幼い日の悲劇を胸に秘めた三兄妹が歩む人生と復讐を描くミステリ小説。複雑に絡み合う家族の絆と切ない感情が物語を彩り、謎解きの醍醐味と感動が同時に味わえる東野圭吾の,86,0,https://books.kuras-plus.com/works/04t6rmr,"index,follow",true,false,false,false,,index,あらすじあり。index対象。
/works/04t9o0s,work,浦安鉄筋家族（5）,,0,0,https://books.kuras-plus.com/works/04t9o0s,"noindex,follow",false,true,false,false,,noindex,"summary・タグともになし。薄いコンテンツとして noindex,follow（既存方針）。"
/works/04tgkpi,work,キガタガキタ!~「恐怖新聞」より~,,0,0,https://books.kuras-plus.com/works/04tgkpi,"noindex,follow",false,true,false,false,,noindex,"summary・タグともになし。薄いコンテンツとして noindex,follow（既存方針）。"
/works/04uswes,work,四つの署名,秘められた財宝と複雑な陰謀を巡るホームズ長編第2作。アクション要素とロマンスも交えた冒険ミステリで、探偵小説の古典的魅力が凝縮されている。ホームズシリーズ入門に,87,0,https://books.kuras-plus.com/works/04uswes,"index,follow",true,false,false,false,,index,あらすじあり。index対象。
/works/04xy653,work,SAKAMOTO DAYS,最強の殺し屋だった主人公が足を洗い、家族を守るため奮闘するアクション漫画。スタイリッシュでテンポよい戦闘描写と、ほっこりとした日常描写のギャップが爽快な週刊少年,83,0,https://books.kuras-plus.com/works/04xy653,"index,follow",true,false,false,false,,index,あらすじあり。index対象。
/works/04y6vfi,work,死んだレモン,,0,0,https://books.kuras-plus.com/works/04y6vfi,"index,follow",true,false,false,false,,strengthen,タグのみ。あらすじ追記で強化推奨。
/works/04y9rbb,work,吉川英治　大活字本シリーズ　宮本武蔵　第1巻 地の巻,,0,0,https://books.kuras-plus.com/works/04y9rbb,"noindex,follow",false,true,false,false,,noindex,"summary・タグともになし。薄いコンテンツとして noindex,follow（既存方針）。"
/works/04yi550,work,ヴァニタスの手記,19世紀パリを舞台に、吸血鬼と人間が共存する世界を描く耽美なダークファンタジー漫画。美麗なビジュアルとミステリアスな世界観が融合した、大人の少女漫画ファンに薦め,85,0,https://books.kuras-plus.com/works/04yi550,"index,follow",true,false,false,false,,index,あらすじあり。index対象。
/works/04yqn9l,work,見える子ちゃん,幽霊が見えてしまう女子高生が恐怖をやり過ごしながら日常生活を送るホラーギャグ漫画。笑いと恐怖のギャップが絶妙で、ホラー初心者から上級者まで幅広く楽しめるSNS発,85,0,https://books.kuras-plus.com/works/04yqn9l,"index,follow",true,false,false,false,,index,あらすじあり。index対象。
/works/04ywsu8,work,座敷女,,0,0,https://books.kuras-plus.com/works/04ywsu8,"noindex,follow",false,true,false,false,,noindex,"summary・タグともになし。薄いコンテンツとして noindex,follow（既存方針）。"
/works/05307ru,work,無職転生 〜異世界行ったら本気だす〜,,0,0,https://books.kuras-plus.com/works/05307ru,"noindex,follow",false,true,false,false,,noindex,"summary・タグともになし。薄いコンテンツとして noindex,follow（既存方針）。"
/works/053jq1a,work,すずめの戸締まり,扉を閉めて旅をする少女・すずめと謎の青年の出会いを描く、新海誠監督のロードムービー的ファンタジーのノベライズ。日本各地の廃墟を舞台に繰り広げられる冒険と成長の物,82,0,https://books.kuras-plus.com/works/053jq1a,"index,follow",true,false,false,false,,index,あらすじあり。index対象。
/works/053p7tr,work,ミステリを書く!10のステップ,,0,0,https://books.kuras-plus.com/works/053p7tr,"index,follow",true,false,false,false,,strengthen,タグのみ。あらすじ追記で強化推奨。
/works/0540o25,work,純愛ロマンチカ,,0,0,https://books.kuras-plus.com/works/0540o25,"noindex,follow",false,true,false,false,,noindex,"summary・タグともになし。薄いコンテンツとして noindex,follow（既存方針）。"
/works/055fd83,work,ホーリーランド,,0,0,https://books.kuras-plus.com/works/055fd83,"noindex,follow",false,true,false,false,,noindex,"summary・タグともになし。薄いコンテンツとして noindex,follow（既存方針）。"
/works/0570a0n,work,orange　スターターブック ：,,0,0,https://books.kuras-plus.com/works/0570a0n,"noindex,follow",false,true,false,false,,noindex,"summary・タグともになし。薄いコンテンツとして noindex,follow（既存方針）。"
/works/057zef3,work,金色のガッシュ！！ 2 （2）,,0,0,https://books.kuras-plus.com/works/057zef3,"noindex,follow",false,true,false,false,,noindex,"summary・タグともになし。薄いコンテンツとして noindex,follow（既存方針）。"
/works/059djox,work,三毛猫ホームズの推理,大学の女子寮で起きた密室殺人事件。頼りない刑事・片山義太郎の傍らには、なぜか事件の核心を見抜く天才三毛猫・ホームズがいた。猫が名探偵という斬新な設定で日本ミステ,176,0,https://books.kuras-plus.com/works/059djox,"index,follow",true,false,false,false,,index,あらすじあり。index対象。
/works/059m1wm,work,コミック東野圭吾ミステリー傑作選,東野圭吾の珠玉のミステリー短編が、漫画という新たな表現で蘇る。風祭壮太の作画が、原作の緊張感と人間ドラマを視覚的に増幅させ、活字とは異なる衝撃を生み出している。,209,0,https://books.kuras-plus.com/works/059m1wm,"index,follow",true,false,false,false,,index,あらすじあり。index対象。
/works/059mnqr,work,Dr.コトー診療所 公式版,,0,0,https://books.kuras-plus.com/works/059mnqr,"noindex,follow",false,true,false,false,,noindex,"summary・タグともになし。薄いコンテンツとして noindex,follow（既存方針）。"
/works/05b1u89,work,継母の連れ子が元カノだった【分冊版】,,0,0,https://books.kuras-plus.com/works/05b1u89,"noindex,follow",false,true,false,false,,noindex,"summary・タグともになし。薄いコンテンツとして noindex,follow（既存方針）。"
/works/05bgwl1,work,ARMS,謎の生命体「ARMS」を宿した少年たちが戦う近未来SF漫画。緻密なアクション描写とSF設定、謎解きの面白さが絡み合い、ハードなSFバトル漫画を求める読者に高く評,90,0,https://books.kuras-plus.com/works/05bgwl1,"index,follow",true,false,false,false,,index,あらすじあり。index対象。
/works/05c8x58,work,顔だけじゃ好きになりませんときめき供給倍増し小冊子付き特装版,,0,0,https://books.kuras-plus.com/works/05c8x58,"noindex,follow",false,true,false,false,,noindex,"summary・タグともになし。薄いコンテンツとして noindex,follow（既存方針）。"
/works/05du6uh,work,薬屋のひとりごと～猫猫の後宮謎解き手帳～,,0,0,https://books.kuras-plus.com/works/05du6uh,"noindex,follow",false,true,false,false,,noindex,"summary・タグともになし。薄いコンテンツとして noindex,follow（既存方針）。"
/works/05e18k2,work,ぼくたちは勉強ができない,それぞれ得意分野を持つ天才美少女たちの勉強を見る家庭教師少年のラブコメ漫画。個性的なヒロイン達との交流と受験をテーマにした王道少年ラブコメの楽しい一作。,76,0,https://books.kuras-plus.com/works/05e18k2,"index,follow",true,false,false,false,,index,あらすじあり。index対象。
/works/05eqguf,work,アンサング・シンデレラ,,0,0,https://books.kuras-plus.com/works/05eqguf,"noindex,follow",false,true,false,false,,noindex,"summary・タグともになし。薄いコンテンツとして noindex,follow（既存方針）。"
/works/05gq12q,work,探偵ガリレオ,,0,0,https://books.kuras-plus.com/works/05gq12q,"index,follow",true,false,false,false,,strengthen,タグのみ。あらすじ追記で強化推奨。
/works/05j3viu,work,2.5次元の誘惑,,0,0,https://books.kuras-plus.com/works/05j3viu,"noindex,follow",false,true,false,false,,noindex,"summary・タグともになし。薄いコンテンツとして noindex,follow（既存方針）。"
/works/05jzftp,work,冒険王ビィト,,0,0,https://books.kuras-plus.com/works/05jzftp,"noindex,follow",false,true,false,false,,noindex,"summary・タグともになし。薄いコンテンツとして noindex,follow（既存方針）。"
/works/05k0hh2,work,ソードアート・オンライン【ノベル分冊版】　アインクラッド,,0,0,https://books.kuras-plus.com/works/05k0hh2,"noindex,follow",false,true,false,false,,noindex,"summary・タグともになし。薄いコンテンツとして noindex,follow（既存方針）。"
/works/05kc68o,work,三四郎,,0,0,https://books.kuras-plus.com/works/05kc68o,"index,follow",true,false,false,false,,strengthen,タグのみ。あらすじ追記で強化推奨。
/works/05l7g3l,work,真説 ザ・ワールド・イズ・マイン 1巻（1）,,0,0,https://books.kuras-plus.com/works/05l7g3l,"noindex,follow",false,true,false,false,,noindex,"summary・タグともになし。薄いコンテンツとして noindex,follow（既存方針）。"
/works/05lla37,work,シャーマンキングＦＬＯＷＥＲＳ,,0,0,https://books.kuras-plus.com/works/05lla37,"noindex,follow",false,true,false,false,,noindex,"summary・タグともになし。薄いコンテンツとして noindex,follow（既存方針）。"
/works/05lqhnp,work,老人と宇宙,七十五歳の誕生日に宇宙軍に入隊する——それが地球人に与えられた選択肢だった。老いた身体を捨て、強化された新たな肉体で銀河の戦場に立つ元老人たち。ジョン・スコルジ,182,0,https://books.kuras-plus.com/works/05lqhnp,"index,follow",true,false,false,false,,index,あらすじあり。index対象。
/works/05mqcs1,work,暗殺教室,超生物の担任教師と生徒たちの師弟愛を描くユニークな学園漫画。笑いと涙と熱い感動が詰まった唯一無二の設定で、子どもから大人まで夢中にさせる爽快感と温かさが魅力の傑,82,0,https://books.kuras-plus.com/works/05mqcs1,"index,follow",true,false,false,false,,index,あらすじあり。index対象。
/works/05nzvbe,work,ストロボ・エッジ,咲坂伊緒による初めての恋とその眩しさを描いた少女漫画。うまく言葉にできない恋心と青春の瞬間を繊細なタッチで描き、初恋の甘酸っぱさを全力で楽しみたい読者に。,77,0,https://books.kuras-plus.com/works/05nzvbe,"index,follow",true,false,false,false,,index,あらすじあり。index対象。
/works/05o4hns,work,金色のガッシュ！！ 完全版（1）,,0,0,https://books.kuras-plus.com/works/05o4hns,"noindex,follow",false,true,false,false,,noindex,"summary・タグともになし。薄いコンテンツとして noindex,follow（既存方針）。"
/works/05olm8n,work,もやしもん,肉眼で菌が見える特殊能力を持つ農大生の日常を描くユニーク農業漫画。発酵・微生物・農学の豆知識をコミカルに学べ、食と科学に興味が湧く大人も楽しめる教養漫画。,77,0,https://books.kuras-plus.com/works/05olm8n,"index,follow",true,false,false,false,,index,あらすじあり。index対象。
/works/05pqa1a,work,覚悟のススメ（7）,,0,0,https://books.kuras-plus.com/works/05pqa1a,"noindex,follow",false,true,false,false,,noindex,"summary・タグともになし。薄いコンテンツとして noindex,follow（既存方針）。"
/works/05tk0ni,work,山田くんとLv999の恋をする,オンラインゲームを通じて出会った二人の社会人の恋愛を描いたラブコメ漫画。ゲームの世界と現実の距離が縮まる様子が微笑ましく、ゲーム好きや大人の恋愛漫画が好きな読者,87,0,https://books.kuras-plus.com/works/05tk0ni,"index,follow",true,false,false,false,,index,あらすじあり。index対象。
/works/05ub401,work,運命の人に出会う話,運命の出会いをテーマにした短編連作ラブストーリー漫画。様々な形の縁と恋愛が温かく描かれており、恋愛漫画やオムニバス形式の物語が好きな読者にほんわかした気持ちを届,83,0,https://books.kuras-plus.com/works/05ub401,"index,follow",true,false,false,false,,index,あらすじあり。index対象。
/works/05va7hc,work,金色のガッシュ！！ 2 （3）,,0,0,https://books.kuras-plus.com/works/05va7hc,"noindex,follow",false,true,false,false,,noindex,"summary・タグともになし。薄いコンテンツとして noindex,follow（既存方針）。"
/works/05vxbou,work,図書館戦争　図書館戦争シリーズ,本の自由を守るために戦う図書隊員たちの青春と恋愛を描くエンタテインメント小説。社会への問いかけとラブコメ要素が絶妙に絡み合い、読み応えたっぷりの笑いあり涙ありの,90,0,https://books.kuras-plus.com/works/05vxbou,"index,follow",true,false,false,false,,index,あらすじあり。index対象。
/works/05wfjxj,work,ブラック・ジャック　1（少年チャンピオン・コミックス）,無免許の天才外科医ブラック・ジャックが命と向き合う医療漫画の永遠の名作。手塚治虫が命の尊さと人間の業を深く掘り下げた作品で、哲学的なテーマと感動のドラマが融合し,92,0,https://books.kuras-plus.com/works/05wfjxj,"index,follow",true,false,false,false,,index,あらすじあり。index対象。
/works/05xwqsa,work,ホットギミック,,0,0,https://books.kuras-plus.com/works/05xwqsa,"noindex,follow",false,true,false,false,,noindex,"summary・タグともになし。薄いコンテンツとして noindex,follow（既存方針）。"
/works/05y8ve2,work,ファンタジスタ,,0,0,https://books.kuras-plus.com/works/05y8ve2,"noindex,follow",false,true,false,false,,noindex,"summary・タグともになし。薄いコンテンツとして noindex,follow（既存方針）。"
/works/0600ls1,work,新説狼と香辛料狼と羊皮紙 1,,0,0,https://books.kuras-plus.com/works/0600ls1,"noindex,follow",false,true,false,false,,noindex,"summary・タグともになし。薄いコンテンツとして noindex,follow（既存方針）。"
/works/060c331,work,サバイバルゲーム入門 : マンガ版,,0,0,https://books.kuras-plus.com/works/060c331,"noindex,follow",false,true,false,false,,noindex,"summary・タグともになし。薄いコンテンツとして noindex,follow（既存方針）。"
/works/062zrev,work,さよなら絶望先生,,0,0,https://books.kuras-plus.com/works/062zrev,"noindex,follow",false,true,false,false,,noindex,"summary・タグともになし。薄いコンテンツとして noindex,follow（既存方針）。"
/works/063konc,work,であいもん (2),,0,0,https://books.kuras-plus.com/works/063konc,"noindex,follow",false,true,false,false,,noindex,"summary・タグともになし。薄いコンテンツとして noindex,follow（既存方針）。"
/works/064c6oe,work,ゆびさきと恋々,,0,0,https://books.kuras-plus.com/works/064c6oe,"noindex,follow",false,true,false,false,,noindex,"summary・タグともになし。薄いコンテンツとして noindex,follow（既存方針）。"
/works/065t73c,work,将太の寿司,,0,0,https://books.kuras-plus.com/works/065t73c,"noindex,follow",false,true,false,false,,noindex,"summary・タグともになし。薄いコンテンツとして noindex,follow（既存方針）。"
/works/0661xkl,work,Parasite in love. Collection box,,0,0,https://books.kuras-plus.com/works/0661xkl,"noindex,follow",false,true,false,false,,noindex,"summary・タグともになし。薄いコンテンツとして noindex,follow（既存方針）。"
/works/0668l0a,work,小説　ちはやふる　中学生編,,0,0,https://books.kuras-plus.com/works/0668l0a,"noindex,follow",false,true,false,false,,noindex,"summary・タグともになし。薄いコンテンツとして noindex,follow（既存方針）。"
/works/066boov,work,超人ロック 完全版 星と少年,,0,0,https://books.kuras-plus.com/works/066boov,"noindex,follow",false,true,false,false,,noindex,"summary・タグともになし。薄いコンテンツとして noindex,follow（既存方針）。"
/works/066der0,work,赤ちゃんと僕,,0,0,https://books.kuras-plus.com/works/066der0,"noindex,follow",false,true,false,false,,noindex,"summary・タグともになし。薄いコンテンツとして noindex,follow（既存方針）。"
/works/067atnp,work,アンダーニンジャ,現代日本に潜む忍者たちの生態を独特の視点で描いたサスペンス漫画。シュールな笑いとリアルな緊張感が共存するほかにない作風で、花沢健吾ファンや変化球好きの読者を唸ら,83,0,https://books.kuras-plus.com/works/067atnp,"index,follow",true,false,false,false,,index,あらすじあり。index対象。
/works/067pnwr,work,増田こうすけ劇場 ギャグマンガ日和GB,,0,0,https://books.kuras-plus.com/works/067pnwr,"noindex,follow",false,true,false,false,,noindex,"summary・タグともになし。薄いコンテンツとして noindex,follow（既存方針）。"
/works/067wdee,work,蜘蛛ですが、なにか?,,0,0,https://books.kuras-plus.com/works/067wdee,"noindex,follow",false,true,false,false,,noindex,"summary・タグともになし。薄いコンテンツとして noindex,follow（既存方針）。"
/works/068xnqu,work,彼岸島 : 最後の47日間,,0,0,https://books.kuras-plus.com/works/068xnqu,"noindex,follow",false,true,false,false,,noindex,"summary・タグともになし。薄いコンテンツとして noindex,follow（既存方針）。"
/works/069g6xa,work,マスカレード・ホテル,連続殺人の予告状に基づき、ホテルに潜入した刑事がフロントクラークとバディを組む警察小説。緻密なプロットと個性豊かな宿泊客たちの人間模様が楽しめる、東野圭吾の人気,88,0,https://books.kuras-plus.com/works/069g6xa,"index,follow",true,false,false,false,,index,あらすじあり。index対象。
/works/069rr53,work,超人ロック 完全版 ロンウォールの嵐,,0,0,https://books.kuras-plus.com/works/069rr53,"noindex,follow",false,true,false,false,,noindex,"summary・タグともになし。薄いコンテンツとして noindex,follow（既存方針）。"
/works/06a23as,work,Monster. chapter 9 (なまえのないかいぶつ),,0,0,https://books.kuras-plus.com/works/06a23as,"noindex,follow",false,true,false,false,,noindex,"summary・タグともになし。薄いコンテンツとして noindex,follow（既存方針）。"
/works/06bfaq1,work,金色のガッシュ！！ 完全版（2）,,0,0,https://books.kuras-plus.com/works/06bfaq1,"noindex,follow",false,true,false,false,,noindex,"summary・タグともになし。薄いコンテンツとして noindex,follow（既存方針）。"
/works/06d12p8,work,MOONLIGHT MILE,,0,0,https://books.kuras-plus.com/works/06d12p8,"noindex,follow",false,true,false,false,,noindex,"summary・タグともになし。薄いコンテンツとして noindex,follow（既存方針）。"
/works/06dpe04,work,プラチナエンド,,0,0,https://books.kuras-plus.com/works/06dpe04,"noindex,follow",false,true,false,false,,noindex,"summary・タグともになし。薄いコンテンツとして noindex,follow（既存方針）。"
/works/06f3luo,work,無職転生 ～異世界行ったら本気だす～,,0,0,https://books.kuras-plus.com/works/06f3luo,"noindex,follow",false,true,false,false,,noindex,"summary・タグともになし。薄いコンテンツとして noindex,follow（既存方針）。"
/works/06h69b3,work,ガラスの仮面,演劇の天才少女が女優を目指して奮闘する少女漫画の金字塔。演技への情熱と才能の開花、ライバルとの死闘が圧倒的な熱量で描かれる大作で、演劇好きや夢追い系少女漫画の最,94,0,https://books.kuras-plus.com/works/06h69b3,"index,follow",true,false,false,false,,index,あらすじあり。index対象。
/works/06hwgcl,work,賭ケグルイ,,0,0,https://books.kuras-plus.com/works/06hwgcl,"noindex,follow",false,true,false,false,,noindex,"summary・タグともになし。薄いコンテンツとして noindex,follow（既存方針）。"
/works/06ir3k7,work,マンガと図鑑でおもしろい!わかる元素の本,,0,0,https://books.kuras-plus.com/works/06ir3k7,"noindex,follow",false,true,false,false,,noindex,"summary・タグともになし。薄いコンテンツとして noindex,follow（既存方針）。"
/works/06k0u1x,work,夏のレプリカ,誘拐事件の真相をめぐる二つの物語が並走するS&Mシリーズ第七弾。「幻惑の死と使途」と同時期を描いた異色の構成と、鮮やかなどんでん返しが森博嗣ミステリの奥深さを示,84,0,https://books.kuras-plus.com/works/06k0u1x,"index,follow",true,false,false,false,,index,あらすじあり。index対象。
/works/06kdle9,work,ANGEL VOICE,,0,0,https://books.kuras-plus.com/works/06kdle9,"noindex,follow",false,true,false,false,,noindex,"summary・タグともになし。薄いコンテンツとして noindex,follow（既存方針）。"
/works/06kpild,work,東京喰種トーキョーグール:re,,0,0,https://books.kuras-plus.com/works/06kpild,"noindex,follow",false,true,false,false,,noindex,"summary・タグともになし。薄いコンテンツとして noindex,follow（既存方針）。"
/works/06kqc5j,work,エコエコアザラクREBORN,,0,0,https://books.kuras-plus.com/works/06kqc5j,"noindex,follow",false,true,false,false,,noindex,"summary・タグともになし。薄いコンテンツとして noindex,follow（既存方針）。"
/works/06lkir7,work,聖剣学院の魔剣使い,,0,0,https://books.kuras-plus.com/works/06lkir7,"noindex,follow",false,true,false,false,,noindex,"summary・タグともになし。薄いコンテンツとして noindex,follow（既存方針）。"
/works/06ma7uh,work,ペナンブラ氏の24時間書店,,0,0,https://books.kuras-plus.com/works/06ma7uh,"index,follow",true,false,false,false,,strengthen,タグのみ。あらすじ追記で強化推奨。
/works/06mczwe,work,プロジェクト・ヘイル・メアリー　上,目覚めたら宇宙船の中、記憶はない、仲間は全員死んでいる——。アンディ・ウィアーが『火星の人』に続いて放つSF大作の上巻。地球を救うという途方もないミッションを背,193,0,https://books.kuras-plus.com/works/06mczwe,"index,follow",true,false,false,false,,index,あらすじあり。index対象。
/works/06myid4,work,吉川英治　大活字本シリーズ　宮本武蔵　第8巻　 空の巻,,0,0,https://books.kuras-plus.com/works/06myid4,"noindex,follow",false,true,false,false,,noindex,"summary・タグともになし。薄いコンテンツとして noindex,follow（既存方針）。"
/works/06picpc,work,ハカイジュウ（2）,,0,0,https://books.kuras-plus.com/works/06picpc,"noindex,follow",false,true,false,false,,noindex,"summary・タグともになし。薄いコンテンツとして noindex,follow（既存方針）。"
/works/06qljtz,work,ラブひな,女子寮の管理人になった浪人生と個性豊かな住人たちが繰り広げるドタバタラブコメ漫画。ハーレム系ラブコメの草分け的存在として多くのファンを持ち、ドタバタ笑いと甘い恋,90,0,https://books.kuras-plus.com/works/06qljtz,"index,follow",true,false,false,false,,index,あらすじあり。index対象。
/works/06sgbp2,work,小説のように,,0,0,https://books.kuras-plus.com/works/06sgbp2,"index,follow",true,false,false,false,,strengthen,タグのみ。あらすじ追記で強化推奨。
/works/06suzhw,work,宝石の国,宝石でできた人型生命体が敵と戦いながら自分の存在意義を問い続けるSFファンタジー漫画。美しく儚い世界観と哲学的なテーマが融合した、唯一無二の読み心地の傑作。,78,0,https://books.kuras-plus.com/works/06suzhw,"index,follow",true,false,false,false,,index,あらすじあり。index対象。
/works/06u1ha7,work,無職転生 : エリスは本気で牙を砥ぐ,,0,0,https://books.kuras-plus.com/works/06u1ha7,"noindex,follow",false,true,false,false,,noindex,"summary・タグともになし。薄いコンテンツとして noindex,follow（既存方針）。"
/works/06v2b4l,work,アウター・ゾーン,,0,0,https://books.kuras-plus.com/works/06v2b4l,"noindex,follow",false,true,false,false,,noindex,"summary・タグともになし。薄いコンテンツとして noindex,follow（既存方針）。"
/works/06vf1zp,work,アウターゾーン,,0,0,https://books.kuras-plus.com/works/06vf1zp,"noindex,follow",false,true,false,false,,noindex,"summary・タグともになし。薄いコンテンツとして noindex,follow（既存方針）。"
/works/06vv99b,work,ひとんち : 澤村伊智短編集,,0,0,https://books.kuras-plus.com/works/06vv99b,"index,follow",true,false,false,false,,strengthen,タグのみ。あらすじ追記で強化推奨。
/works/06xw2az,work,漢文の知識ゼロでも、桃太郎のマンガで共通テストまでの力がしっかり身につく,,0,0,https://books.kuras-plus.com/works/06xw2az,"noindex,follow",false,true,false,false,,noindex,"summary・タグともになし。薄いコンテンツとして noindex,follow（既存方針）。"
/works/06yq3sa,work,金色のガッシュ！！ 完全版（3）,,0,0,https://books.kuras-plus.com/works/06yq3sa,"noindex,follow",false,true,false,false,,noindex,"summary・タグともになし。薄いコンテンツとして noindex,follow（既存方針）。"
/works/06zaclb,work,エコエコアザラク,,0,0,https://books.kuras-plus.com/works/06zaclb,"noindex,follow",false,true,false,false,,noindex,"summary・タグともになし。薄いコンテンツとして noindex,follow（既存方針）。"
/works/070j15z,work,ラブひな,,0,0,https://books.kuras-plus.com/works/070j15z,"noindex,follow",false,true,false,false,,noindex,"summary・タグともになし。薄いコンテンツとして noindex,follow（既存方針）。"
/works/070nplb,work,おぼっちゃまくん,,0,0,https://books.kuras-plus.com/works/070nplb,"noindex,follow",false,true,false,false,,noindex,"summary・タグともになし。薄いコンテンツとして noindex,follow（既存方針）。"
/works/070sdfa,work,アクロイド殺し,本格ミステリ史に残る革命的な一作。名探偵エルキュール・ポワロが村の事件を解決する中で、読者の常識を覆す仕掛けが待ち受けている。ミステリファンなら絶対に読んでおき,85,0,https://books.kuras-plus.com/works/070sdfa,"index,follow",true,false,false,false,,index,あらすじあり。index対象。
/works/070uee3,work,黄泉のツガイ,ある秘密を抱えた山村で育った少年が、独自の「ツガイ」制度と神秘的な力に翻弄されるダークファンタジー漫画。「鋼の錬金術師」の荒川弘が描く、和の世界観と謎が絡み合う,92,0,https://books.kuras-plus.com/works/070uee3,"index,follow",true,false,false,false,,index,あらすじあり。index対象。
/works/074d95g,work,ひぐらしのなく頃に令　鬼熾し編,,0,0,https://books.kuras-plus.com/works/074d95g,"noindex,follow",false,true,false,false,,noindex,"summary・タグともになし。薄いコンテンツとして noindex,follow（既存方針）。"
/works/0751u3l,work,ハゲタカ,,0,0,https://books.kuras-plus.com/works/0751u3l,"index,follow",true,false,false,false,,strengthen,タグのみ。あらすじ追記で強化推奨。
/works/075bweh,work,黒執事,19世紀ヴィクトリア朝イギリスを舞台に、悪魔の執事に仕えさせる貴族の少年の物語。ゴシックで退廃的な美しさと謎めいたストーリーが融合した少女漫画で、ダークでエレガ,95,0,https://books.kuras-plus.com/works/075bweh,"index,follow",true,false,false,false,,index,あらすじあり。index対象。
/works/075vtlu,work,金色のガッシュ！！ 2 （5）,,0,0,https://books.kuras-plus.com/works/075vtlu,"noindex,follow",false,true,false,false,,noindex,"summary・タグともになし。薄いコンテンツとして noindex,follow（既存方針）。"
/works/077y9hh,work,生成AI小説創作入門,ChatGPTをはじめとする生成AIは、小説の書き方をどう変えるのか。田近葵が、AIを創作パートナーとして活用するための具体的な手法と注意点を解説する時代の最先,228,0,https://books.kuras-plus.com/works/077y9hh,"index,follow",true,false,false,false,,index,あらすじあり。index対象。
/works/07980mi,work,土竜の唄,警察の潜入捜査官として極道の世界に飛び込む若者の活躍を描いたクライムアクション漫画。笑いとアクションのバランスが絶妙で、ヤクザ漫画やアクション好きの大人読者を長,90,0,https://books.kuras-plus.com/works/07980mi,"index,follow",true,false,false,false,,index,あらすじあり。index対象。
/works/079wgsf,work,雪国,「国境の長いトンネルを抜けると雪国であった」。この有名な書き出しで始まる川端康成のノーベル文学賞受賞作。雪深い温泉町を舞台に、旅の男と芸者駒子の哀しい恋を美しい,127,0,https://books.kuras-plus.com/works/079wgsf,"index,follow",true,false,false,false,,index,あらすじあり。index対象。
/works/07bktpl,work,To LOVEる,,0,0,https://books.kuras-plus.com/works/07bktpl,"noindex,follow",false,true,false,false,,noindex,"summary・タグともになし。薄いコンテンツとして noindex,follow（既存方針）。"
/works/07c9die,work,バンパイアハンターD,,0,0,https://books.kuras-plus.com/works/07c9die,"noindex,follow",false,true,false,false,,noindex,"summary・タグともになし。薄いコンテンツとして noindex,follow（既存方針）。"
/works/07cz1j4,work,ゼロの焦点・Dの複合,松本清張の代表的社会派ミステリ二作品を収録。戦後日本の暗い現実と人間の業を鋭く描いた作品で、完成度の高いトリックと社会への批評眼が読者をぐいぐいと引き込む名作集,81,0,https://books.kuras-plus.com/works/07cz1j4,"index,follow",true,false,false,false,,index,あらすじあり。index対象。
/works/07emcwt,work,超人ロック 完全版 冬の惑星,,0,0,https://books.kuras-plus.com/works/07emcwt,"noindex,follow",false,true,false,false,,noindex,"summary・タグともになし。薄いコンテンツとして noindex,follow（既存方針）。"
/works/07epu0z,work,エコエコアザラク２（3）,,0,0,https://books.kuras-plus.com/works/07epu0z,"noindex,follow",false,true,false,false,,noindex,"summary・タグともになし。薄いコンテンツとして noindex,follow（既存方針）。"
/works/07f06ti,work,翔んで埼玉,,0,0,https://books.kuras-plus.com/works/07f06ti,"noindex,follow",false,true,false,false,,noindex,"summary・タグともになし。薄いコンテンツとして noindex,follow（既存方針）。"
/works/07f5h1g,work,時をかける少女　〈新装版〉,ある少女がラベンダーの香りをきっかけに時間を跳躍する能力を得る、日本SFの古典的名作。青春の淡い感情とSF的な不思議が交わる、何世代にもわたって読み継がれる永遠,90,0,https://books.kuras-plus.com/works/07f5h1g,"index,follow",true,false,false,false,,index,あらすじあり。index対象。
/works/07gbxr2,work,テンカイチ,,0,0,https://books.kuras-plus.com/works/07gbxr2,"noindex,follow",false,true,false,false,,noindex,"summary・タグともになし。薄いコンテンツとして noindex,follow（既存方針）。"
/works/07ihc1k,work,うしおととら,500年前に封印された凶暴な妖怪・とらと少年うしおの熱い絆を描くバトルアクション漫画。友情と成長と壮大なスケールのバトルが一体となった王道少年漫画の名作。感動的,89,0,https://books.kuras-plus.com/works/07ihc1k,"index,follow",true,false,false,false,,index,あらすじあり。index対象。
/works/07j5tto,work,永遠の0,,0,0,https://books.kuras-plus.com/works/07j5tto,"noindex,follow",false,true,false,false,,noindex,"summary・タグともになし。薄いコンテンツとして noindex,follow（既存方針）。"
/works/07lq8x8,work,増田こうすけ劇場ギャグマンガ日和GB,,0,0,https://books.kuras-plus.com/works/07lq8x8,"noindex,follow",false,true,false,false,,noindex,"summary・タグともになし。薄いコンテンツとして noindex,follow（既存方針）。"
/works/07mguet,work,中華一番!,,0,0,https://books.kuras-plus.com/works/07mguet,"noindex,follow",false,true,false,false,,noindex,"summary・タグともになし。薄いコンテンツとして noindex,follow（既存方針）。"
/works/07oq2yh,work,遊戯王,カードゲームを軸に様々なゲームバトルを繰り広げる少年漫画の金字塔。個性的なモンスターカードとデュエルの戦略が当時の子どもたちを熱狂させた伝説的作品で、今も世界中,88,0,https://books.kuras-plus.com/works/07oq2yh,"index,follow",true,false,false,false,,index,あらすじあり。index対象。
/works/07qojmx,work,聲の形,聴覚障害のある少女へのいじめと向き合った少年の贖罪と再生を描く青春漫画。痛みや孤独、人と人との繋がり直しを真摯に描いた、心に深く刺さる問題作。,71,0,https://books.kuras-plus.com/works/07qojmx,"index,follow",true,false,false,false,,index,あらすじあり。index対象。
/works/07r5cso,work,エコエコアザラクREBORN,,0,0,https://books.kuras-plus.com/works/07r5cso,"noindex,follow",false,true,false,false,,noindex,"summary・タグともになし。薄いコンテンツとして noindex,follow（既存方針）。"
/works/07s4qbr,work,魔眼の匣の殺人,「屍人荘の殺人」シリーズ第二弾。予言と密室殺人が交錯する不可能犯罪ミステリ。超常現象と論理的謎解きを両立した、スリリングで読みごたえある本格推理小説。,75,0,https://books.kuras-plus.com/works/07s4qbr,"index,follow",true,false,false,false,,index,あらすじあり。index対象。
/works/07t6mo3,work,金色のガッシュ！！ 2 （6）,,0,0,https://books.kuras-plus.com/works/07t6mo3,"noindex,follow",false,true,false,false,,noindex,"summary・タグともになし。薄いコンテンツとして noindex,follow（既存方針）。"
/works/07uvd1y,work,今際の国のアリス RETRY,,0,0,https://books.kuras-plus.com/works/07uvd1y,"noindex,follow",false,true,false,false,,noindex,"summary・タグともになし。薄いコンテンツとして noindex,follow（既存方針）。"
/works/07xcje5,work,四月は君の嘘　新装版,,0,0,https://books.kuras-plus.com/works/07xcje5,"noindex,follow",false,true,false,false,,noindex,"summary・タグともになし。薄いコンテンツとして noindex,follow（既存方針）。"
/works/07xttgv,work,監獄舎の殺人 : ミステリーズ!新人賞受賞作品集,「ミステリーズ!新人賞」受賞作を集めた短編集。次世代を担うミステリ作家たちのデビュー作が一堂に会し、多彩なスタイルと瑞々しい才気を楽しめる注目の一冊。,75,0,https://books.kuras-plus.com/works/07xttgv,"index,follow",true,false,false,false,,index,あらすじあり。index対象。
/works/07yelrl,work,アンデッドガール・マーダーファルス,,0,0,https://books.kuras-plus.com/works/07yelrl,"noindex,follow",false,true,false,false,,noindex,"summary・タグともになし。薄いコンテンツとして noindex,follow（既存方針）。"
/works/081k34h,work,こどものおもちゃ,,0,0,https://books.kuras-plus.com/works/081k34h,"noindex,follow",false,true,false,false,,noindex,"summary・タグともになし。薄いコンテンツとして noindex,follow（既存方針）。"
/works/081p76z,work,ダークギャザリング,強力な霊能力を持つ少女と平凡な青年が心霊スポットの恐怖に挑むホラー漫画。リアルで背筋の凍る怪異描写と主人公たちのキャラクターが絶妙なバランスを生む。,74,0,https://books.kuras-plus.com/works/081p76z,"index,follow",true,false,false,false,,index,あらすじあり。index対象。
/works/083nzfp,work,魔女と傭兵,魔女と傭兵がともに旅をするダークファンタジー漫画。中世ヨーロッパ風の世界観と戦闘の迫力、二人の関係性の変化が楽しめる、ファンタジーアクション好きに向けた読み応え,86,0,https://books.kuras-plus.com/works/083nzfp,"index,follow",true,false,false,false,,index,あらすじあり。index対象。
/works/083tx9r,work,最期の贈り物 : 介護小説,,0,0,https://books.kuras-plus.com/works/083tx9r,"index,follow",true,false,false,false,,strengthen,タグのみ。あらすじ追記で強化推奨。
/works/087fdpl,work,BEASTARS,,0,0,https://books.kuras-plus.com/works/087fdpl,"noindex,follow",false,true,false,false,,noindex,"summary・タグともになし。薄いコンテンツとして noindex,follow（既存方針）。"
/works/089n2kz,work,ひぐらしのなく頃に 鬼 ：,,0,0,https://books.kuras-plus.com/works/089n2kz,"noindex,follow",false,true,false,false,,noindex,"summary・タグともになし。薄いコンテンツとして noindex,follow（既存方針）。"
/works/08byc3s,work,阪急電車,阪急今津線を舞台に、電車で出会うさまざまな乗客たちの人生が交差する連作短篇小説。日常の小さなドラマをほっこりと描きながら、登場人物たちがゆるやかにつながっていく,87,0,https://books.kuras-plus.com/works/08byc3s,"index,follow",true,false,false,false,,index,あらすじあり。index対象。
/works/08c3iof,work,封神演義,古代中国の神話「封神演義」を大胆にアレンジした少年ファンタジー漫画。個性豊かな仙人・神仙たちのバトルと壮大な世界観が魅力で、神話や中国ファンタジー、少年漫画が好,91,0,https://books.kuras-plus.com/works/08c3iof,"index,follow",true,false,false,false,,index,あらすじあり。index対象。
/works/08dq7bj,work,封神演義,,0,0,https://books.kuras-plus.com/works/08dq7bj,"noindex,follow",false,true,false,false,,noindex,"summary・タグともになし。薄いコンテンツとして noindex,follow（既存方針）。"
/works/08f0apb,work,修羅の門　第弐門,,0,0,https://books.kuras-plus.com/works/08f0apb,"noindex,follow",false,true,false,false,,noindex,"summary・タグともになし。薄いコンテンツとして noindex,follow（既存方針）。"
/works/08iv2vd,work,DEAR BOYS ACT,バスケットボールを通じた高校生たちの成長と友情を描く王道スポーツ漫画シリーズの続編。熱い試合描写と選手たちの葛藤・絆が読者の心を奮い立たせる、バスケ漫画の定番作,82,0,https://books.kuras-plus.com/works/08iv2vd,"index,follow",true,false,false,false,,index,あらすじあり。index対象。
/works/08jbjen,work,殺し屋1(イチ)1,裏社会に生きる殺し屋と暴力団の激突を描いた山本英夫の代表作バイオレンス漫画。過激な描写の中に人間の恐怖・快楽・依存を探求した、成人向けのダークな問題作。,76,0,https://books.kuras-plus.com/works/08jbjen,"index,follow",true,false,false,false,,index,あらすじあり。index対象。
/works/08kaavc,work,少数報告,未来の予知犯罪防止システムを舞台に、自由意志と運命の矛盾を問うフィリップ・K・ディックのSF傑作短編集。映画の原作としても名高く、鋭い社会批評が光る必読の古典S,82,0,https://books.kuras-plus.com/works/08kaavc,"index,follow",true,false,false,false,,index,あらすじあり。index対象。
/works/08maxuu,work,のだめカンタービレ新装版,,0,0,https://books.kuras-plus.com/works/08maxuu,"noindex,follow",false,true,false,false,,noindex,"summary・タグともになし。薄いコンテンツとして noindex,follow（既存方針）。"
/works/08nplct,work,走れメロス,,0,0,https://books.kuras-plus.com/works/08nplct,"index,follow",true,false,false,false,,strengthen,タグのみ。あらすじ追記で強化推奨。
/works/08o5d6g,work,2084年のSF,ジョージ・オーウェル『1984年』から100年後の2084年——日本のSF作家たちが想像する未来世界を描くアンソロジー。AI、気候変動、宇宙開発、人類の進化など,210,0,https://books.kuras-plus.com/works/08o5d6g,"index,follow",true,false,false,false,,index,あらすじあり。index対象。
/works/08pbjbp,work,『指輪物語』のファンタジー・ワールド,,0,0,https://books.kuras-plus.com/works/08pbjbp,"index,follow",true,false,false,false,,strengthen,タグのみ。あらすじ追記で強化推奨。
/works/08qfpoy,work,重力ピエロ,連続放火と落書きの謎を追う兄弟の物語。家族の絆と生命の尊さを問いかけながら巧みな伏線と洒脱な会話で読者を魅了する伊坂幸太郎の代表作のひとつ。サスペンスと感動が高,90,0,https://books.kuras-plus.com/works/08qfpoy,"index,follow",true,false,false,false,,index,あらすじあり。index対象。
/works/08qtf3l,work,デート・ア・ライブ,,0,0,https://books.kuras-plus.com/works/08qtf3l,"noindex,follow",false,true,false,false,,noindex,"summary・タグともになし。薄いコンテンツとして noindex,follow（既存方針）。"
/works/08qu01y,work,銀河鉄道の夜,孤独な少年ジョバンニが、親友カムパネルラと銀河鉄道に乗って宇宙を旅する幻想的な物語。宮沢賢治の代表作であり、生と死、友情と孤独、そして「ほんとうのさいわい」を問,140,0,https://books.kuras-plus.com/works/08qu01y,"index,follow",true,false,false,false,,index,あらすじあり。index対象。
/works/08qwvx7,work,魔法科高校の劣等生,魔法が技術として確立された近未来の日本。魔法科高校に「劣等生」として入学した司波達也が、圧倒的な実力で常識を覆していく。佐島勤による累計2000万部超の大ヒット,134,0,https://books.kuras-plus.com/works/08qwvx7,"index,follow",true,false,false,false,,index,あらすじあり。index対象。
/works/08rtxmf,work,空飛ぶ広報室,,0,0,https://books.kuras-plus.com/works/08rtxmf,"index,follow",true,false,false,false,,strengthen,タグのみ。あらすじ追記で強化推奨。
/works/08t8txv,work,まちカドまぞく,突然まぞくに変身した平凡な女子高生が魔法少女と交流するほのぼのコメディ漫画。脱力系の笑いと意外と深いキャラクター関係が魅力で、日常系コメディを好む幅広い読者に愛,88,0,https://books.kuras-plus.com/works/08t8txv,"index,follow",true,false,false,false,,index,あらすじあり。index対象。
/works/08tvese,work,怪獣8号,怪獣を倒すことを夢見ながら現場清掃員を続ける32歳の男が、ある日突然怪獣化する能力を得るバトル漫画。遅咲きの主人公の熱い成長譚と、テンポよく描かれる迫力のバトル,92,0,https://books.kuras-plus.com/works/08tvese,"index,follow",true,false,false,false,,index,あらすじあり。index対象。
/works/08vhemo,work,マンガでわかる!誰とでも15分以上会話がとぎれない!話し方,,0,0,https://books.kuras-plus.com/works/08vhemo,"noindex,follow",false,true,false,false,,noindex,"summary・タグともになし。薄いコンテンツとして noindex,follow（既存方針）。"
/works/08wutud,work,スレイヤーズ　水竜王の騎士,,0,0,https://books.kuras-plus.com/works/08wutud,"noindex,follow",false,true,false,false,,noindex,"summary・タグともになし。薄いコンテンツとして noindex,follow（既存方針）。"
/works/08y44c1,work,ジャンケットバンク,,0,0,https://books.kuras-plus.com/works/08y44c1,"noindex,follow",false,true,false,false,,noindex,"summary・タグともになし。薄いコンテンツとして noindex,follow（既存方針）。"
/works/08yerw2,work,君の知らない方程式,,0,0,https://books.kuras-plus.com/works/08yerw2,"index,follow",true,false,false,false,,strengthen,タグのみ。あらすじ追記で強化推奨。
/works/08ygasn,work,究極超人あ～る,,0,0,https://books.kuras-plus.com/works/08ygasn,"noindex,follow",false,true,false,false,,noindex,"summary・タグともになし。薄いコンテンツとして noindex,follow（既存方針）。"
/works/0902cfk,work,十二国記,,0,0,https://books.kuras-plus.com/works/0902cfk,"index,follow",true,false,false,false,,strengthen,タグのみ。あらすじ追記で強化推奨。
/works/090f437,work,『恋と弾丸』の箕野希望“強め”男子傑作読み切り【マイクロ】,,0,0,https://books.kuras-plus.com/works/090f437,"noindex,follow",false,true,false,false,,noindex,"summary・タグともになし。薄いコンテンツとして noindex,follow（既存方針）。"
/works/091epap,work,ばらかもん,,0,0,https://books.kuras-plus.com/works/091epap,"noindex,follow",false,true,false,false,,noindex,"summary・タグともになし。薄いコンテンツとして noindex,follow（既存方針）。"
/works/0923t55,work,Animation AKIRA Layouts & Key Frames,,0,0,https://books.kuras-plus.com/works/0923t55,"noindex,follow",false,true,false,false,,noindex,"summary・タグともになし。薄いコンテンツとして noindex,follow（既存方針）。"
/works/092o0l2,work,高校鉄拳伝タフ,,0,0,https://books.kuras-plus.com/works/092o0l2,"noindex,follow",false,true,false,false,,noindex,"summary・タグともになし。薄いコンテンツとして noindex,follow（既存方針）。"
/works/0932gzw,work,アンデッドアンラック,死ねない少年と不運を与える少女が織りなすSFバトル漫画。二人の特殊能力が生み出す個性的なバトルと、予測不能な展開でテンポよく読めるジャンプの人気作品。,75,0,https://books.kuras-plus.com/works/0932gzw,"index,follow",true,false,false,false,,index,あらすじあり。index対象。
/works/094mvph,work,The Egg,ドラゴンの卵を孵化させた少年の不思議な冒険を描く英国絵本。幻想的なイラストと温かみのある物語が子どもから大人まで惹きつける。英語学習にも最適な短くて感動的なファ,87,0,https://books.kuras-plus.com/works/094mvph,"index,follow",true,false,false,false,,index,あらすじあり。index対象。
/works/095qi2o,work,姑獲鳥の夏,,0,0,https://books.kuras-plus.com/works/095qi2o,"index,follow",true,false,false,false,,strengthen,タグのみ。あらすじ追記で強化推奨。
/works/0964zn0,work,ポスターコレクション 葬送のフリーレン １,,0,0,https://books.kuras-plus.com/works/0964zn0,"noindex,follow",false,true,false,false,,noindex,"summary・タグともになし。薄いコンテンツとして noindex,follow（既存方針）。"
/works/096e3oo,work,悪魔の手毬唄,童歌に見立てた連続殺人が起きる山村に金田一耕助が挑む横溝正史の傑作ミステリ。手毬唄という詩的なモチーフと陰鬱な因習が生み出す独特の世界観が、読む者を深い謎の世界,86,0,https://books.kuras-plus.com/works/096e3oo,"index,follow",true,false,false,false,,index,あらすじあり。index対象。
/works/097c3xr,work,そして誰もいなくなった,孤島に招かれた10人の男女が、童謡の歌詞通りに一人ずつ殺されていく。アガサ・クリスティーの最高傑作であり、クローズドサークルミステリーの原点。世界累計1億部を超,136,0,https://books.kuras-plus.com/works/097c3xr,"index,follow",true,false,false,false,,index,あらすじあり。index対象。
/works/0991jpj,work,図書館の魔女,言葉を操る力を持つ盲目の少女マツリカと、彼女の護衛に選ばれた少年キリヒトの物語。高田大介が描く「言語」をテーマにした知的ファンタジーは、政治・外交・言語学が複雑,126,0,https://books.kuras-plus.com/works/0991jpj,"index,follow",true,false,false,false,,index,あらすじあり。index対象。
/works/09ar7nf,work,フェリシア、私の愚行録,告白という形式で綴られる、ある人物の過去の過ちと秘密。自らの愚かな行いを赤裸々に語る語り手の声は、次第に不穏な色を帯びていく。何が真実で何が虚偽なのか、読者は語,171,0,https://books.kuras-plus.com/works/09ar7nf,"index,follow",true,false,false,false,,index,あらすじあり。index対象。
/works/09b15vs,work,ポーの一族 秘密の花園,,0,0,https://books.kuras-plus.com/works/09b15vs,"noindex,follow",false,true,false,false,,noindex,"summary・タグともになし。薄いコンテンツとして noindex,follow（既存方針）。"
/works/09b71b5,work,フレドリック・ブラウンSF短編全集.,わずか数ページで読者の世界観を揺さぶる、SF短編の名手フレドリック・ブラウン。その全短編を収めた本書は、奇想天外なアイデアとウィットに富んだ結末の宝庫だ。宇宙の,199,0,https://books.kuras-plus.com/works/09b71b5,"index,follow",true,false,false,false,,index,あらすじあり。index対象。
/works/09c6dv7,work,惑星のさみだれ,,0,0,https://books.kuras-plus.com/works/09c6dv7,"noindex,follow",false,true,false,false,,noindex,"summary・タグともになし。薄いコンテンツとして noindex,follow（既存方針）。"
/works/09c6m4e,work,転生したらスライムだった件,通り魔に刺されて死んだサラリーマンが、異世界で最弱モンスター・スライムに転生。しかし規格外のスキルを手に入れ、仲間を集めながら国を作っていく。伏瀬による大人気異,143,0,https://books.kuras-plus.com/works/09c6m4e,"index,follow",true,false,false,false,,index,あらすじあり。index対象。
/works/09dkrad,work,百年の孤独,,0,0,https://books.kuras-plus.com/works/09dkrad,"noindex,follow",false,true,false,false,,noindex,"summary・タグともになし。薄いコンテンツとして noindex,follow（既存方針）。"
/works/09fnr15,work,Hunter×hunter no.4,富樫義博が描く長編バトル冒険漫画「HUNTER×HUNTER」の一冊。個性豊かなキャラクターと緻密な世界設定、頭脳戦・バトルが絡み合うジャンプ屈指の名作。,77,0,https://books.kuras-plus.com/works/09fnr15,"index,follow",true,false,false,false,,index,あらすじあり。index対象。
/works/09fnt9s,work,Xの悲劇,「悲劇シリーズ」の第1弾にあたる古典的本格ミステリ。ニューヨークを舞台に老名探偵ドルリー・レーンが活躍し、綿密なロジックで謎を解き明かす。推理小説の醍醐味を凝縮,88,0,https://books.kuras-plus.com/works/09fnt9s,"index,follow",true,false,false,false,,index,あらすじあり。index対象。
/works/09hnepp,work,デュラララ!! 罪歌編,,0,0,https://books.kuras-plus.com/works/09hnepp,"noindex,follow",false,true,false,false,,noindex,"summary・タグともになし。薄いコンテンツとして noindex,follow（既存方針）。"
/works/09iu2io,work,せっかく農家に転生したので勇者は目指しません,,0,0,https://books.kuras-plus.com/works/09iu2io,"index,follow",true,false,false,false,,strengthen,タグのみ。あらすじ追記で強化推奨。
/works/09jg58y,work,医龍,,0,0,https://books.kuras-plus.com/works/09jg58y,"noindex,follow",false,true,false,false,,noindex,"summary・タグともになし。薄いコンテンツとして noindex,follow（既存方針）。"
/works/09jxc1a,work,金色のガッシュ！！ 完全版（7）,,0,0,https://books.kuras-plus.com/works/09jxc1a,"noindex,follow",false,true,false,false,,noindex,"summary・タグともになし。薄いコンテンツとして noindex,follow（既存方針）。"
/works/09kj9vg,work,ゆるゆり,,0,0,https://books.kuras-plus.com/works/09kj9vg,"noindex,follow",false,true,false,false,,noindex,"summary・タグともになし。薄いコンテンツとして noindex,follow（既存方針）。"
/works/09kuceg,work,暁のヨナ,王宮を追われた姫君が自らの力で生き抜く冒険と成長を描く少女向けファンタジー漫画。仲間たちとの絆と逆境を乗り越えていく主人公の強さが清々しく輝く人気シリーズ。,78,0,https://books.kuras-plus.com/works/09kuceg,"index,follow",true,false,false,false,,index,あらすじあり。index対象。
/works/09n1n7b,work,となりの怪物くん,問題児の男子と優等生の女子が互いの心の隙間を埋め合う少女ラブコメ漫画。素直になれない二人のもどかしい距離感と温かみが同居する、青春の甘酸っぱさが光る作品。,77,0,https://books.kuras-plus.com/works/09n1n7b,"index,follow",true,false,false,false,,index,あらすじあり。index対象。
/works/09nkna6,work,御手洗潔の挨拶,名探偵・御手洗潔が活躍する短編ミステリ集。ユーモアと奇妙な事件が絶妙に絡み合い、それぞれ独立した謎を鮮やかに解く御手洗の魅力が存分に楽しめる、シリーズ入門にも最,85,0,https://books.kuras-plus.com/works/09nkna6,"index,follow",true,false,false,false,,index,あらすじあり。index対象。
/works/09nti4l,work,虚構推理,,0,0,https://books.kuras-plus.com/works/09nti4l,"noindex,follow",false,true,false,false,,noindex,"summary・タグともになし。薄いコンテンツとして noindex,follow（既存方針）。"
/works/09o34nu,work,ぼくのメジャースプーン,特殊な言葉の力を持つ少年が傷ついた幼なじみのために立ち向かう姿を描く辻村深月の青春ミステリ。子どもの純粋さと残酷さ、友情の深さをリアルに描いた読み応えのある作品,81,0,https://books.kuras-plus.com/works/09o34nu,"index,follow",true,false,false,false,,index,あらすじあり。index対象。
/works/09o3z6q,work,愛しのアガサ・クリスティー : ミステリーの女王への道,ミステリーの女王アガサ・クリスティーは、いかにして世界で最も読まれる推理作家となったのか。その人生の軌跡を愛情深く辿る評伝。失踪事件の真相、考古学者との旅、戦時,210,0,https://books.kuras-plus.com/works/09o3z6q,"index,follow",true,false,false,false,,index,あらすじあり。index対象。
/works/09othwx,work,ルパン三世,怪盗ルパン三世と仲間たちが世界を舞台に繰り広げる痛快アクションコメディ漫画の元祖。軽快なユーモアと大胆なアクション、独特のスタイリッシュさが世代を超えて愛され、,94,0,https://books.kuras-plus.com/works/09othwx,"index,follow",true,false,false,false,,index,あらすじあり。index対象。
/works/09qyjaq,work,ゴブリンスレイヤー: デイ・イン・ザ・ライフ,,0,0,https://books.kuras-plus.com/works/09qyjaq,"noindex,follow",false,true,false,false,,noindex,"summary・タグともになし。薄いコンテンツとして noindex,follow（既存方針）。"
/works/09rigyz,work,七つの魔剣が支配する【分冊版】,,0,0,https://books.kuras-plus.com/works/09rigyz,"noindex,follow",false,true,false,false,,noindex,"summary・タグともになし。薄いコンテンツとして noindex,follow（既存方針）。"
/works/09ub1ey,work,半沢直樹 オレたちバブル入行組,,0,0,https://books.kuras-plus.com/works/09ub1ey,"index,follow",true,false,false,false,,strengthen,タグのみ。あらすじ追記で強化推奨。
/works/09xky8g,work,明智恭介の奔走 = The Efforts of Akechi Kyosuke,「屍人荘の殺人」シリーズに登場する名探偵・明智恭介を主人公とした連作短編ミステリ。軽快なテンポと巧みなロジックで綴られる、本格推理ファン必読の一冊。,74,0,https://books.kuras-plus.com/works/09xky8g,"index,follow",true,false,false,false,,index,あらすじあり。index対象。
/works/0a0goye,work,ルパンの娘映画ノベライズ,,0,0,https://books.kuras-plus.com/works/0a0goye,"index,follow",true,false,false,false,,strengthen,タグのみ。あらすじ追記で強化推奨。
/works/0a20s90,work,魔法少女サイト,,0,0,https://books.kuras-plus.com/works/0a20s90,"noindex,follow",false,true,false,false,,noindex,"summary・タグともになし。薄いコンテンツとして noindex,follow（既存方針）。"
/works/0a4s88c,work,本好きの下剋上第五部「女神の化身 2」,本が大好きな少女が異世界で司書を目指す「本好きの下剋上」シリーズ第五部・第二巻。独特の世界観と主人公の知的な奮闘が丁寧に描かれる、異世界転生漫画の異色の傑作。,79,0,https://books.kuras-plus.com/works/0a4s88c,"index,follow",true,false,false,false,,index,あらすじあり。index対象。
/works/0a60gd5,work,八男って、それはないでしょう! ~はじまりの物語~,,0,0,https://books.kuras-plus.com/works/0a60gd5,"noindex,follow",false,true,false,false,,noindex,"summary・タグともになし。薄いコンテンツとして noindex,follow（既存方針）。"
/works/0a67473,work,ドラゴンボール超 カラー版,,0,0,https://books.kuras-plus.com/works/0a67473,"noindex,follow",false,true,false,false,,noindex,"summary・タグともになし。薄いコンテンツとして noindex,follow（既存方針）。"
/works/0a6aiut,work,ひぐらしのなく頃に　宵越し編,,0,0,https://books.kuras-plus.com/works/0a6aiut,"noindex,follow",false,true,false,false,,noindex,"summary・タグともになし。薄いコンテンツとして noindex,follow（既存方針）。"
/works/0a77p12,work,じゃりン子チエ,,0,0,https://books.kuras-plus.com/works/0a77p12,"noindex,follow",false,true,false,false,,noindex,"summary・タグともになし。薄いコンテンツとして noindex,follow（既存方針）。"
/works/0a7ismf,work,超人ロック 完全版 流浪ＰＡＲＴＩＩ,,0,0,https://books.kuras-plus.com/works/0a7ismf,"noindex,follow",false,true,false,false,,noindex,"summary・タグともになし。薄いコンテンツとして noindex,follow（既存方針）。"
/works/0a7rsyq,work,ヘルシング,,0,0,https://books.kuras-plus.com/works/0a7rsyq,"noindex,follow",false,true,false,false,,noindex,"summary・タグともになし。薄いコンテンツとして noindex,follow（既存方針）。"
/works/0a81bit,work,転生したら剣でした,,0,0,https://books.kuras-plus.com/works/0a81bit,"noindex,follow",false,true,false,false,,noindex,"summary・タグともになし。薄いコンテンツとして noindex,follow（既存方針）。"
/works/0a8ldbt,work,のんのんびより,,0,0,https://books.kuras-plus.com/works/0a8ldbt,"noindex,follow",false,true,false,false,,noindex,"summary・タグともになし。薄いコンテンツとして noindex,follow（既存方針）。"
/works/0a8pu87,work,暗夜行路,出生の秘密を抱えた主人公・時任謙作が、自らのアイデンティティと向き合いながら人生の意味を模索する、日本近代文学を代表する長編小説。志賀直哉が約二十年の歳月をかけ,189,0,https://books.kuras-plus.com/works/0a8pu87,"index,follow",true,false,false,false,,index,あらすじあり。index対象。
/works/0a8r2rl,work,風雲児たち : 幕末編,,0,0,https://books.kuras-plus.com/works/0a8r2rl,"noindex,follow",false,true,false,false,,noindex,"summary・タグともになし。薄いコンテンツとして noindex,follow（既存方針）。"
/works/0ab31lo,work,大奥【公式ビジュアルファンブック　大奥－没日後録－付き特装版】,,0,0,https://books.kuras-plus.com/works/0ab31lo,"noindex,follow",false,true,false,false,,noindex,"summary・タグともになし。薄いコンテンツとして noindex,follow（既存方針）。"
/works/0ac5f9x,work,幕張,,0,0,https://books.kuras-plus.com/works/0ac5f9x,"noindex,follow",false,true,false,false,,noindex,"summary・タグともになし。薄いコンテンツとして noindex,follow（既存方針）。"
/works/0ac9dbc,work,奇想、天を動かす,御手洗潔シリーズの代表作。社会的弱者の悲哀と絡み合う壮大なトリックが圧倒的な感動をもたらす本格ミステリ。社会派の視点と本格謎解きが高次元で融合した、日本ミステリ,88,0,https://books.kuras-plus.com/works/0ac9dbc,"index,follow",true,false,false,false,,index,あらすじあり。index対象。
/works/0ahq9t4,work,ゼロからわかるマンガの作り方 : 挫折せずに完成させるストーリー&キャラクター講座,,0,0,https://books.kuras-plus.com/works/0ahq9t4,"noindex,follow",false,true,false,false,,noindex,"summary・タグともになし。薄いコンテンツとして noindex,follow（既存方針）。"
/works/0ai7prf,work,ランウェイで笑って,身長制限でモデルになれない夢追い少女とデザイナーを目指す少年が共に夢を追うファッション漫画。夢への情熱と現実の壁を乗り越える姿が熱く描かれ、ファッションや夢に向,91,0,https://books.kuras-plus.com/works/0ai7prf,"index,follow",true,false,false,false,,index,あらすじあり。index対象。
/works/0aj1l4p,work,時計館の殺人〈新装改訂版〉（下）,館シリーズ屈指の傑作「時計館の殺人」新装改訂版の下巻。古い館と謎の時計に秘められた真相が明かされる衝撃のクライマックス。綾辻行人の本格ミステリの技巧が遺憾なく発,89,0,https://books.kuras-plus.com/works/0aj1l4p,"index,follow",true,false,false,false,,index,あらすじあり。index対象。
/works/0aklav8,work,ヒナまつり,ヤクザの若頭のもとに超能力少女が突然舞い込む奇想天外なギャグ漫画。シュールな笑いとハートウォーミングな親子関係が絶妙に融合した、クセになる唯一無二のコメディ。,79,0,https://books.kuras-plus.com/works/0aklav8,"index,follow",true,false,false,false,,index,あらすじあり。index対象。
/works/0akssun,work,北の夕鶴2/3の殺人,北の大地を舞台に御手洗潔が挑む難事件を描いた本格ミステリ。島田荘司らしい大胆なトリックと、北国の景色が溶け込む情緒あふれる雰囲気が楽しめる御手洗潔シリーズの一作,81,0,https://books.kuras-plus.com/works/0akssun,"index,follow",true,false,false,false,,index,あらすじあり。index対象。
/works/0anpgi4,work,レインツリーの国,,0,0,https://books.kuras-plus.com/works/0anpgi4,"index,follow",true,false,false,false,,strengthen,タグのみ。あらすじ追記で強化推奨。
/works/0ansabu,work,異世界のんびり農家,,0,0,https://books.kuras-plus.com/works/0ansabu,"index,follow",true,false,false,false,,strengthen,タグのみ。あらすじ追記で強化推奨。
/works/0aof4l9,work,To LOVEる―とらぶる―ダークネス モノクロ版,,0,0,https://books.kuras-plus.com/works/0aof4l9,"noindex,follow",false,true,false,false,,noindex,"summary・タグともになし。薄いコンテンツとして noindex,follow（既存方針）。"
/works/0aomi12,work,氷菓,省エネ主義の高校生・折木奉太郎が、古典部で出会った好奇心旺盛な千反田えるに振り回されながら、身近な謎を解き明かしていく。米沢穂信の人気小説をタスクオーナが繊細な,193,0,https://books.kuras-plus.com/works/0aomi12,"index,follow",true,false,false,false,,index,あらすじあり。index対象。
/works/0ap2iia,work,EX-ARM エクスアーム リマスター版,,0,0,https://books.kuras-plus.com/works/0ap2iia,"noindex,follow",false,true,false,false,,noindex,"summary・タグともになし。薄いコンテンツとして noindex,follow（既存方針）。"
/works/0apktrt,work,氷と炎の歌,七つの王国をめぐる権力闘争と壮大な冒険を描くファンタジー大作「氷と炎の歌」シリーズ。HBOドラマ「ゲーム・オブ・スローンズ」の原作で、予測不能な展開と緻密な世界,91,0,https://books.kuras-plus.com/works/0apktrt,"index,follow",true,false,false,false,,index,あらすじあり。index対象。
/works/0aq1o29,work,東京ヒゴロ,松本大洋が漫画編集者の世界を繊細かつリアルに描いた大人の物語。漫画を作る側の人間の葛藤・情熱・老いを独特の画風で丁寧に綴った、業界ファン必読の一冊。,74,0,https://books.kuras-plus.com/works/0aq1o29,"index,follow",true,false,false,false,,index,あらすじあり。index対象。
/works/0aq2mva,work,ＡＸ アックス,「マリアビートル」に連なる殺し屋シリーズの最新作。仕事人としての使命と家族への愛情の間で葛藤する殺し屋の姿をユーモラスに描く伊坂幸太郎の人気シリーズ。笑いと緊張,92,0,https://books.kuras-plus.com/works/0aq2mva,"index,follow",true,false,false,false,,index,あらすじあり。index対象。
/works/0aqesqr,work,チ。―地球の運動について―,中世ヨーロッパを舞台に地動説の真実を命がけで追い求めた人々の物語。知への情熱と弾圧に抗う意志を描いた骨太な歴史漫画で、知的興奮と感動が胸に迫る傑作。,74,0,https://books.kuras-plus.com/works/0aqesqr,"index,follow",true,false,false,false,,index,あらすじあり。index対象。
/works/0aqf9bs,work,星界の紋章,,0,0,https://books.kuras-plus.com/works/0aqf9bs,"index,follow",true,false,false,false,,strengthen,タグのみ。あらすじ追記で強化推奨。
/works/0ar8707,work,罪の声,,0,0,https://books.kuras-plus.com/works/0ar8707,"index,follow",true,false,false,false,,strengthen,タグのみ。あらすじ追記で強化推奨。
/works/0at5w9d,work,死体を無事に消すまで : 都筑道夫エッセー集成,,0,0,https://books.kuras-plus.com/works/0at5w9d,"index,follow",true,false,false,false,,strengthen,タグのみ。あらすじ追記で強化推奨。
/works/0b14bfe,work,山田くんと7人の魔女 28 特装版,,0,0,https://books.kuras-plus.com/works/0b14bfe,"noindex,follow",false,true,false,false,,noindex,"summary・タグともになし。薄いコンテンツとして noindex,follow（既存方針）。"
/works/0b181jt,work,新装版 文学のトリセツ,,0,0,https://books.kuras-plus.com/works/0b181jt,"index,follow",true,false,false,false,,strengthen,タグのみ。あらすじ追記で強化推奨。
/works/0b2nv8c,work,Re:ゼロから始める異世界生活氷結の絆,,0,0,https://books.kuras-plus.com/works/0b2nv8c,"noindex,follow",false,true,false,false,,noindex,"summary・タグともになし。薄いコンテンツとして noindex,follow（既存方針）。"
/works/0b6xyx2,work,ポーの一族復刻版,,0,0,https://books.kuras-plus.com/works/0b6xyx2,"noindex,follow",false,true,false,false,,noindex,"summary・タグともになし。薄いコンテンツとして noindex,follow（既存方針）。"
/works/0b78lpa,work,覆面系ノイズ,,0,0,https://books.kuras-plus.com/works/0b78lpa,"noindex,follow",false,true,false,false,,noindex,"summary・タグともになし。薄いコンテンツとして noindex,follow（既存方針）。"
/works/0b7o2o1,work,オーバーロード,ゲームに取り残された最強キャラを操る主人公が異世界で覇を唱える異世界ファンタジー漫画。無双系の爽快感と政治的な陰謀が絡み合い、異世界転生ジャンルの先駆的人気作。,80,0,https://books.kuras-plus.com/works/0b7o2o1,"index,follow",true,false,false,false,,index,あらすじあり。index対象。
/works/0b94wjr,work,凪のお暇 7,,0,0,https://books.kuras-plus.com/works/0b94wjr,"noindex,follow",false,true,false,false,,noindex,"summary・タグともになし。薄いコンテンツとして noindex,follow（既存方針）。"
/works/0bbjx6q,work,限りなく透明に近いブルー,米軍基地の街・福生を舞台に、ドラッグとセックスに溺れる若者たちの退廃的な日々を描いた村上龍の芥川賞受賞デビュー作。五感を刺激する生々しい描写の奥に、透明な美しさ,196,0,https://books.kuras-plus.com/works/0bbjx6q,"index,follow",true,false,false,false,,index,あらすじあり。index対象。
/works/0bcbpos,work,とある魔術の禁書目録,,0,0,https://books.kuras-plus.com/works/0bcbpos,"noindex,follow",false,true,false,false,,noindex,"summary・タグともになし。薄いコンテンツとして noindex,follow（既存方針）。"
/works/0bcc9h2,work,図書館戦争,本の自由を守るために戦う図書隊員たちの青春と恋愛を描くエンタテインメント小説。社会への問いかけとラブコメ要素が絶妙に絡み合い、読み応えたっぷりの笑いあり涙ありの,84,0,https://books.kuras-plus.com/works/0bcc9h2,"index,follow",true,false,false,false,,index,あらすじあり。index対象。
/works/0bdt13t,work,ミステリーズ！ ｖｏｌ．９８（２０１９ＤＥＣ）,,0,0,https://books.kuras-plus.com/works/0bdt13t,"index,follow",true,false,false,false,,strengthen,タグのみ。あらすじ追記で強化推奨。
/works/0beehns,work,ゲド戦記,多島海世界アースシーを舞台に、若き魔法使いゲドの成長と冒険を描くファンタジーの古典。アーシュラ・K・ル=グウィンは、真の名前が力を持つ独自の魔法体系と、善悪の二,202,0,https://books.kuras-plus.com/works/0beehns,"index,follow",true,false,false,false,,index,あらすじあり。index対象。
/works/0behizl,work,バンパイアハンターD.,,0,0,https://books.kuras-plus.com/works/0behizl,"noindex,follow",false,true,false,false,,noindex,"summary・タグともになし。薄いコンテンツとして noindex,follow（既存方針）。"
/works/0bemv53,work,横浜駅SF,自己増殖を始めた横浜駅が本州を覆い尽くした未来の日本。駅構内で暮らす人々はSuikaで管理され、駅の外には追放された者たちが生きる。青函トンネルの向こうを目指す,183,0,https://books.kuras-plus.com/works/0bemv53,"index,follow",true,false,false,false,,index,あらすじあり。index対象。
/works/0bf2mrf,work,トリコ モノクロ版,,0,0,https://books.kuras-plus.com/works/0bf2mrf,"noindex,follow",false,true,false,false,,noindex,"summary・タグともになし。薄いコンテンツとして noindex,follow（既存方針）。"
/works/0bfwrp1,work,栄養教育スキルアップブック : 行動変容を成功させるプロになる,「食事を変えましょう」と伝えるだけでは人は変わらない。行動変容の理論と実践を結びつけ、栄養教育の現場で成果を出すプロフェッショナルを育てるための実践書。赤松利恵,213,0,https://books.kuras-plus.com/works/0bfwrp1,"index,follow",true,false,false,false,,index,あらすじあり。index対象。
/works/0bgiqa3,work,BLUE GIANT SUPREME.,,0,0,https://books.kuras-plus.com/works/0bgiqa3,"noindex,follow",false,true,false,false,,noindex,"summary・タグともになし。薄いコンテンツとして noindex,follow（既存方針）。"
/works/0bgj0t9,work,もし「源氏物語」の時代に芥川賞・直木賞があったら　小谷野流「日本文学史早わかり」,もし紫式部が芥川賞候補になったら？　清少納言はエッセイストとして直木賞を狙えたか？　この大胆な仮説を軸に、古代から現代までの日本文学史を一気に駆け抜ける痛快な一,205,0,https://books.kuras-plus.com/works/0bgj0t9,"index,follow",true,false,false,false,,index,あらすじあり。index対象。
/works/0bh9k7j,work,モンキーピーク the Rock,,0,0,https://books.kuras-plus.com/works/0bh9k7j,"noindex,follow",false,true,false,false,,noindex,"summary・タグともになし。薄いコンテンツとして noindex,follow（既存方針）。"
/works/0bje3ar,work,DRAGON BALL カラー版 サイヤ人編,,0,0,https://books.kuras-plus.com/works/0bje3ar,"noindex,follow",false,true,false,false,,noindex,"summary・タグともになし。薄いコンテンツとして noindex,follow（既存方針）。"
/works/0bkhfdf,work,海月姫,,0,0,https://books.kuras-plus.com/works/0bkhfdf,"noindex,follow",false,true,false,false,,noindex,"summary・タグともになし。薄いコンテンツとして noindex,follow（既存方針）。"
/works/0bkks71,work,容疑者Xの献身,天才数学者・石神が隣人の母娘を守るため完璧な偽装工作を仕掛ける。その謎に物理学者・湯川が挑む東野圭吾の代表作。直木賞受賞作であり、犯人の動機と献身的な愛が読者の,125,0,https://books.kuras-plus.com/works/0bkks71,"index,follow",true,false,false,false,,index,あらすじあり。index対象。
/works/0bljjm7,work,Re:ゼロから始める異世界生活 氷結の絆,,0,0,https://books.kuras-plus.com/works/0bljjm7,"noindex,follow",false,true,false,false,,noindex,"summary・タグともになし。薄いコンテンツとして noindex,follow（既存方針）。"
/works/0bmkflz,work,夜桜さんちの大作戦,スパイ一家を舞台にしたアクションラブコメ漫画。家族の絆と恋愛、ハラハラするスパイアクションがテンポよく展開し、幅広い読者が楽しめるエンターテインメント性の高い作,82,0,https://books.kuras-plus.com/works/0bmkflz,"index,follow",true,false,false,false,,index,あらすじあり。index対象。
/works/0bn9w8g,work,悪人,出会い系サイトで知り合った女性を殺害した男・清水祐一。しかし物語は、単純な犯罪小説の枠を超えて、加害者と被害者、そしてその周囲の人間たちの孤独と渇望を丹念に描い,187,0,https://books.kuras-plus.com/works/0bn9w8g,"index,follow",true,false,false,false,,index,あらすじあり。index対象。
/works/0bnhwu9,work,黒い家,保険会社に勤める若槻は、ある顧客から不気味な呼び出しを受ける。「この子が死んだら保険金はおりるのか」——目の前には首を吊った子どもの遺体があった。執拗に保険金を,193,0,https://books.kuras-plus.com/works/0bnhwu9,"index,follow",true,false,false,false,,index,あらすじあり。index対象。
/works/0bonz2z,work,フーガはユーガ,誕生日だけ体が入れ替わる双子の兄弟の数奇な運命を描く伊坂幸太郎の感動作。笑えてせつなく、ときに胸が痛くなる兄弟の絆と社会への怒りが込められた、読後感が深く残る傑,84,0,https://books.kuras-plus.com/works/0bonz2z,"index,follow",true,false,false,false,,index,あらすじあり。index対象。
/works/0bq650q,work,Ｒｅ：ゼロから始める異世界生活 第一章 王都の一日編,「死に戻り」能力を持つ少年が異世界の謎と戦うダーク異世界ファンタジー漫画の第一章。厳しい現実と向き合いながら前進する主人公の姿が熱く、シリアスな異世界漫画の傑作,81,0,https://books.kuras-plus.com/works/0bq650q,"index,follow",true,false,false,false,,index,あらすじあり。index対象。
/works/0bqoh6n,work,BORUTO,,0,0,https://books.kuras-plus.com/works/0bqoh6n,"noindex,follow",false,true,false,false,,noindex,"summary・タグともになし。薄いコンテンツとして noindex,follow（既存方針）。"
/works/0bqs3oe,work,九龍ジェネリックロマンス,,0,0,https://books.kuras-plus.com/works/0bqs3oe,"noindex,follow",false,true,false,false,,noindex,"summary・タグともになし。薄いコンテンツとして noindex,follow（既存方針）。"
/works/0brqjo9,work,顔だけじゃ好きになりません,外見ではなく内面で人を好きになる恋愛を丁寧に描いた少女漫画。真っ直ぐで誠実なキャラクターたちの恋愛模様が清々しく、純粋な恋愛漫画を読みたいティーン世代から大人ま,86,0,https://books.kuras-plus.com/works/0brqjo9,"index,follow",true,false,false,false,,index,あらすじあり。index対象。
/works/0brrssk,work,顔だけじゃ好きになりません【通常版】【電子限定おまけ付き】,,0,0,https://books.kuras-plus.com/works/0brrssk,"noindex,follow",false,true,false,false,,noindex,"summary・タグともになし。薄いコンテンツとして noindex,follow（既存方針）。"
/works/0bspxsi,work,PSYCHO-PASS(サイコパス)3,,0,0,https://books.kuras-plus.com/works/0bspxsi,"noindex,follow",false,true,false,false,,noindex,"summary・タグともになし。薄いコンテンツとして noindex,follow（既存方針）。"
/works/0btjpaz,work,監獄学園,,0,0,https://books.kuras-plus.com/works/0btjpaz,"noindex,follow",false,true,false,false,,noindex,"summary・タグともになし。薄いコンテンツとして noindex,follow（既存方針）。"
/works/0btzsht,work,見る・知る・学ぶ名所旧跡でぐぐっとわかる日本文学,,0,0,https://books.kuras-plus.com/works/0btzsht,"index,follow",true,false,false,false,,strengthen,タグのみ。あらすじ追記で強化推奨。
/works/0buddm6,work,推しに執着されすぎて困ってます! = I'm in trouble because my oshi is attached to me too much! : ～異世界転生のち、ハッピーエンド!～アンソロジーコミック,,0,0,https://books.kuras-plus.com/works/0buddm6,"noindex,follow",false,true,false,false,,noindex,"summary・タグともになし。薄いコンテンツとして noindex,follow（既存方針）。"
/works/0bv35iy,work,バクマン。 カラー版,,0,0,https://books.kuras-plus.com/works/0bv35iy,"noindex,follow",false,true,false,false,,noindex,"summary・タグともになし。薄いコンテンツとして noindex,follow（既存方針）。"
/works/0bvnmii,work,出会って5秒でバトル,,0,0,https://books.kuras-plus.com/works/0bvnmii,"noindex,follow",false,true,false,false,,noindex,"summary・タグともになし。薄いコンテンツとして noindex,follow（既存方針）。"
/works/0bwo5mt,work,うえきの法則,,0,0,https://books.kuras-plus.com/works/0bwo5mt,"noindex,follow",false,true,false,false,,noindex,"summary・タグともになし。薄いコンテンツとして noindex,follow（既存方針）。"
/works/0bzdek2,work,介護わはは絵日記 : コミックエッセイ,,0,0,https://books.kuras-plus.com/works/0bzdek2,"noindex,follow",false,true,false,false,,noindex,"summary・タグともになし。薄いコンテンツとして noindex,follow（既存方針）。"
/works/0bzyf8c,work,ミステリー小説集　脱出,,0,0,https://books.kuras-plus.com/works/0bzyf8c,"index,follow",true,false,false,false,,strengthen,タグのみ。あらすじ追記で強化推奨。
/works/0c18iyj,work,TOUGH 龍を継ぐ男,,0,0,https://books.kuras-plus.com/works/0c18iyj,"noindex,follow",false,true,false,false,,noindex,"summary・タグともになし。薄いコンテンツとして noindex,follow（既存方針）。"
/works/0c28mf2,work,グラスホッパー,殺し屋たちが交錯する複雑なプロットを軽快な文体で描く伊坂幸太郎のダーク群像劇。個性的なキャラクターと巧みな伏線回収が癖になり、一気読み必至のエンターテインメント,83,0,https://books.kuras-plus.com/works/0c28mf2,"index,follow",true,false,false,false,,index,あらすじあり。index対象。
/works/0c2p8nf,work,私がモテてどうすんだ,,0,0,https://books.kuras-plus.com/works/0c2p8nf,"noindex,follow",false,true,false,false,,noindex,"summary・タグともになし。薄いコンテンツとして noindex,follow（既存方針）。"
/works/0c2rjuh,work,強欲な羊,,0,0,https://books.kuras-plus.com/works/0c2rjuh,"index,follow",true,false,false,false,,strengthen,タグのみ。あらすじ追記で強化推奨。
/works/0c344t1,work,旦那様の一途な求愛 : 異世界BLアンソロジーコミック,,0,0,https://books.kuras-plus.com/works/0c344t1,"noindex,follow",false,true,false,false,,noindex,"summary・タグともになし。薄いコンテンツとして noindex,follow（既存方針）。"
/works/0c3mwhn,work,インベスターZ,名門校の財務部を舞台に、投資の世界を学ぶ少年たちの知的な格闘を描く経済漫画。株式・為替・不動産など幅広い投資知識を物語に自然に組み込んだ、お金の教養書でもある。,80,0,https://books.kuras-plus.com/works/0c3mwhn,"index,follow",true,false,false,false,,index,あらすじあり。index対象。
/works/0c50s6r,work,銀の匙,農業高校に進学した少年が農業・食・命と向き合いながら成長する青春漫画。「鋼の錬金術師」の荒川弘が食と農を丁寧に描いた、読んだ後に食べ物を大切にしたくなる作品。,79,0,https://books.kuras-plus.com/works/0c50s6r,"index,follow",true,false,false,false,,index,あらすじあり。index対象。
/works/0c55y90,work,湿地,,0,0,https://books.kuras-plus.com/works/0c55y90,"index,follow",true,false,false,false,,strengthen,タグのみ。あらすじ追記で強化推奨。
/works/0c5m4fy,work,かぐや様は告らせたい~天才たちの恋愛頭脳戦~,プライドの高い生徒会長と副会長が互いに告白させようと知恵を絞るラブコメ漫画。頭脳戦のギャグと甘い恋愛が絶妙に絡み合い、笑いと共感を引き出す大ヒット作。,75,0,https://books.kuras-plus.com/works/0c5m4fy,"index,follow",true,false,false,false,,index,あらすじあり。index対象。
/works/0c5vw23,work,天使の囀り,アマゾン調査から帰国した恋人の様子がおかしい。死を恐れていたはずの彼が、死を甘美な「天使の囀り」と呼び始めたのだ。精神科医の北島早苗は、恋人の変貌の原因を探るう,184,0,https://books.kuras-plus.com/works/0c5vw23,"index,follow",true,false,false,false,,index,あらすじあり。index対象。
/works/0c90gzg,work,テラフォーマーズ,,0,0,https://books.kuras-plus.com/works/0c90gzg,"noindex,follow",false,true,false,false,,noindex,"summary・タグともになし。薄いコンテンツとして noindex,follow（既存方針）。"
/works/0cb8t8s,work,ONE PIECE,仲間と夢を追う壮大な冒険、漫画の金字塔,19,0,https://books.kuras-plus.com/works/0cb8t8s,"index,follow",true,false,false,false,,index,あらすじあり。index対象。
/works/0cbp6rj,work,グラップラー刃牙,地上最強の格闘家を目指す少年・範馬刃牙が武闘の世界を駆け上がる伝説の格闘漫画。圧倒的な迫力のバトルと個性的な強者たちが熱狂的な支持を集める格闘漫画の金字塔。,78,0,https://books.kuras-plus.com/works/0cbp6rj,"index,follow",true,false,false,false,,index,あらすじあり。index対象。
/works/0cbyf1x,work,恋と弾丸【マイクロ】,,0,0,https://books.kuras-plus.com/works/0cbyf1x,"noindex,follow",false,true,false,false,,noindex,"summary・タグともになし。薄いコンテンツとして noindex,follow（既存方針）。"
/works/0ccbx9z,work,PB300 : ワケ(根拠)ありのペーパーバック300選完全ガイド,,0,0,https://books.kuras-plus.com/works/0ccbx9z,"index,follow",true,false,false,false,,strengthen,タグのみ。あらすじ追記で強化推奨。
/works/0ccwbhs,work,アガサ・クリスティ殺人事件,,0,0,https://books.kuras-plus.com/works/0ccwbhs,"index,follow",true,false,false,false,,strengthen,タグのみ。あらすじ追記で強化推奨。
/works/0cd5sly,work,スライム倒して 300年、知らないうちにレベルMAXになってました,,0,0,https://books.kuras-plus.com/works/0cd5sly,"noindex,follow",false,true,false,false,,noindex,"summary・タグともになし。薄いコンテンツとして noindex,follow（既存方針）。"
/works/0ce5fbv,work,1Q84,村上春樹の長編大作「1Q84」を多角的に読み解く評論・批評集。著名な書評家たちによる論考が作品理解を深め、村上文学の読み方や魅力をより豊かに味わいたい読者にとっ,87,0,https://books.kuras-plus.com/works/0ce5fbv,"index,follow",true,false,false,false,,index,あらすじあり。index対象。
/works/0cegz7w,work,テラフォーマーズ,,0,0,https://books.kuras-plus.com/works/0cegz7w,"noindex,follow",false,true,false,false,,noindex,"summary・タグともになし。薄いコンテンツとして noindex,follow（既存方針）。"
/works/0cfl22q,work,ポプテピピック【分冊版】　（4）,,0,0,https://books.kuras-plus.com/works/0cfl22q,"noindex,follow",false,true,false,false,,noindex,"summary・タグともになし。薄いコンテンツとして noindex,follow（既存方針）。"
/works/0cglj9j,work,恋せよまやかし天使ども,天使と人間の恋を軸にしたファンタジーラブコメ漫画。甘くてポップな世界観の中でくり広げられる恋愛ドラマが魅力で、ファンタジー要素のある少女漫画が好きな読者にぴった,85,0,https://books.kuras-plus.com/works/0cglj9j,"index,follow",true,false,false,false,,index,あらすじあり。index対象。
/works/0ch56lh,work,屍人荘の殺人,孤立した山荘でホラー的状況が発生する中、探偵役が推理で謎を解く本格ミステリー。ジャンルをまたいだ斬新な設定と堅固なロジックが融合した、読者の予想を超える痛快な本,86,0,https://books.kuras-plus.com/works/0ch56lh,"index,follow",true,false,false,false,,index,あらすじあり。index対象。
/works/0chw1rw,work,うる星やつら〔新装版〕,宇宙人の鬼娘ラムと地球のダメ男・あたるの恋愛騒動を描く高橋留美子の代表作。SF、ラブコメ、ギャグが入り混じった独特の世界観が癖になる、日本漫画の古典的名作。,78,0,https://books.kuras-plus.com/works/0chw1rw,"index,follow",true,false,false,false,,index,あらすじあり。index対象。
/works/0cibc53,work,20世紀少年,少年時代の約束が世界の命運を握る壮大なSFミステリー,26,0,https://books.kuras-plus.com/works/0cibc53,"index,follow",true,false,false,false,,index,あらすじあり。index対象。
/works/0cm1g80,work,月刊少女野崎くん,少女漫画家として活躍する男子高校生・野崎くんと彼を取り巻く個性派たちを描く4コマギャグ漫画。恋愛漫画のあるあるをコミカルに描き、くすっと笑えるラブコメ好き必見作,81,0,https://books.kuras-plus.com/works/0cm1g80,"index,follow",true,false,false,false,,index,あらすじあり。index対象。
/works/0cmvn5u,work,松本淸張全集: 眼の壁絢爛たる流離,金融スキャンダルの闇を追う「眼の壁」と、華麗な放浪の裏に潜む人間模様を描く「絢爛たる流離」。松本清張の社会派ミステリー二編を収めた全集版。組織の壁に阻まれながら,176,0,https://books.kuras-plus.com/works/0cmvn5u,"index,follow",true,false,false,false,,index,あらすじあり。index対象。
/works/0cnufj3,work,セーラー服と機関銃・その後 ──卒業──,人気シリーズ「セーラー服と機関銃」のその後を描く続編。軽快なタッチで描かれる女子高生組長の新たな冒険と成長が楽しめる、赤川次郎ならではのユーモアとエンタメ性あふ,89,0,https://books.kuras-plus.com/works/0cnufj3,"index,follow",true,false,false,false,,index,あらすじあり。index対象。
/works/0co4etn,work,覚悟のススメ（4）,,0,0,https://books.kuras-plus.com/works/0co4etn,"noindex,follow",false,true,false,false,,noindex,"summary・タグともになし。薄いコンテンツとして noindex,follow（既存方針）。"
/works/0coa5nt,work,溺れるナイフ,,0,0,https://books.kuras-plus.com/works/0coa5nt,"noindex,follow",false,true,false,false,,noindex,"summary・タグともになし。薄いコンテンツとして noindex,follow（既存方針）。"
/works/0cogyup,work,I”s,,0,0,https://books.kuras-plus.com/works/0cogyup,"noindex,follow",false,true,false,false,,noindex,"summary・タグともになし。薄いコンテンツとして noindex,follow（既存方針）。"
/works/0cpz753,work,魔実子さんが許さない,魔力を持つ不思議な女性・魔実子が活躍する高橋葉介のダークファンタジー漫画。耽美でグロテスクな世界観と独特のユーモアが同居する、ほかに類を見ない個性的な作品。,78,0,https://books.kuras-plus.com/works/0cpz753,"index,follow",true,false,false,false,,index,あらすじあり。index対象。
/works/0cq4fd5,work,僕の心のヤバイやつ,,0,0,https://books.kuras-plus.com/works/0cq4fd5,"noindex,follow",false,true,false,false,,noindex,"summary・タグともになし。薄いコンテンツとして noindex,follow（既存方針）。"
/works/0cqdvse,work,回復術士のやり直し,,0,0,https://books.kuras-plus.com/works/0cqdvse,"noindex,follow",false,true,false,false,,noindex,"summary・タグともになし。薄いコンテンツとして noindex,follow（既存方針）。"
/works/0crxgfo,work,とんがり帽子のアトリエ,魔法使いを夢見る少女が本物の魔法の世界へ踏み込む、緻密な画力が光るファンタジー漫画。繊細で美しい魔法の描写と、丁寧に積み上げられた世界観が本格ファンタジー好きを,85,0,https://books.kuras-plus.com/works/0crxgfo,"index,follow",true,false,false,false,,index,あらすじあり。index対象。
/works/0cupqp9,work,キャプテン翼 KIDS DREAM,,0,0,https://books.kuras-plus.com/works/0cupqp9,"noindex,follow",false,true,false,false,,noindex,"summary・タグともになし。薄いコンテンツとして noindex,follow（既存方針）。"
/works/0cups9h,work,幽☆遊☆白書,,0,0,https://books.kuras-plus.com/works/0cups9h,"noindex,follow",false,true,false,false,,noindex,"summary・タグともになし。薄いコンテンツとして noindex,follow（既存方針）。"
/works/0cuspo5,work,魔法少女まどか☆マギカ,,0,0,https://books.kuras-plus.com/works/0cuspo5,"noindex,follow",false,true,false,false,,noindex,"summary・タグともになし。薄いコンテンツとして noindex,follow（既存方針）。"
/works/0cw0g6c,work,少女小説事典,明治から現代まで、日本の少女小説の歴史を網羅的にまとめた貴重な事典。吉屋信子からライトノベルまで、少女たちの心を捉えてきた作品群を学術的かつ読みやすい視点で解説,181,0,https://books.kuras-plus.com/works/0cw0g6c,"index,follow",true,false,false,false,,index,あらすじあり。index対象。
/works/0cw9obp,work,スーパーボールガールズ,バスケットボールを題材にした女子スポーツ漫画。競技の熱さとキャラクターそれぞれの個性が絡み合い、スポーツ漫画としての興奮と青春の輝きを同時に味わえるエネルギッシ,85,0,https://books.kuras-plus.com/works/0cw9obp,"index,follow",true,false,false,false,,index,あらすじあり。index対象。
/works/0cy5usk,work,下町ロケット,,0,0,https://books.kuras-plus.com/works/0cy5usk,"noindex,follow",false,true,false,false,,noindex,"summary・タグともになし。薄いコンテンツとして noindex,follow（既存方針）。"
/works/0d2cuk4,work,コミック東野圭吾ミステリー傑作選 = Keigo Higashino Selected Mystery Masterpieces,,0,0,https://books.kuras-plus.com/works/0d2cuk4,"noindex,follow",false,true,false,false,,noindex,"summary・タグともになし。薄いコンテンツとして noindex,follow（既存方針）。"
/works/0d2jlqy,work,マンガでわかる物理 力学編,,0,0,https://books.kuras-plus.com/works/0d2jlqy,"noindex,follow",false,true,false,false,,noindex,"summary・タグともになし。薄いコンテンツとして noindex,follow（既存方針）。"
/works/0d2p0em,work,火の鳥,,0,0,https://books.kuras-plus.com/works/0d2p0em,"noindex,follow",false,true,false,false,,noindex,"summary・タグともになし。薄いコンテンツとして noindex,follow（既存方針）。"
/works/0d2x8dd,work,チェンソーマン カラー版,,0,0,https://books.kuras-plus.com/works/0d2x8dd,"noindex,follow",false,true,false,false,,noindex,"summary・タグともになし。薄いコンテンツとして noindex,follow（既存方針）。"
/works/0d33x47,work,カラダ探し 解,,0,0,https://books.kuras-plus.com/works/0d33x47,"noindex,follow",false,true,false,false,,noindex,"summary・タグともになし。薄いコンテンツとして noindex,follow（既存方針）。"
/works/0d3g59m,work,魔術王と聖剣姫の規格外英雄譚,,0,0,https://books.kuras-plus.com/works/0d3g59m,"index,follow",true,false,false,false,,strengthen,タグのみ。あらすじ追記で強化推奨。
/works/0d3q3sn,work,あひるの空　ＴＨＥ　ＤＡＹ,,0,0,https://books.kuras-plus.com/works/0d3q3sn,"noindex,follow",false,true,false,false,,noindex,"summary・タグともになし。薄いコンテンツとして noindex,follow（既存方針）。"
/works/0d6216i,work,SPY×FAMILY カラー版,,0,0,https://books.kuras-plus.com/works/0d6216i,"noindex,follow",false,true,false,false,,noindex,"summary・タグともになし。薄いコンテンツとして noindex,follow（既存方針）。"
/works/0d9bzrg,work,このミステリーがすごい! : 2022年のミステリー&エンターテインメントベスト20 2023年版,,0,0,https://books.kuras-plus.com/works/0d9bzrg,"index,follow",true,false,false,false,,strengthen,タグのみ。あらすじ追記で強化推奨。
/works/0dc5zwl,work,天使禁猟区,,0,0,https://books.kuras-plus.com/works/0dc5zwl,"noindex,follow",false,true,false,false,,noindex,"summary・タグともになし。薄いコンテンツとして noindex,follow（既存方針）。"
/works/0dcqzt7,work,パズラー : 謎と論理のエンタテインメント,,0,0,https://books.kuras-plus.com/works/0dcqzt7,"index,follow",true,false,false,false,,strengthen,タグのみ。あらすじ追記で強化推奨。
/works/0df39jd,work,緋色の研究【深町眞理子訳】,ホームズとワトソンの出会いを描くシリーズ第1作。名探偵誕生の瞬間から始まる記念碑的作品で、推理小説の原点とも言える名文が現代の読者にも親しみやすい新訳で蘇る。,79,0,https://books.kuras-plus.com/works/0df39jd,"index,follow",true,false,false,false,,index,あらすじあり。index対象。
/works/0dg2tta,work,名探偵コナン犯人の犯沢さん,,0,0,https://books.kuras-plus.com/works/0dg2tta,"noindex,follow",false,true,false,false,,noindex,"summary・タグともになし。薄いコンテンツとして noindex,follow（既存方針）。"
/works/0dg9ea3,work,羊の木,,0,0,https://books.kuras-plus.com/works/0dg9ea3,"noindex,follow",false,true,false,false,,noindex,"summary・タグともになし。薄いコンテンツとして noindex,follow（既存方針）。"
/works/0dizyqw,work,武装錬金,錬金術によって生まれた武器「武装錬金」を使って戦う少年の熱い戦いを描いたバトル漫画。「るろうに剣心」の作者による爽快なアクションと友情の物語は、少年バトル漫画フ,90,0,https://books.kuras-plus.com/works/0dizyqw,"index,follow",true,false,false,false,,index,あらすじあり。index対象。
/works/0dlk728,work,魔法騎士レイアース２,,0,0,https://books.kuras-plus.com/works/0dlk728,"noindex,follow",false,true,false,false,,noindex,"summary・タグともになし。薄いコンテンツとして noindex,follow（既存方針）。"
/works/0dlo9mt,work,マンガでわかる数式なしのデータ分析 = The Manga Guide to Data Analysis Without Formulas,,0,0,https://books.kuras-plus.com/works/0dlo9mt,"noindex,follow",false,true,false,false,,noindex,"summary・タグともになし。薄いコンテンツとして noindex,follow（既存方針）。"
/works/0dm4rc5,work,完全版 ぼくらの,,0,0,https://books.kuras-plus.com/works/0dm4rc5,"noindex,follow",false,true,false,false,,noindex,"summary・タグともになし。薄いコンテンツとして noindex,follow（既存方針）。"
/works/0dmbi19,work,サイボーグ,,0,0,https://books.kuras-plus.com/works/0dmbi19,"noindex,follow",false,true,false,false,,noindex,"summary・タグともになし。薄いコンテンツとして noindex,follow（既存方針）。"
/works/0dmf80b,work,弱虫ペダル,自転車の知識ゼロのアニメオタク少年がロードレーサーとして成長する熱血スポーツ漫画。仲間との絆と勝利への渇望が爆発する、涙とアドレナリンが止まらない名作。,76,0,https://books.kuras-plus.com/works/0dmf80b,"index,follow",true,false,false,false,,index,あらすじあり。index対象。
/works/0dmwsmu,work,聖女の魔力は万能です,,0,0,https://books.kuras-plus.com/works/0dmwsmu,"noindex,follow",false,true,false,false,,noindex,"summary・タグともになし。薄いコンテンツとして noindex,follow（既存方針）。"
/works/0dp51jh,work,木挽町のあだ討ち,江戸・木挽町の芝居小屋の前で、見事な仇討ちが成し遂げられた。だが、その真相は目撃者たちの証言によって少しずつ異なる姿を見せていく。直木賞を受賞した本作は、時代小,174,0,https://books.kuras-plus.com/works/0dp51jh,"index,follow",true,false,false,false,,index,あらすじあり。index対象。
/works/0drcw3b,work,聖女の魔力は万能です,,0,0,https://books.kuras-plus.com/works/0drcw3b,"noindex,follow",false,true,false,false,,noindex,"summary・タグともになし。薄いコンテンツとして noindex,follow（既存方針）。"
/works/0ds82eb,work,ハイスクール!奇面組+,,0,0,https://books.kuras-plus.com/works/0ds82eb,"noindex,follow",false,true,false,false,,noindex,"summary・タグともになし。薄いコンテンツとして noindex,follow（既存方針）。"
/works/0dshi37,work,島耕作 課長島耕作,,0,0,https://books.kuras-plus.com/works/0dshi37,"noindex,follow",false,true,false,false,,noindex,"summary・タグともになし。薄いコンテンツとして noindex,follow（既存方針）。"
/works/0dw28r4,work,君はレフティ,,0,0,https://books.kuras-plus.com/works/0dw28r4,"noindex,follow",false,true,false,false,,noindex,"summary・タグともになし。薄いコンテンツとして noindex,follow（既存方針）。"
/works/0dwqot5,work,異世界失格【単話】,,0,0,https://books.kuras-plus.com/works/0dwqot5,"noindex,follow",false,true,false,false,,noindex,"summary・タグともになし。薄いコンテンツとして noindex,follow（既存方針）。"
/works/0dwvctq,work,金色のガッシュ!! 2,,0,0,https://books.kuras-plus.com/works/0dwvctq,"noindex,follow",false,true,false,false,,noindex,"summary・タグともになし。薄いコンテンツとして noindex,follow（既存方針）。"
/works/0dzyojj,work,ベルセルク,極限のダークファンタジー、業と意志が交差する不朽の大作,27,0,https://books.kuras-plus.com/works/0dzyojj,"index,follow",true,false,false,false,,index,あらすじあり。index対象。
/works/0e004ca,work,ひぐらしのなく頃に令　星渡し編,,0,0,https://books.kuras-plus.com/works/0e004ca,"noindex,follow",false,true,false,false,,noindex,"summary・タグともになし。薄いコンテンツとして noindex,follow（既存方針）。"
/works/0e0mbvc,work,仮面病棟,強盗犯が立てこもった病院に、当直医として閉じ込められた速水秀悟。脱出を試みる中で、この病院自体が抱える恐ろしい秘密に気づいていく。現役医師でもある知念実希人が描,180,0,https://books.kuras-plus.com/works/0e0mbvc,"index,follow",true,false,false,false,,index,あらすじあり。index対象。
/works/0e2wou4,work,アイアムアヒーロー,,0,0,https://books.kuras-plus.com/works/0e2wou4,"noindex,follow",false,true,false,false,,noindex,"summary・タグともになし。薄いコンテンツとして noindex,follow（既存方針）。"
/works/0e3rs8e,work,グラスホッパー,複数の殺し屋たちが交差する群像劇を描くクライムサスペンス。個性的なキャラクターが生き生きと動き回り、予測不能な展開と軽妙な文体が読む手を止めさせない一気読みエン,85,0,https://books.kuras-plus.com/works/0e3rs8e,"index,follow",true,false,false,false,,index,あらすじあり。index対象。
/works/0e3wlvv,work,放課後,女子高の教師・前島が校内で二度の殺人未遂に遭遇する。狙われているのは自分なのか、それとも——。閉ざされた学園を舞台に、思春期の少女たちの繊細な心理と巧みなトリッ,191,0,https://books.kuras-plus.com/works/0e3wlvv,"index,follow",true,false,false,false,,index,あらすじあり。index対象。
/works/0e4o2y9,work,三体〔コミック版〕 ２,,0,0,https://books.kuras-plus.com/works/0e4o2y9,"noindex,follow",false,true,false,false,,noindex,"summary・タグともになし。薄いコンテンツとして noindex,follow（既存方針）。"
/works/0e4ujqe,work,ホタルの嫁入り【電子特典 短冊ポスター画像つき】,,0,0,https://books.kuras-plus.com/works/0e4ujqe,"noindex,follow",false,true,false,false,,noindex,"summary・タグともになし。薄いコンテンツとして noindex,follow（既存方針）。"
/works/0e52bx3,work,血とバラ懐しの名画ミステリー,,0,0,https://books.kuras-plus.com/works/0e52bx3,"index,follow",true,false,false,false,,strengthen,タグのみ。あらすじ追記で強化推奨。
/works/0e58aaw,work,贈る物語terror : みんな怖い話が大好き,,0,0,https://books.kuras-plus.com/works/0e58aaw,"index,follow",true,false,false,false,,strengthen,タグのみ。あらすじ追記で強化推奨。
/works/0e5mq6v,work,ハカイジュウ（9）,,0,0,https://books.kuras-plus.com/works/0e5mq6v,"noindex,follow",false,true,false,false,,noindex,"summary・タグともになし。薄いコンテンツとして noindex,follow（既存方針）。"
/works/0e5v5ts,work,ロートレック荘事件（新潮文庫）,ロートレックの絵に彩られた豪華別荘での殺人事件を描く筒井康隆の本格ミステリ。独特の語り口と大胆なトリックが組み合わさった異色の本格推理で、ミステリファンを唸らせ,87,0,https://books.kuras-plus.com/works/0e5v5ts,"index,follow",true,false,false,false,,index,あらすじあり。index対象。
/works/0e7q0y8,work,ソードアート・オンライン アインクラッド,,0,0,https://books.kuras-plus.com/works/0e7q0y8,"noindex,follow",false,true,false,false,,noindex,"summary・タグともになし。薄いコンテンツとして noindex,follow（既存方針）。"
/works/0e87jmy,work,一夜の恋におびえて,,0,0,https://books.kuras-plus.com/works/0e87jmy,"index,follow",true,false,false,false,,strengthen,タグのみ。あらすじ追記で強化推奨。
/works/0e8fv0l,work,一万年の午後,,0,0,https://books.kuras-plus.com/works/0e8fv0l,"index,follow",true,false,false,false,,strengthen,タグのみ。あらすじ追記で強化推奨。
/works/0e9kvq4,work,宇宙戦争,,0,0,https://books.kuras-plus.com/works/0e9kvq4,"index,follow",true,false,false,false,,strengthen,タグのみ。あらすじ追記で強化推奨。
/works/0ead25x,work,殺戮にいたる病,東京で連続する猟奇殺人事件を、犯人・犯人を追う刑事・犯人の母の三つの視点から描く衝撃のサイコサスペンス。我孫子武丸の代表作であり、ラスト数ページで世界がひっくり,125,0,https://books.kuras-plus.com/works/0ead25x,"index,follow",true,false,false,false,,index,あらすじあり。index対象。
/works/0eba9jj,work,痛いのは嫌なので防御力に極振りしたいと思います。,,0,0,https://books.kuras-plus.com/works/0eba9jj,"noindex,follow",false,true,false,false,,noindex,"summary・タグともになし。薄いコンテンツとして noindex,follow（既存方針）。"
/works/0ecjsmn,work,ダンジョンに出会いを求めるのは間違っているだろうか,神々が住む迷宮都市を舞台に弱小冒険者が成長するファンタジーコミック。多彩な神様と個性豊かなキャラクターによるアドベンチャーと恋愛の絡み合いが楽しいシリーズ。,78,0,https://books.kuras-plus.com/works/0ecjsmn,"index,follow",true,false,false,false,,index,あらすじあり。index対象。
/works/0eecu2e,work,彼岸島　４８日後…,,0,0,https://books.kuras-plus.com/works/0eecu2e,"noindex,follow",false,true,false,false,,noindex,"summary・タグともになし。薄いコンテンツとして noindex,follow（既存方針）。"
/works/0efucmf,work,PandoraHearts,,0,0,https://books.kuras-plus.com/works/0efucmf,"noindex,follow",false,true,false,false,,noindex,"summary・タグともになし。薄いコンテンツとして noindex,follow（既存方針）。"
/works/0eg67pq,work,とらドラ!,,0,0,https://books.kuras-plus.com/works/0eg67pq,"index,follow",true,false,false,false,,strengthen,タグのみ。あらすじ追記で強化推奨。
/works/0egtw22,work,法月綸太郎の功績,,0,0,https://books.kuras-plus.com/works/0egtw22,"index,follow",true,false,false,false,,strengthen,タグのみ。あらすじ追記で強化推奨。
/works/0eiesol,work,晴れときどき涙雨 : 髙田郁のできるまで,,0,0,https://books.kuras-plus.com/works/0eiesol,"index,follow",true,false,false,false,,strengthen,タグのみ。あらすじ追記で強化推奨。
/works/0eipjp5,work,かもめ食堂,フィンランドのヘルシンキで日本食堂を営む日本人女性と、そこに集まる人々を描いた癒し系小説。ゆったりとした北欧の空気感の中で、人との縁や日常の豊かさをじっくり味わ,93,0,https://books.kuras-plus.com/works/0eipjp5,"index,follow",true,false,false,false,,index,あらすじあり。index対象。
/works/0elbcxa,work,ぼっち・ざ・ろっく!,コミュ障の女の子がバンドを始め成長する姿を描いた音楽系ギャグ漫画。笑いあり感動ありの絶妙なバランスで描かれる青春と音楽の物語は、バンドや音楽が好きな読者に特に刺,85,0,https://books.kuras-plus.com/works/0elbcxa,"index,follow",true,false,false,false,,index,あらすじあり。index対象。
/works/0elcfmv,work,百鬼夜行抄,,0,0,https://books.kuras-plus.com/works/0elcfmv,"noindex,follow",false,true,false,false,,noindex,"summary・タグともになし。薄いコンテンツとして noindex,follow（既存方針）。"
/works/0elo6x2,work,消えた初恋【期間限定試し読み増量】,,0,0,https://books.kuras-plus.com/works/0elo6x2,"noindex,follow",false,true,false,false,,noindex,"summary・タグともになし。薄いコンテンツとして noindex,follow（既存方針）。"
/works/0emxg31,work,Ａｎｏｔｈｅｒ　エピソードＳ（角川文庫版）,大ヒットホラーミステリ「Another」の外伝作品。本編では語られなかったエピソードが明かされ、独特の不気味な雰囲気と心理的緊張感を楽しめる。本編ファン必読のサ,88,0,https://books.kuras-plus.com/works/0emxg31,"index,follow",true,false,false,false,,index,あらすじあり。index対象。
/works/0erkqel,work,片想い,大学アメフト部のOB会で再会した旧友は、男装の姿で現れ、殺人を告白した。性同一性障害という題材に、東野圭吾がミステリーの手法で切り込んだ先駆的作品。男と女の境界,191,0,https://books.kuras-plus.com/works/0erkqel,"index,follow",true,false,false,false,,index,あらすじあり。index対象。
/works/0es0u2r,work,タスキメシ箱根,,0,0,https://books.kuras-plus.com/works/0es0u2r,"noindex,follow",false,true,false,false,,noindex,"summary・タグともになし。薄いコンテンツとして noindex,follow（既存方針）。"
/works/0esi20j,work,ミナミの帝王,,0,0,https://books.kuras-plus.com/works/0esi20j,"noindex,follow",false,true,false,false,,noindex,"summary・タグともになし。薄いコンテンツとして noindex,follow（既存方針）。"
/works/0esrsgq,work,【期間限定　試し読み増量版】それでも歩は寄せてくる,,0,0,https://books.kuras-plus.com/works/0esrsgq,"noindex,follow",false,true,false,false,,noindex,"summary・タグともになし。薄いコンテンツとして noindex,follow（既存方針）。"
/works/0etmdx4,work,鉄腕アトム,,0,0,https://books.kuras-plus.com/works/0etmdx4,"noindex,follow",false,true,false,false,,noindex,"summary・タグともになし。薄いコンテンツとして noindex,follow（既存方針）。"
/works/0evrm43,work,Nのために,Nから始まる名前を持つ4人の若者の愛と罪を多視点で描く湊かなえのサスペンス小説。複雑に絡み合う人間関係と衝撃の真実が最後まで読者を引き込む、一気読み必至のイヤミ,85,0,https://books.kuras-plus.com/works/0evrm43,"index,follow",true,false,false,false,,index,あらすじあり。index対象。
/works/0ewgqcu,work,どうせ、恋してしまうんだ。分冊版,,0,0,https://books.kuras-plus.com/works/0ewgqcu,"noindex,follow",false,true,false,false,,noindex,"summary・タグともになし。薄いコンテンツとして noindex,follow（既存方針）。"
/works/0ewsk8q,work,BLACK CAT,,0,0,https://books.kuras-plus.com/works/0ewsk8q,"noindex,follow",false,true,false,false,,noindex,"summary・タグともになし。薄いコンテンツとして noindex,follow（既存方針）。"
/works/0exnkn9,work,原作と映像の交叉光線(クロスライト) : ミステリ映像の現在形,,0,0,https://books.kuras-plus.com/works/0exnkn9,"index,follow",true,false,false,false,,strengthen,タグのみ。あらすじ追記で強化推奨。
/works/0f03eyl,work,ＦＡＩＲＹ　ＴＡＩＬ　超合本版,,0,0,https://books.kuras-plus.com/works/0f03eyl,"noindex,follow",false,true,false,false,,noindex,"summary・タグともになし。薄いコンテンツとして noindex,follow（既存方針）。"
/works/0f03phf,work,刷ったもんだ!,,0,0,https://books.kuras-plus.com/works/0f03phf,"noindex,follow",false,true,false,false,,noindex,"summary・タグともになし。薄いコンテンツとして noindex,follow（既存方針）。"
/works/0f10s88,work,凪のお暇【分冊版】,,0,0,https://books.kuras-plus.com/works/0f10s88,"noindex,follow",false,true,false,false,,noindex,"summary・タグともになし。薄いコンテンツとして noindex,follow（既存方針）。"
/works/0f1xxl8,work,斉木楠雄のΨ難,超強力な超能力を持ちながら目立ちたくない高校生・斉木楠雄の奮闘を描くギャグ漫画。個性的な周囲のキャラとのやりとりが爆笑必至で、軽快に読める爽快コメディ。,76,0,https://books.kuras-plus.com/works/0f1xxl8,"index,follow",true,false,false,false,,index,あらすじあり。index対象。
/works/0f2t4o9,work,変な絵,一見すると普通に見える絵。しかしよく観察すると、そこには不気味な違和感が潜んでいる。ネットで絶大な人気を誇る雨穴が仕掛ける本作は、「絵」を手がかりに真相を読み解,192,0,https://books.kuras-plus.com/works/0f2t4o9,"index,follow",true,false,false,false,,index,あらすじあり。index対象。
/works/0f4zuo7,work,槍の勇者のやり直し : Tsuyokute NEW GAME.,,0,0,https://books.kuras-plus.com/works/0f4zuo7,"noindex,follow",false,true,false,false,,noindex,"summary・タグともになし。薄いコンテンツとして noindex,follow（既存方針）。"
/works/0f6ofu1,work,ゆるキャン△アニメコミック,,0,0,https://books.kuras-plus.com/works/0f6ofu1,"noindex,follow",false,true,false,false,,noindex,"summary・タグともになし。薄いコンテンツとして noindex,follow（既存方針）。"
/works/0fb0opc,work,ピアノの森,森の中のピアノで育った天才少年と音楽への情熱を描いた音楽漫画の傑作。自由奔放な演奏スタイルと心に響く音楽の物語が美しく、音楽好きや感動的な成長物語を求める読者に,88,0,https://books.kuras-plus.com/works/0fb0opc,"index,follow",true,false,false,false,,index,あらすじあり。index対象。
/works/0fbycia,work,スナックバス江,,0,0,https://books.kuras-plus.com/works/0fbycia,"noindex,follow",false,true,false,false,,noindex,"summary・タグともになし。薄いコンテンツとして noindex,follow（既存方針）。"
/works/0fc6koz,work,アインシュタイン26歳の奇蹟の三大業績,1905年、弱冠26歳のアインシュタインが発表した三つの論文が、物理学の世界を根底から覆した。特殊相対性理論、光量子仮説、ブラウン運動の理論——この「奇蹟の年」,207,0,https://books.kuras-plus.com/works/0fc6koz,"index,follow",true,false,false,false,,index,あらすじあり。index対象。
/works/0fcm07c,work,トリコ,幻の美食を求めて危険な生物と戦う美食屋を主人公にしたグルメ×バトル漫画。スケールの大きな食の冒険と豪快なバトルシーンが、読む者に圧倒的なカタルシスを与える。,78,0,https://books.kuras-plus.com/works/0fcm07c,"index,follow",true,false,false,false,,index,あらすじあり。index対象。
/works/0fcv3n3,work,るろうに剣心,明治維新後の日本を舞台に元人斬りの剣客が不殺の誓いを胸に戦う時代劇漫画の名作。爽快な剣劇と歴史ロマン、人間ドラマが融合した傑作で、時代劇・剣客漫画ファンに長く親,87,0,https://books.kuras-plus.com/works/0fcv3n3,"index,follow",true,false,false,false,,index,あらすじあり。index対象。
/works/0fdvqrj,work,五等分の花嫁【春夏秋冬】,,0,0,https://books.kuras-plus.com/works/0fdvqrj,"noindex,follow",false,true,false,false,,noindex,"summary・タグともになし。薄いコンテンツとして noindex,follow（既存方針）。"
/works/0fdykr3,work,ラジエーションハウス,,0,0,https://books.kuras-plus.com/works/0fdykr3,"noindex,follow",false,true,false,false,,noindex,"summary・タグともになし。薄いコンテンツとして noindex,follow（既存方針）。"
/works/0fe1v26,work,魔都精兵のスレイブ,異世界の侵略に対抗する軍に所属した少年が特殊な力を持つ少女たちと戦うアクション漫画。バトル要素とハーレム的なキャラクター関係が融合した少年漫画らしい作品。,77,0,https://books.kuras-plus.com/works/0fe1v26,"index,follow",true,false,false,false,,index,あらすじあり。index対象。
/works/0fex7i0,work,甲賀忍法帖 バジリスク,,0,0,https://books.kuras-plus.com/works/0fex7i0,"noindex,follow",false,true,false,false,,noindex,"summary・タグともになし。薄いコンテンツとして noindex,follow（既存方針）。"
/works/0ff2w2t,work,正反対な君と僕,,0,0,https://books.kuras-plus.com/works/0ff2w2t,"noindex,follow",false,true,false,false,,noindex,"summary・タグともになし。薄いコンテンツとして noindex,follow（既存方針）。"
/works/0ffrvj1,work,FAIRY TAIL,魔法使いたちのギルド「フェアリーテイル」の仲間たちの絆と冒険を描くバトルファンタジー漫画。仲間を信じる熱い友情と迫力満点のバトルが展開される、ハートフルなファン,86,0,https://books.kuras-plus.com/works/0ffrvj1,"index,follow",true,false,false,false,,index,あらすじあり。index対象。
/works/0ffspbq,work,村上春樹『色彩を持たない多崎つくると、彼の巡礼の年』メッタ斬り！,書評界の辛口コンビ、大森望と豊崎由美が村上春樹の話題作を容赦なく斬る。褒めるところは褒め、疑問点には鋭く切り込む対談形式の批評は、読んでいて痛快でありながら作品,194,0,https://books.kuras-plus.com/works/0ffspbq,"index,follow",true,false,false,false,,index,あらすじあり。index対象。
/works/0fgybo1,work,葉桜の季節に君を想うということ,中年の探偵が次々と事件を解決しながら、ある女性との出会いを通じて変わっていく群像ミステリー。叙述トリックの名手・歌野晶午が仕掛ける驚愕のラストが待つ、ミステリー,89,0,https://books.kuras-plus.com/works/0fgybo1,"index,follow",true,false,false,false,,index,あらすじあり。index対象。
/works/0fh34k1,work,ミステリー・オーバードーズ,,0,0,https://books.kuras-plus.com/works/0fh34k1,"index,follow",true,false,false,false,,strengthen,タグのみ。あらすじ追記で強化推奨。
/works/0flnk2o,work,怪盗ニック全仕事,,0,0,https://books.kuras-plus.com/works/0flnk2o,"index,follow",true,false,false,false,,strengthen,タグのみ。あらすじ追記で強化推奨。
/works/0flwohs,work,炎炎ノ消防隊,炎を操る消防士たちの熱いバトルと世界の謎を追う,23,0,https://books.kuras-plus.com/works/0flwohs,"index,follow",true,false,false,false,,index,あらすじあり。index対象。
/works/0fqsm78,work,運命の巻戻士 = ALL GREAT ACHIEVEMENTS REQUIRE TIME.,,0,0,https://books.kuras-plus.com/works/0fqsm78,"noindex,follow",false,true,false,false,,noindex,"summary・タグともになし。薄いコンテンツとして noindex,follow（既存方針）。"
/works/0fqwc48,work,神のみぞ知るセカイ,ギャルゲーの攻略法で現実の女性の心を攻略するというユニークな設定のラブコメ漫画。ゲームと現実の絶妙なギャップが笑いと感動を生み、恋愛漫画やゲーム好きの読者に長く,89,0,https://books.kuras-plus.com/works/0fqwc48,"index,follow",true,false,false,false,,index,あらすじあり。index対象。
/works/0fr907u,work,家庭教師ヒットマンREBORN! モノクロ版,弱気な少年がマフィアのボスを目指す仲間たちと共に成長する少年漫画。個性豊かなキャラクターと熱いバトル、仲間との絆が魅力のジャンプ作品で、友情と成長を描く少年漫画,89,0,https://books.kuras-plus.com/works/0fr907u,"index,follow",true,false,false,false,,index,あらすじあり。index対象。
/works/0fsgqp6,work,有閑倶楽部,,0,0,https://books.kuras-plus.com/works/0fsgqp6,"noindex,follow",false,true,false,false,,noindex,"summary・タグともになし。薄いコンテンツとして noindex,follow（既存方針）。"
/works/0fthrvf,work,お隣の天使様にいつの間にか駄目人間にされていた件,一人暮らしの地味な男子高校生と、隣に住む学校一の美少女との距離感ゼロなラブコメ。甘えた関係のなかで芽生える純粋な恋愛感情をほのぼのと描いた癒し系ラノベ。,76,0,https://books.kuras-plus.com/works/0fthrvf,"index,follow",true,false,false,false,,index,あらすじあり。index対象。
/works/0fvn7q7,work,バイオレンスジャック,,0,0,https://books.kuras-plus.com/works/0fvn7q7,"noindex,follow",false,true,false,false,,noindex,"summary・タグともになし。薄いコンテンツとして noindex,follow（既存方針）。"
/works/0fvr14y,work,バッテリー,天才的な才能を持つピッチャー・原田巧。中学入学を機に田舎町へ引っ越した彼は、キャッチャー・永倉豪と出会い、バッテリーを組むことになる。だが巧の傲慢なまでの才能へ,190,0,https://books.kuras-plus.com/works/0fvr14y,"index,follow",true,false,false,false,,index,あらすじあり。index対象。
/works/0fx54a7,work,平穏世代の韋駄天達,神と魔族の戦いを描くバトルファンタジー漫画。独特のユーモアセンスとド派手なアクションが融合したクール教信者らしい作品で、個性的なバトル漫画とコメディを求める読者,87,0,https://books.kuras-plus.com/works/0fx54a7,"index,follow",true,false,false,false,,index,あらすじあり。index対象。
/works/0fy2gdt,work,やはり俺の青春ラブコメはまちがっている。,友達ゼロ、ひねくれ男子高校生・比企谷八幡が「奉仕部」に放り込まれ、氷の美少女・雪ノ下雪乃や元気娘・由比ヶ浜結衣と出会う。表面的な優しさを嫌い、独自の論理で問題を,212,0,https://books.kuras-plus.com/works/0fy2gdt,"index,follow",true,false,false,false,,index,あらすじあり。index対象。
/works/0fy8yk0,work,アオのハコ,バドミントン部の男子と体操部の女子、先輩への片想いを抱える高校生たちの青春恋愛漫画。スポーツの熱量と純粋な恋心が交差する、みずみずしい青春の空気感が楽しめるジャ,89,0,https://books.kuras-plus.com/works/0fy8yk0,"index,follow",true,false,false,false,,index,あらすじあり。index対象。
/works/0fye1u8,work,犬夜叉,,0,0,https://books.kuras-plus.com/works/0fye1u8,"noindex,follow",false,true,false,false,,noindex,"summary・タグともになし。薄いコンテンツとして noindex,follow（既存方針）。"
/works/0fzlip0,work,吉川英治　大活字本シリーズ　宮本武蔵　第6巻　 風の巻,,0,0,https://books.kuras-plus.com/works/0fzlip0,"noindex,follow",false,true,false,false,,noindex,"summary・タグともになし。薄いコンテンツとして noindex,follow（既存方針）。"
/works/0fzwyqs,work,DAYS,,0,0,https://books.kuras-plus.com/works/0fzwyqs,"noindex,follow",false,true,false,false,,noindex,"summary・タグともになし。薄いコンテンツとして noindex,follow（既存方針）。"
/works/0g19x0j,work,ベルサイユのばら(完全版)1,フランス革命を舞台に男装の騎士オスカルの生涯を描いた少女漫画史上最高の名作。華麗な宮廷世界と激動の歴史、壮絶な人間ドラマが融合した傑作で、少女漫画・歴史漫画ファ,91,0,https://books.kuras-plus.com/works/0g19x0j,"index,follow",true,false,false,false,,index,あらすじあり。index対象。
/works/0g3zqvn,work,乙女ゲームの破滅フラグしかない悪役令嬢に転生してしまった…,,0,0,https://books.kuras-plus.com/works/0g3zqvn,"noindex,follow",false,true,false,false,,noindex,"summary・タグともになし。薄いコンテンツとして noindex,follow（既存方針）。"
/works/0g4mitg,work,喧嘩稼業,,0,0,https://books.kuras-plus.com/works/0g4mitg,"noindex,follow",false,true,false,false,,noindex,"summary・タグともになし。薄いコンテンツとして noindex,follow（既存方針）。"
/works/0g4szh2,work,天上天下,,0,0,https://books.kuras-plus.com/works/0g4szh2,"noindex,follow",false,true,false,false,,noindex,"summary・タグともになし。薄いコンテンツとして noindex,follow（既存方針）。"
/works/0g6vt24,work,薬屋のひとりごと,後宮に仕える薬師の少女が毒と医学の知識を活かして謎を解き明かす後宮ミステリー漫画。中華風の美麗な世界観と頭脳明晰な主人公が人気を集める大ヒット作品。,74,0,https://books.kuras-plus.com/works/0g6vt24,"index,follow",true,false,false,false,,index,あらすじあり。index対象。
/works/0g7ab9i,work,七夕の国,,0,0,https://books.kuras-plus.com/works/0g7ab9i,"noindex,follow",false,true,false,false,,noindex,"summary・タグともになし。薄いコンテンツとして noindex,follow（既存方針）。"
/works/0g7up38,work,愛蔵版赤ちゃんと僕,,0,0,https://books.kuras-plus.com/works/0g7up38,"noindex,follow",false,true,false,false,,noindex,"summary・タグともになし。薄いコンテンツとして noindex,follow（既存方針）。"
/works/0g82ueq,work,スラムダンク,,0,0,https://books.kuras-plus.com/works/0g82ueq,"noindex,follow",false,true,false,false,,noindex,"summary・タグともになし。薄いコンテンツとして noindex,follow（既存方針）。"
/works/0g84glo,work,ひらやすみ,,0,0,https://books.kuras-plus.com/works/0g84glo,"noindex,follow",false,true,false,false,,noindex,"summary・タグともになし。薄いコンテンツとして noindex,follow（既存方針）。"
/works/0gase59,work,アズパッション : オリジナルBLコミック・アンソロジー v.1,,0,0,https://books.kuras-plus.com/works/0gase59,"noindex,follow",false,true,false,false,,noindex,"summary・タグともになし。薄いコンテンツとして noindex,follow（既存方針）。"
/works/0gdup42,work,バスタード!!,,0,0,https://books.kuras-plus.com/works/0gdup42,"noindex,follow",false,true,false,false,,noindex,"summary・タグともになし。薄いコンテンツとして noindex,follow（既存方針）。"
/works/0gejsd5,work,めだかボックス,生徒会長として全ての悩みを解決しようとする完璧超人の少女を主人公にした少年漫画。西尾維新原作ならではのキャラクター論とメタ的な構造、熱いバトルが融合した個性的で,89,0,https://books.kuras-plus.com/works/0gejsd5,"index,follow",true,false,false,false,,index,あらすじあり。index対象。
/works/0geqgwg,work,古典の真実 : 源氏物語は江戸時代に書かれた,,0,0,https://books.kuras-plus.com/works/0geqgwg,"index,follow",true,false,false,false,,strengthen,タグのみ。あらすじ追記で強化推奨。
/works/0gfd9h8,work,学びを結果に変えるアウトプット大全,インプットだけでは成長しない。精神科医・樺沢紫苑が脳科学に基づき、「話す」「書く」「行動する」の3つのアウトプット術を80の具体的メソッドで解説。累計100万部,128,0,https://books.kuras-plus.com/works/0gfd9h8,"index,follow",true,false,false,false,,index,あらすじあり。index対象。
/works/0ggueys,work,マンガでわかる生化学,,0,0,https://books.kuras-plus.com/works/0ggueys,"noindex,follow",false,true,false,false,,noindex,"summary・タグともになし。薄いコンテンツとして noindex,follow（既存方針）。"
/works/0gjtq5l,work,あっぱれ！浦安鉄筋家族,,0,0,https://books.kuras-plus.com/works/0gjtq5l,"noindex,follow",false,true,false,false,,noindex,"summary・タグともになし。薄いコンテンツとして noindex,follow（既存方針）。"
/works/0gkuqva,work,幼稚園WARS,幼稚園を守るために戦う元工作員が保育士を務めるアクションコメディ漫画。かわいい園児たちと凄腕スパイのギャップから生まれる笑いが満載で、家族連れや子育て世代にも親,88,0,https://books.kuras-plus.com/works/0gkuqva,"index,follow",true,false,false,false,,index,あらすじあり。index対象。
/works/0gmvb2i,work,あたしンち,,0,0,https://books.kuras-plus.com/works/0gmvb2i,"noindex,follow",false,true,false,false,,noindex,"summary・タグともになし。薄いコンテンツとして noindex,follow（既存方針）。"
/works/0gnr99n,work,H2,あだち充が描く高校野球と恋愛が交差する青春漫画。二組の男女の複雑な感情とグラウンドでの熱戦が丁寧に描かれ、爽やかな読後感と切なさを同時に感じさせる名作。,76,0,https://books.kuras-plus.com/works/0gnr99n,"index,follow",true,false,false,false,,index,あらすじあり。index対象。
/works/0gnr9uq,work,王妃の帰還,,0,0,https://books.kuras-plus.com/works/0gnr9uq,"index,follow",true,false,false,false,,strengthen,タグのみ。あらすじ追記で強化推奨。
/works/0gnrggx,work,モンキーピーク,企業の登山研修中に山中で謎の猿に次々と襲われるサバイバルホラー漫画。閉鎖的な山岳環境での緊迫したサバイバルと、人間の本性が剥き出しになる展開が圧倒的な緊張感を生,82,0,https://books.kuras-plus.com/works/0gnrggx,"index,follow",true,false,false,false,,index,あらすじあり。index対象。
/works/0go7yjd,work,タイガーマスク,,0,0,https://books.kuras-plus.com/works/0go7yjd,"noindex,follow",false,true,false,false,,noindex,"summary・タグともになし。薄いコンテンツとして noindex,follow（既存方針）。"
/works/0goe74f,work,ドカベンスーパースターズ編,,0,0,https://books.kuras-plus.com/works/0goe74f,"noindex,follow",false,true,false,false,,noindex,"summary・タグともになし。薄いコンテンツとして noindex,follow（既存方針）。"
/works/0gomkg2,work,魔入りました！入間くん,人間の少年が悪魔の世界の学校に通うことになるほのぼのファンタジーコメディ漫画。個性豊かな悪魔たちとの賑やかな学園生活と少年の成長がほっこりと楽しめる作品。,77,0,https://books.kuras-plus.com/works/0gomkg2,"index,follow",true,false,false,false,,index,あらすじあり。index対象。
/works/0gpes8b,work,ナンバMG5,,0,0,https://books.kuras-plus.com/works/0gpes8b,"noindex,follow",false,true,false,false,,noindex,"summary・タグともになし。薄いコンテンツとして noindex,follow（既存方針）。"
/works/0grlgng,work,ぼっち・ざ・ろっく!外伝廣井きくりの深酒日記,,0,0,https://books.kuras-plus.com/works/0grlgng,"noindex,follow",false,true,false,false,,noindex,"summary・タグともになし。薄いコンテンツとして noindex,follow（既存方針）。"
/works/0gsovmz,work,迷路館の殺人〈新装改訂版〉,迷宮のような奇妙な館で起こる連続殺人を描く「館シリーズ」第3弾。複雑に入り組んだ構造と巧みなトリックが融合した本格派推理小説で、どんでん返しを楽しみたい読者に最,85,0,https://books.kuras-plus.com/works/0gsovmz,"index,follow",true,false,false,false,,index,あらすじあり。index対象。
/works/0gtcxjl,work,チェーザレ,,0,0,https://books.kuras-plus.com/works/0gtcxjl,"noindex,follow",false,true,false,false,,noindex,"summary・タグともになし。薄いコンテンツとして noindex,follow（既存方針）。"
/works/0gtes9c,work,タッチ,双子の兄弟と幼馴染の少女の三角関係と高校野球を描いたあだち充の名作漫画。爽やかな青春の空気感と切ない恋模様が絶妙なバランスで描かれた、永遠の青春漫画の金字塔。,79,0,https://books.kuras-plus.com/works/0gtes9c,"index,follow",true,false,false,false,,index,あらすじあり。index対象。
/works/0gvhkvo,work,戀愛寄生蟲,,0,0,https://books.kuras-plus.com/works/0gvhkvo,"index,follow",true,false,false,false,,strengthen,タグのみ。あらすじ追記で強化推奨。
/works/0gvhrj2,work,ヒカルの碁,囲碁の天才霊・佐為に取り憑かれた少年ヒカルの成長と囲碁との向き合いを描く名作スポーツ・青春漫画。知的なゲームの奥深さと少年の情熱が融合した、囲碁を知らなくても楽,86,0,https://books.kuras-plus.com/works/0gvhrj2,"index,follow",true,false,false,false,,index,あらすじあり。index対象。
/works/0gx61st,work,狼と香辛料.,,0,0,https://books.kuras-plus.com/works/0gx61st,"noindex,follow",false,true,false,false,,noindex,"summary・タグともになし。薄いコンテンツとして noindex,follow（既存方針）。"
/works/0gxljwd,work,蜘蛛ですが、なにか? : 蜘蛛子四姉妹の日常.,,0,0,https://books.kuras-plus.com/works/0gxljwd,"noindex,follow",false,true,false,false,,noindex,"summary・タグともになし。薄いコンテンツとして noindex,follow（既存方針）。"
/works/0gxtlmi,work,異世界居酒屋「のぶ」.,,0,0,https://books.kuras-plus.com/works/0gxtlmi,"noindex,follow",false,true,false,false,,noindex,"summary・タグともになし。薄いコンテンツとして noindex,follow（既存方針）。"
/works/0h217gq,work,異世界チート魔術師(マジシャン),,0,0,https://books.kuras-plus.com/works/0h217gq,"noindex,follow",false,true,false,false,,noindex,"summary・タグともになし。薄いコンテンツとして noindex,follow（既存方針）。"
/works/0h3fbhf,work,その着せ替え人形は恋をする 1~3巻バリューパック,,0,0,https://books.kuras-plus.com/works/0h3fbhf,"noindex,follow",false,true,false,false,,noindex,"summary・タグともになし。薄いコンテンツとして noindex,follow（既存方針）。"
/works/0h42dqd,work,横溝正史自選集,,0,0,https://books.kuras-plus.com/works/0h42dqd,"index,follow",true,false,false,false,,strengthen,タグのみ。あらすじ追記で強化推奨。
/works/0h78ckj,work,薔薇の名前［完全版］　上,一三二七年、北イタリアの修道院で連続殺人が発生する。フランシスコ会修道士ウィリアムと見習いのアドソは、迷宮のような図書館に隠された禁断の書物を追い、事件の真相に,200,0,https://books.kuras-plus.com/works/0h78ckj,"index,follow",true,false,false,false,,index,あらすじあり。index対象。
/works/0h7fb2r,work,ケロロ軍曹,,0,0,https://books.kuras-plus.com/works/0h7fb2r,"noindex,follow",false,true,false,false,,noindex,"summary・タグともになし。薄いコンテンツとして noindex,follow（既存方針）。"
/works/0h7jr83,work,サラリーマン金太郎,型破りなサラリーマンが巻き起こすビジネス版熱血漫画,25,0,https://books.kuras-plus.com/works/0h7jr83,"index,follow",true,false,false,false,,index,あらすじあり。index対象。
/works/0h7tf6m,work,オーバーロード不死者のOh! = OVERLORD The Undead King Oh!,,0,0,https://books.kuras-plus.com/works/0h7tf6m,"noindex,follow",false,true,false,false,,noindex,"summary・タグともになし。薄いコンテンツとして noindex,follow（既存方針）。"
/works/0h8uquz,work,ツバサ,,0,0,https://books.kuras-plus.com/works/0h8uquz,"noindex,follow",false,true,false,false,,noindex,"summary・タグともになし。薄いコンテンツとして noindex,follow（既存方針）。"
/works/0h9ng34,work,CLAMP PREMIUM COLLECTION 魔法騎士レイアース,,0,0,https://books.kuras-plus.com/works/0h9ng34,"noindex,follow",false,true,false,false,,noindex,"summary・タグともになし。薄いコンテンツとして noindex,follow（既存方針）。"
/works/0h9zmq9,work,四月は君の嘘,音楽から逃げていた天才ピアニスト少年と、自由奔放なバイオリン少女の出会いを描く音楽青春漫画。美しい演奏描写と繊細な感情表現が涙を誘う、音楽と青春を愛するすべての,88,0,https://books.kuras-plus.com/works/0h9zmq9,"index,follow",true,false,false,false,,index,あらすじあり。index対象。
/works/0hbcs6d,work,鍵のない夢を見る,地方の閉塞感とそこで生きる女性たちの人生を描く連作短編集。日常に潜む息苦しさと人間の選択の重みを辻村深月が繊細に描き、直木賞を受賞した文学的完成度の高い傑作短編,82,0,https://books.kuras-plus.com/works/0hbcs6d,"index,follow",true,false,false,false,,index,あらすじあり。index対象。
/works/0hc6lz0,work,日常が学びに変わる!経済学の本 : ど素人でもわかる,経済学の難しい概念を日常のシーンに置き換えてわかりやすく解説。専門知識ゼロからでも「経済ってこういうことか」と腑に落ちる楽しい学びを提供する入門書。,74,0,https://books.kuras-plus.com/works/0hc6lz0,"index,follow",true,false,false,false,,index,あらすじあり。index対象。
/works/0hexe5p,work,Dr.コトー診療所 新装版,,0,0,https://books.kuras-plus.com/works/0hexe5p,"noindex,follow",false,true,false,false,,noindex,"summary・タグともになし。薄いコンテンツとして noindex,follow（既存方針）。"
/works/0hheirn,work,マンガストーリー講座 : キャラクターを動かす! : マンガを描く全ての人へ!ストーリー作りの教科書,,0,0,https://books.kuras-plus.com/works/0hheirn,"noindex,follow",false,true,false,false,,noindex,"summary・タグともになし。薄いコンテンツとして noindex,follow（既存方針）。"
/works/0hhenxe,work,風雲児たち幕末編,,0,0,https://books.kuras-plus.com/works/0hhenxe,"noindex,follow",false,true,false,false,,noindex,"summary・タグともになし。薄いコンテンツとして noindex,follow（既存方針）。"
/works/0hiqxyg,work,その着せ替え人形は恋をする,ひな人形師の孫の男子高校生と、コスプレ好きの人気ギャルが出会うラブコメ漫画。ものづくりへの情熱とコスプレ文化への愛情が溢れ、ヒロインのキャラクターが鮮烈に輝くア,91,0,https://books.kuras-plus.com/works/0hiqxyg,"index,follow",true,false,false,false,,index,あらすじあり。index対象。
/works/0hit13s,work,ピューと吹く！ジャガー カラー版,,0,0,https://books.kuras-plus.com/works/0hit13s,"noindex,follow",false,true,false,false,,noindex,"summary・タグともになし。薄いコンテンツとして noindex,follow（既存方針）。"
/works/0hk8h2e,work,社会人1年目のビジネスマナー : マンガでサクッと!,,0,0,https://books.kuras-plus.com/works/0hk8h2e,"noindex,follow",false,true,false,false,,noindex,"summary・タグともになし。薄いコンテンツとして noindex,follow（既存方針）。"
/works/0hmglzj,work,EX-ARM エクスアーム,近未来を舞台に、電脳世界に意識が転写された主人公が活躍するSFアクション漫画。サイバーパンクな世界観とスタイリッシュなバトルシーンが楽しめる、SF好き向けのエン,85,0,https://books.kuras-plus.com/works/0hmglzj,"index,follow",true,false,false,false,,index,あらすじあり。index対象。
/works/0hmhi0e,work,PLUTO,,0,0,https://books.kuras-plus.com/works/0hmhi0e,"noindex,follow",false,true,false,false,,noindex,"summary・タグともになし。薄いコンテンツとして noindex,follow（既存方針）。"
/works/0hmjc7w,work,死人の声をきくがよい,,0,0,https://books.kuras-plus.com/works/0hmjc7w,"noindex,follow",false,true,false,false,,noindex,"summary・タグともになし。薄いコンテンツとして noindex,follow（既存方針）。"
/works/0hnqg2i,work,シャーロック・ホームズの回想,ホームズが数々の難事件に挑む短編集。多彩な謎と個性的な登場人物が魅力で、毎話異なる趣向の謎解きを楽しめる。シリーズの中でも特に人気の高い短編が揃った充実の一冊。,80,0,https://books.kuras-plus.com/works/0hnqg2i,"index,follow",true,false,false,false,,index,あらすじあり。index対象。
/works/0hokrgi,work,鵺の陰陽師,,0,0,https://books.kuras-plus.com/works/0hokrgi,"noindex,follow",false,true,false,false,,noindex,"summary・タグともになし。薄いコンテンツとして noindex,follow（既存方針）。"
/works/0hoocm6,work,アイシールド21,気弱な少年がアメリカンフットボールに出会い、最強の選手へと成長する熱血スポーツ漫画。村田雄介の迫力ある作画と頭脳戦・スピード感が融合したジャンプ屈指の名作。,78,0,https://books.kuras-plus.com/works/0hoocm6,"index,follow",true,false,false,false,,index,あらすじあり。index対象。
/works/0hou9i1,work,傲慢と善良,婚活を題材に、現代を生きる男女の心の深層を鋭く描く社会派恋愛小説。自分の中の「傲慢さ」と「善良さ」に向き合うことで見えてくる、人と人が理解し合う難しさと可能性を,85,0,https://books.kuras-plus.com/works/0hou9i1,"index,follow",true,false,false,false,,index,あらすじあり。index対象。
/works/0hpbd41,work,ブラックキャット,,0,0,https://books.kuras-plus.com/works/0hpbd41,"noindex,follow",false,true,false,false,,noindex,"summary・タグともになし。薄いコンテンツとして noindex,follow（既存方針）。"
/works/0hpd4we,work,ＤＥＡＲ　ＢＯＹＳ　ＡＣＴ　３（4）,,0,0,https://books.kuras-plus.com/works/0hpd4we,"noindex,follow",false,true,false,false,,noindex,"summary・タグともになし。薄いコンテンツとして noindex,follow（既存方針）。"
/works/0hprdv1,work,世界の終りとハードボイルド・ワンダーランド,二つの並行世界を交互に描く実験的な長編小説。幻想的な「世界の終り」とハードボイルドな「ハードボイルド・ワンダーランド」が交差する独創的な構成で、村上春樹の文学的,92,0,https://books.kuras-plus.com/works/0hprdv1,"index,follow",true,false,false,false,,index,あらすじあり。index対象。
/works/0hs37jq,work,刃牙道,,0,0,https://books.kuras-plus.com/works/0hs37jq,"noindex,follow",false,true,false,false,,noindex,"summary・タグともになし。薄いコンテンツとして noindex,follow（既存方針）。"
/works/0hurno8,work,ラーメン大好き小泉さん : specialプライスパック,,0,0,https://books.kuras-plus.com/works/0hurno8,"noindex,follow",false,true,false,false,,noindex,"summary・タグともになし。薄いコンテンツとして noindex,follow（既存方針）。"
/works/0hv6y2p,work,戦国十二刻 : 始まりのとき,,0,0,https://books.kuras-plus.com/works/0hv6y2p,"noindex,follow",false,true,false,false,,noindex,"summary・タグともになし。薄いコンテンツとして noindex,follow（既存方針）。"
/works/0hv8pjv,work,魔王学院の不適合者 : 史上最強の魔王の始祖、転生して子孫たちの学校へ通う,,0,0,https://books.kuras-plus.com/works/0hv8pjv,"noindex,follow",false,true,false,false,,noindex,"summary・タグともになし。薄いコンテンツとして noindex,follow（既存方針）。"
/works/0hw3g7c,work,破獄,,0,0,https://books.kuras-plus.com/works/0hw3g7c,"noindex,follow",false,true,false,false,,noindex,"summary・タグともになし。薄いコンテンツとして noindex,follow（既存方針）。"
/works/0hwsgrl,work,ポプテピピック【分冊版】　（3）,,0,0,https://books.kuras-plus.com/works/0hwsgrl,"noindex,follow",false,true,false,false,,noindex,"summary・タグともになし。薄いコンテンツとして noindex,follow（既存方針）。"
/works/0hwyejp,work,少女終末旅行公式アンソロジーコミック,,0,0,https://books.kuras-plus.com/works/0hwyejp,"noindex,follow",false,true,false,false,,noindex,"summary・タグともになし。薄いコンテンツとして noindex,follow（既存方針）。"
/works/0hy047x,work,よつばと!,天真爛漫な少女・よつばと父親、近所の人々との日常を描いた癒し系コメディ漫画。子どもの目線で世界の何気ない不思議を再発見する温かさが老若男女問わず愛される名作。,79,0,https://books.kuras-plus.com/works/0hy047x,"index,follow",true,false,false,false,,index,あらすじあり。index対象。
/works/0hy0c7e,work,ROOKIES,問題児だらけの野球部を束ねる熱血教師の奮闘と生徒たちの成長を描く青春漫画。夢を諦めない姿勢と教師と生徒の人間的なぶつかり合いが胸を熱くする感動の物語。,75,0,https://books.kuras-plus.com/works/0hy0c7e,"index,follow",true,false,false,false,,index,あらすじあり。index対象。
/works/0hz3hnh,work,アシガール,,0,0,https://books.kuras-plus.com/works/0hz3hnh,"noindex,follow",false,true,false,false,,noindex,"summary・タグともになし。薄いコンテンツとして noindex,follow（既存方針）。"
/works/0hzci2c,work,息吹,テッド・チャンによる珠玉のSF短篇集。言語・時間・記憶・意識といった深遠なテーマを温かみのある文章で描き、読後に静かな感動と深い思索をもたらす全9篇。,75,0,https://books.kuras-plus.com/works/0hzci2c,"index,follow",true,false,false,false,,index,あらすじあり。index対象。
/works/0hzds5b,work,Monster. Chapter 3 (511キンダーハイム),,0,0,https://books.kuras-plus.com/works/0hzds5b,"noindex,follow",false,true,false,false,,noindex,"summary・タグともになし。薄いコンテンツとして noindex,follow（既存方針）。"
/works/0hzlvff,work,ドラえもん,,0,0,https://books.kuras-plus.com/works/0hzlvff,"noindex,follow",false,true,false,false,,noindex,"summary・タグともになし。薄いコンテンツとして noindex,follow（既存方針）。"
/works/0hzmkf1,work,ゴッドハンド輝,,0,0,https://books.kuras-plus.com/works/0hzmkf1,"noindex,follow",false,true,false,false,,noindex,"summary・タグともになし。薄いコンテンツとして noindex,follow（既存方針）。"
/works/0hztvhw,work,新装版もやしもん,,0,0,https://books.kuras-plus.com/works/0hztvhw,"noindex,follow",false,true,false,false,,noindex,"summary・タグともになし。薄いコンテンツとして noindex,follow（既存方針）。"
/works/0i21j2m,work,シティーハンター,新宿を舞台に活躍するスイーパー（始末屋）の活躍を描いたアクションラブコメ漫画の金字塔。軽妙な笑いと圧倒的なアクション、主人公の魅力が融合した不朽の名作で、世代を,90,0,https://books.kuras-plus.com/works/0i21j2m,"index,follow",true,false,false,false,,index,あらすじあり。index対象。
/works/0i4ycax,work,時代小説ザ・ベスト,,0,0,https://books.kuras-plus.com/works/0i4ycax,"noindex,follow",false,true,false,false,,noindex,"summary・タグともになし。薄いコンテンツとして noindex,follow（既存方針）。"
/works/0i70vgk,work,ジャングルはいつもハレのちグゥ,,0,0,https://books.kuras-plus.com/works/0i70vgk,"noindex,follow",false,true,false,false,,noindex,"summary・タグともになし。薄いコンテンツとして noindex,follow（既存方針）。"
/works/0i7n2wr,work,ダンピアのおいしい冒険 １,,0,0,https://books.kuras-plus.com/works/0i7n2wr,"noindex,follow",false,true,false,false,,noindex,"summary・タグともになし。薄いコンテンツとして noindex,follow（既存方針）。"
/works/0i8vnuf,work,学校怪談（13）,,0,0,https://books.kuras-plus.com/works/0i8vnuf,"noindex,follow",false,true,false,false,,noindex,"summary・タグともになし。薄いコンテンツとして noindex,follow（既存方針）。"
/works/0i9p9or,work,刻刻,,0,0,https://books.kuras-plus.com/works/0i9p9or,"noindex,follow",false,true,false,false,,noindex,"summary・タグともになし。薄いコンテンツとして noindex,follow（既存方針）。"
/works/0ia4f63,work,ジャングルの王者ターちゃん,,0,0,https://books.kuras-plus.com/works/0ia4f63,"noindex,follow",false,true,false,false,,noindex,"summary・タグともになし。薄いコンテンツとして noindex,follow（既存方針）。"
/works/0ia8sxd,work,新装版　魔法先生ネギま！,10歳の魔法使い少年が中学生の女生徒たちを受け持つ魔法ラブコメ漫画。多彩なキャラクターと魔法バトル、ハーレムコメディが一体となった大作で、熱いバトルと賑やかなラ,92,0,https://books.kuras-plus.com/works/0ia8sxd,"index,follow",true,false,false,false,,index,あらすじあり。index対象。
/works/0iahvcu,work,ギャグマンガ日和,,0,0,https://books.kuras-plus.com/works/0iahvcu,"noindex,follow",false,true,false,false,,noindex,"summary・タグともになし。薄いコンテンツとして noindex,follow（既存方針）。"
/works/0iakalz,work,スライム倒して300年、知らないうちにレベルMAXになってました.,過労死した元OLが異世界で不老不死の魔女に転生。毎日スライムだけを倒すのんびり生活を三百年続けていたら、いつの間にか世界最強になっていた。森田季節が贈るこの物語,186,0,https://books.kuras-plus.com/works/0iakalz,"index,follow",true,false,false,false,,index,あらすじあり。index対象。
/works/0ias0qn,work,火花,売れないお笑い芸人の徳永が、破天荒な先輩芸人・神谷に出会い、その生き様に魅了されていく。芸人である又吉直樹だからこそ書けた、笑いに人生を捧げる者たちの切実な物語,188,0,https://books.kuras-plus.com/works/0ias0qn,"index,follow",true,false,false,false,,index,あらすじあり。index対象。
/works/0iblk78,work,スキップ・ビート！【通常版】,,0,0,https://books.kuras-plus.com/works/0iblk78,"noindex,follow",false,true,false,false,,noindex,"summary・タグともになし。薄いコンテンツとして noindex,follow（既存方針）。"
/works/0id5m7s,work,ジュニア版 クレヨンしんちゃん ：,,0,0,https://books.kuras-plus.com/works/0id5m7s,"noindex,follow",false,true,false,false,,noindex,"summary・タグともになし。薄いコンテンツとして noindex,follow（既存方針）。"
/works/0ig5dqa,work,介護日記 : 父と家族の2163日 : コミックエッセイ,,0,0,https://books.kuras-plus.com/works/0ig5dqa,"noindex,follow",false,true,false,false,,noindex,"summary・タグともになし。薄いコンテンツとして noindex,follow（既存方針）。"
/works/0ij2fzz,work,ホムンクルス,頭蓋骨に穴を開ける手術後に特殊な「見え方」が現れた男の心理的冒険を描くサスペンス漫画。人間の深層心理と社会の歪みを象徴的ビジュアルで表現した大人向けの問題作。,79,0,https://books.kuras-plus.com/works/0ij2fzz,"index,follow",true,false,false,false,,index,あらすじあり。index対象。
/works/0iju92l,work,シャーマンキング完全版,,0,0,https://books.kuras-plus.com/works/0iju92l,"noindex,follow",false,true,false,false,,noindex,"summary・タグともになし。薄いコンテンツとして noindex,follow（既存方針）。"
/works/0ilao0e,work,はたらく細胞.,人体の細胞たちが擬人化されて日々の仕事をこなす教育コメディ漫画。免疫・血液・病気の仕組みが楽しく学べ、子供から大人まで幅広く楽しめる人気の学習系漫画。,75,0,https://books.kuras-plus.com/works/0ilao0e,"index,follow",true,false,false,false,,index,あらすじあり。index対象。
/works/0ilmrkf,work,旅猫リポート,猫のナナと飼い主の青年が旅をしながら昔の友人を訪ねる、温かくも切ない旅物語。猫の目線を交えた軽快な語り口と、人と人のつながりへの感謝が胸に染みる、涙なしには読め,92,0,https://books.kuras-plus.com/works/0ilmrkf,"index,follow",true,false,false,false,,index,あらすじあり。index対象。
/works/0ime77d,work,ゴブリンスレイヤー,,0,0,https://books.kuras-plus.com/works/0ime77d,"noindex,follow",false,true,false,false,,noindex,"summary・タグともになし。薄いコンテンツとして noindex,follow（既存方針）。"
/works/0imjij4,work,魔都精兵のスレイブ セミカラー版,,0,0,https://books.kuras-plus.com/works/0imjij4,"noindex,follow",false,true,false,false,,noindex,"summary・タグともになし。薄いコンテンツとして noindex,follow（既存方針）。"
/works/0in0q55,work,たまのこしいれ ―アシガールEDO―,,0,0,https://books.kuras-plus.com/works/0in0q55,"noindex,follow",false,true,false,false,,noindex,"summary・タグともになし。薄いコンテンツとして noindex,follow（既存方針）。"
/works/0ip38ti,work,11文字の檻 : 青崎有吾短編集成,,0,0,https://books.kuras-plus.com/works/0ip38ti,"index,follow",true,false,false,false,,strengthen,タグのみ。あらすじ追記で強化推奨。
/works/0it9izx,work,母性,母と娘の複雑な愛憎関係を描く心理サスペンス。二つの視点から語られる真実の乖離が衝撃的で、母性とは何かを根本から問い直す湊かなえ流の鋭い人間観察が光る話題作。,78,0,https://books.kuras-plus.com/works/0it9izx,"index,follow",true,false,false,false,,index,あらすじあり。index対象。
/works/0itsbxv,work,ブラック・ジャック,,0,0,https://books.kuras-plus.com/works/0itsbxv,"noindex,follow",false,true,false,false,,noindex,"summary・タグともになし。薄いコンテンツとして noindex,follow（既存方針）。"
/works/0itvnus,work,殺人鬼フジコの衝動,幼少期に一家惨殺事件の唯一の生き残りとなった少女フジコ。壮絶な過去を背負いながら成長した彼女は、やがて連続殺人犯へと変貌を遂げる。読み進めるほどに不快感が増し、,181,0,https://books.kuras-plus.com/works/0itvnus,"index,follow",true,false,false,false,,index,あらすじあり。index対象。
/works/0ityva8,work,分身,自分のクローンの存在を知った女性が真実を追う東野圭吾のサスペンス。生命倫理と家族、アイデンティティをテーマに据えた重厚な物語で、科学と人間の感情が鋭くぶつかり合,85,0,https://books.kuras-plus.com/works/0ityva8,"index,follow",true,false,false,false,,index,あらすじあり。index対象。
/works/0iuwa8r,work,鬼滅の刃,涙と熱さで心を揺さぶる、令和最大の感動バトル,22,0,https://books.kuras-plus.com/works/0iuwa8r,"index,follow",true,false,false,false,,index,あらすじあり。index対象。
/works/0iwi9t3,work,なぜあの人は集中力があるのか,仕事ができる人、成果を出し続ける人には共通点がある——それは集中力の使い方を知っていることだ。中谷彰宏が豊富な経験から導き出した、集中力を高めるための具体的な習,215,0,https://books.kuras-plus.com/works/0iwi9t3,"index,follow",true,false,false,false,,index,あらすじあり。index対象。
/works/0ixl11j,work,狼と香辛料,,0,0,https://books.kuras-plus.com/works/0ixl11j,"noindex,follow",false,true,false,false,,noindex,"summary・タグともになし。薄いコンテンツとして noindex,follow（既存方針）。"
/works/0iyxmpx,work,ハリー・ポッターと炎のゴブレット,三大魔法学校対抗試合がホグワーツで開催される。参加資格のないはずのハリーが、なぜか四人目の代表選手に選ばれてしまう。命がけの三つの課題に挑みながら、背後で蠢く闇,180,0,https://books.kuras-plus.com/works/0iyxmpx,"index,follow",true,false,false,false,,index,あらすじあり。index対象。
/works/0izbvl7,work,WEB版 WORKING!!,,0,0,https://books.kuras-plus.com/works/0izbvl7,"noindex,follow",false,true,false,false,,noindex,"summary・タグともになし。薄いコンテンツとして noindex,follow（既存方針）。"
/works/0j00ctl,work,第三の時効,殺人事件の時効まであとわずか。三つの班が競い合うF県警捜査一課で、刑事たちはそれぞれの矜持と策略を胸に最後の追い込みをかける。表題作をはじめ、警察組織の内部に渦,187,0,https://books.kuras-plus.com/works/0j00ctl,"index,follow",true,false,false,false,,index,あらすじあり。index対象。
/works/0j1gjnf,work,龍臥亭事件,山間の旅館で起きる連続怪事件に御手洗潔が挑む長編本格ミステリ。土着の因習と奇怪な謎が渾然一体となった濃密な世界観と、島田荘司ならではの大仕掛けなトリックが楽しめ,84,0,https://books.kuras-plus.com/works/0j1gjnf,"index,follow",true,false,false,false,,index,あらすじあり。index対象。
/works/0j34j9u,work,白い巨塔,,0,0,https://books.kuras-plus.com/works/0j34j9u,"index,follow",true,false,false,false,,strengthen,タグのみ。あらすじ追記で強化推奨。
/works/0j3hvhz,work,食糧人類,,0,0,https://books.kuras-plus.com/works/0j3hvhz,"noindex,follow",false,true,false,false,,noindex,"summary・タグともになし。薄いコンテンツとして noindex,follow（既存方針）。"
/works/0j4rqzs,work,まおゆう魔王勇者,,0,0,https://books.kuras-plus.com/works/0j4rqzs,"index,follow",true,false,false,false,,strengthen,タグのみ。あらすじ追記で強化推奨。
/works/0j5dp87,work,女王国の城,ある宗教団体に潜入した火村たちが遭遇する事件を描く作家アリスシリーズの長編本格ミステリ。閉鎖的な宗教集団という特殊な舞台と、有栖川有栖の緻密な謎解きが味わえる読,88,0,https://books.kuras-plus.com/works/0j5dp87,"index,follow",true,false,false,false,,index,あらすじあり。index対象。
/works/0j5supr,work,絶対名作!十代のためのベスト・ショート・ミステリー = FOR TEENS BEST SHORT MYSTERY [4],十代の感性に響くミステリー短編を精選したアンソロジー。若い読者が初めて味わう「騙される快感」と「謎が解ける爽快感」を大切にした選りすぐりのラインナップが並ぶ。一,214,0,https://books.kuras-plus.com/works/0j5supr,"index,follow",true,false,false,false,,index,あらすじあり。index対象。
/works/0j6dau3,work,HELLSING,,0,0,https://books.kuras-plus.com/works/0j6dau3,"noindex,follow",false,true,false,false,,noindex,"summary・タグともになし。薄いコンテンツとして noindex,follow（既存方針）。"
/works/0j77rtf,work,五等分の花嫁　フルカラー版,,0,0,https://books.kuras-plus.com/works/0j77rtf,"noindex,follow",false,true,false,false,,noindex,"summary・タグともになし。薄いコンテンツとして noindex,follow（既存方針）。"
/works/0j9tt5y,work,完全版ぼくらの,,0,0,https://books.kuras-plus.com/works/0j9tt5y,"noindex,follow",false,true,false,false,,noindex,"summary・タグともになし。薄いコンテンツとして noindex,follow（既存方針）。"
/works/0jbra91,work,名もなき毒,大企業の社内報編集部で働く杉村三郎は、新しく配属された女性社員の異常な言動に翻弄される。同時期に起きた無差別毒殺事件の影が忍び寄り、日常は徐々に崩壊していく。宮,169,0,https://books.kuras-plus.com/works/0jbra91,"index,follow",true,false,false,false,,index,あらすじあり。index対象。
/works/0jbwfup,work,からみる昭和十年代の外地文学,昭和十年代、日本の統治下にあった「外地」で生まれた文学とはいかなるものだったのか。廖秀娟が植民地期の文学作品を丹念に読み解き、帝国日本と周縁地域の文化的関係を浮,218,0,https://books.kuras-plus.com/works/0jbwfup,"index,follow",true,false,false,false,,index,あらすじあり。index対象。
/works/0jcxrbj,work,黒子のバスケ カラー版,,0,0,https://books.kuras-plus.com/works/0jcxrbj,"noindex,follow",false,true,false,false,,noindex,"summary・タグともになし。薄いコンテンツとして noindex,follow（既存方針）。"
/works/0jddviv,work,Fate/Zero,,0,0,https://books.kuras-plus.com/works/0jddviv,"index,follow",true,false,false,false,,strengthen,タグのみ。あらすじ追記で強化推奨。
/works/0je93jr,work,MAJOR(メジャー),,0,0,https://books.kuras-plus.com/works/0je93jr,"noindex,follow",false,true,false,false,,noindex,"summary・タグともになし。薄いコンテンツとして noindex,follow（既存方針）。"
/works/0jeavz9,work,このミステリーがすごい!,,0,0,https://books.kuras-plus.com/works/0jeavz9,"index,follow",true,false,false,false,,strengthen,タグのみ。あらすじ追記で強化推奨。
/works/0jedj4k,work,エリアの騎士,,0,0,https://books.kuras-plus.com/works/0jedj4k,"noindex,follow",false,true,false,false,,noindex,"summary・タグともになし。薄いコンテンツとして noindex,follow（既存方針）。"
/works/0jh9p7u,work,このミステリーがすごい! 2026年版,,0,0,https://books.kuras-plus.com/works/0jh9p7u,"index,follow",true,false,false,false,,strengthen,タグのみ。あらすじ追記で強化推奨。
/works/0jhx58s,work,幼女戦記,,0,0,https://books.kuras-plus.com/works/0jhx58s,"noindex,follow",false,true,false,false,,noindex,"summary・タグともになし。薄いコンテンツとして noindex,follow（既存方針）。"
/works/0jiqfm5,work,会長はメイド様!,,0,0,https://books.kuras-plus.com/works/0jiqfm5,"noindex,follow",false,true,false,false,,noindex,"summary・タグともになし。薄いコンテンツとして noindex,follow（既存方針）。"
/works/0jj9qrw,work,LIFE SHIFT 100年時代の人生戦略,寿命100年時代、従来の「教育→仕事→引退」の3ステージ人生モデルは崩壊する。リンダ・グラットンが提唱するマルチステージの人生戦略は、生涯学び続け、複数のキャリ,132,0,https://books.kuras-plus.com/works/0jj9qrw,"index,follow",true,false,false,false,,index,あらすじあり。index対象。
/works/0jjhik2,work,その裁きは死,,0,0,https://books.kuras-plus.com/works/0jjhik2,"index,follow",true,false,false,false,,strengthen,タグのみ。あらすじ追記で強化推奨。
/works/0jjkpfl,work,To LOVEる―とらぶる―ダークネス カラー版,,0,0,https://books.kuras-plus.com/works/0jjkpfl,"noindex,follow",false,true,false,false,,noindex,"summary・タグともになし。薄いコンテンツとして noindex,follow（既存方針）。"
/works/0jk0j0a,work,からくりサーカス,からくり人形と運命的に結びついた少年たちの冒険と戦いを描く壮大なアクション漫画。圧倒的な画力と複雑に絡み合う人間ドラマが見どころで、読み応え抜群の大長編ファンタ,83,0,https://books.kuras-plus.com/works/0jk0j0a,"index,follow",true,false,false,false,,index,あらすじあり。index対象。
/works/0jkdo59,work,リボーンの棋士,将棋界の底辺で生きるプロ棋士がもう一度頂点を目指す再起の物語。将棋の魅力と人間の執念を丁寧に描き、勝負の世界に生きる男の静かな熱さが心に響く。,71,0,https://books.kuras-plus.com/works/0jkdo59,"index,follow",true,false,false,false,,index,あらすじあり。index対象。
/works/0jm2au1,work,神話創世RPGアマデウス,,0,0,https://books.kuras-plus.com/works/0jm2au1,"noindex,follow",false,true,false,false,,noindex,"summary・タグともになし。薄いコンテンツとして noindex,follow（既存方針）。"
/works/0jnj2de,work,横丁の名探偵 : 犯人当て小説傑作選,仁木悦子ほか著名作家による犯人当て短編を集めたアンソロジー。読後に犯人を推理する楽しみが味わえ、昭和ミステリの名手たちの技巧を一冊で堪能できる傑作選。,75,0,https://books.kuras-plus.com/works/0jnj2de,"index,follow",true,false,false,false,,index,あらすじあり。index対象。
/works/0jnwqb6,work,電撃デイジー,,0,0,https://books.kuras-plus.com/works/0jnwqb6,"noindex,follow",false,true,false,false,,noindex,"summary・タグともになし。薄いコンテンツとして noindex,follow（既存方針）。"
/works/0jo3wu3,work,宇喜多の捨て嫁,,0,0,https://books.kuras-plus.com/works/0jo3wu3,"index,follow",true,false,false,false,,strengthen,タグのみ。あらすじ追記で強化推奨。
/works/0jpxt9t,work,セクシーコマンドー外伝すごいよ!!マサルさん,,0,0,https://books.kuras-plus.com/works/0jpxt9t,"noindex,follow",false,true,false,false,,noindex,"summary・タグともになし。薄いコンテンツとして noindex,follow（既存方針）。"
/works/0jr2ptw,work,マンガでわかる量子力学 : 日常の常識でははかりしれないミクロな世界の現象を解き明かす,,0,0,https://books.kuras-plus.com/works/0jr2ptw,"noindex,follow",false,true,false,false,,noindex,"summary・タグともになし。薄いコンテンツとして noindex,follow（既存方針）。"
/works/0jrh2b1,work,メダリスト,フィギュアスケートを夢見る少女と、夢を諦めかけたコーチが出会う感動のスポーツ漫画。才能と努力、師弟の信頼が氷の上で結実する瞬間を丁寧に描き、競技の美しさとドラマ,89,0,https://books.kuras-plus.com/works/0jrh2b1,"index,follow",true,false,false,false,,index,あらすじあり。index対象。
/works/0jro89l,work,センゴク,,0,0,https://books.kuras-plus.com/works/0jro89l,"noindex,follow",false,true,false,false,,noindex,"summary・タグともになし。薄いコンテンツとして noindex,follow（既存方針）。"
/works/0js9bjx,work,近畿地方のある場所について,,0,0,https://books.kuras-plus.com/works/0js9bjx,"index,follow",true,false,false,false,,strengthen,タグのみ。あらすじ追記で強化推奨。
/works/0jujphf,work,不良品探偵,欠点だらけの私立探偵が活躍するユーモアミステリー連作短篇集。謎解きの面白さに笑いをたっぷり盛り込んだ軽快な筆致と、どこか憎めない主人公のキャラクターが魅力の、肩,93,0,https://books.kuras-plus.com/works/0jujphf,"index,follow",true,false,false,false,,index,あらすじあり。index対象。
/works/0jwym80,work,ハリー・ポッターとアズカバンの囚人,魔法界最恐の監獄アズカバンから脱獄した囚人シリウス・ブラック。彼はハリーの命を狙っているという。吸魂鬼が徘徊する不穏なホグワーツで、ハリーは新任教師ルーピンとの,177,0,https://books.kuras-plus.com/works/0jwym80,"index,follow",true,false,false,false,,index,あらすじあり。index対象。
/works/0jx7njp,work,七つの大罪,騎士団「七つの大罪」の仲間を集める旅を描く王道バトルファンタジー漫画。個性豊かなキャラクターと豪快なバトル描写が楽しめる、少年漫画ファンにおすすめのファンタジー,83,0,https://books.kuras-plus.com/works/0jx7njp,"index,follow",true,false,false,false,,index,あらすじあり。index対象。
/works/0jxndl8,work,Dr.STONE,石化した人類が復活した原始の世界で、科学の力で文明を再建しようとする少年の物語。知識と頭脳が武器のワクワクする科学系少年漫画で、学習要素と熱いバトルが融合した唯,87,0,https://books.kuras-plus.com/works/0jxndl8,"index,follow",true,false,false,false,,index,あらすじあり。index対象。
/works/0jyiwv6,work,東京卍リベンジャーズ : 場地圭介からの手紙.,,0,0,https://books.kuras-plus.com/works/0jyiwv6,"noindex,follow",false,true,false,false,,noindex,"summary・タグともになし。薄いコンテンツとして noindex,follow（既存方針）。"
/works/0k16riw,work,ラーメン大好き小泉さん,,0,0,https://books.kuras-plus.com/works/0k16riw,"noindex,follow",false,true,false,false,,noindex,"summary・タグともになし。薄いコンテンツとして noindex,follow（既存方針）。"
/works/0k52a2d,work,BLAME!,無限に増殖し続ける超巨大構造体の内部を旅する孤独な主人公を描く弐瓶勉の傑作SF漫画。言葉少ないナラティブと圧倒的なビジュアルで構築された独自の世界観が世界中のフ,88,0,https://books.kuras-plus.com/works/0k52a2d,"index,follow",true,false,false,false,,index,あらすじあり。index対象。
/works/0k52dkb,work,地獄星レミナ,,0,0,https://books.kuras-plus.com/works/0k52dkb,"noindex,follow",false,true,false,false,,noindex,"summary・タグともになし。薄いコンテンツとして noindex,follow（既存方針）。"
/works/0k5qbvh,work,火星の人,火星に一人取り残された宇宙飛行士が知恵と科学で生き延びる姿を描くSF。圧倒的なリアリティと主人公のユーモラスな語り口が癖になる。読者を最初から最後まで引き込む究,90,0,https://books.kuras-plus.com/works/0k5qbvh,"index,follow",true,false,false,false,,index,あらすじあり。index対象。
/works/0k6hvcp,work,陸王,,0,0,https://books.kuras-plus.com/works/0k6hvcp,"noindex,follow",false,true,false,false,,noindex,"summary・タグともになし。薄いコンテンツとして noindex,follow（既存方針）。"
/works/0k6ti4h,work,マンガでわかる行動経済学 : いつも同じ店で食事をしてしまうのは?なぜギャンブラーは自信満々なのか?,,0,0,https://books.kuras-plus.com/works/0k6ti4h,"noindex,follow",false,true,false,false,,noindex,"summary・タグともになし。薄いコンテンツとして noindex,follow（既存方針）。"
/works/0k7f05o,work,トモダチゲーム,,0,0,https://books.kuras-plus.com/works/0k7f05o,"noindex,follow",false,true,false,false,,noindex,"summary・タグともになし。薄いコンテンツとして noindex,follow（既存方針）。"
/works/0k7wv6h,work,吉川英治　大活字本シリーズ　宮本武蔵　第9巻　 空の巻,,0,0,https://books.kuras-plus.com/works/0k7wv6h,"noindex,follow",false,true,false,false,,noindex,"summary・タグともになし。薄いコンテンツとして noindex,follow（既存方針）。"
/works/0k8a9tb,work,日本ホラー小説史 : 怪談、オカルト、モキュメンタリー,,0,0,https://books.kuras-plus.com/works/0k8a9tb,"index,follow",true,false,false,false,,strengthen,タグのみ。あらすじ追記で強化推奨。
/works/0k916zm,work,伊達エルフ政宗,,0,0,https://books.kuras-plus.com/works/0k916zm,"index,follow",true,false,false,false,,strengthen,タグのみ。あらすじ追記で強化推奨。
/works/0kagz6o,work,うる星やつら,,0,0,https://books.kuras-plus.com/works/0kagz6o,"noindex,follow",false,true,false,false,,noindex,"summary・タグともになし。薄いコンテンツとして noindex,follow（既存方針）。"
/works/0kavo0v,work,ゴーン・ガール 下,結婚五周年の朝、妻エイミーが失踪した。世界中を震撼させたサイコスリラーの後半、物語は驚愕の展開を見せる。ギリアン・フリンが暴くのは、夫婦という密室で繰り広げられ,189,0,https://books.kuras-plus.com/works/0kavo0v,"index,follow",true,false,false,false,,index,あらすじあり。index対象。
/works/0kcnvtk,work,そして、バトンは渡された,複数の親を持つという複雑な家庭環境で育ちながらも、明るく前向きに生きる少女の物語。型破りな家族の形を通じて「愛」の多様なあり方を描いた、読後に温かい光が差し込む,91,0,https://books.kuras-plus.com/works/0kcnvtk,"index,follow",true,false,false,false,,index,あらすじあり。index対象。
/works/0ke36bo,work,蜘蛛ですが、なにか?,,0,0,https://books.kuras-plus.com/works/0ke36bo,"noindex,follow",false,true,false,false,,noindex,"summary・タグともになし。薄いコンテンツとして noindex,follow（既存方針）。"
/works/0kg4ziv,work,マンガでわかるベイズ統計学 = The Manga Guide to Bayesian Statistics,,0,0,https://books.kuras-plus.com/works/0kg4ziv,"noindex,follow",false,true,false,false,,noindex,"summary・タグともになし。薄いコンテンツとして noindex,follow（既存方針）。"
/works/0kgcu2k,work,ワカコ酒,,0,0,https://books.kuras-plus.com/works/0kgcu2k,"noindex,follow",false,true,false,false,,noindex,"summary・タグともになし。薄いコンテンツとして noindex,follow（既存方針）。"
/works/0khbkn1,work,時間飼ってみた,,0,0,https://books.kuras-plus.com/works/0khbkn1,"index,follow",true,false,false,false,,strengthen,タグのみ。あらすじ追記で強化推奨。
/works/0ki3urr,work,家庭教師ヒットマンREBORN!,,0,0,https://books.kuras-plus.com/works/0ki3urr,"noindex,follow",false,true,false,false,,noindex,"summary・タグともになし。薄いコンテンツとして noindex,follow（既存方針）。"
/works/0kjpjsm,work,かぐや様は告らせたい～天才たちの恋愛頭脳戦～ カラー版,,0,0,https://books.kuras-plus.com/works/0kjpjsm,"noindex,follow",false,true,false,false,,noindex,"summary・タグともになし。薄いコンテンツとして noindex,follow（既存方針）。"
/works/0kk28ny,work,ムヒョとロージーの魔法律相談事務所,,0,0,https://books.kuras-plus.com/works/0kk28ny,"noindex,follow",false,true,false,false,,noindex,"summary・タグともになし。薄いコンテンツとして noindex,follow（既存方針）。"
/works/0kku1te,work,夏目友人帳ニャンコ先生フィギュアストラップ付き特装版,,0,0,https://books.kuras-plus.com/works/0kku1te,"noindex,follow",false,true,false,false,,noindex,"summary・タグともになし。薄いコンテンツとして noindex,follow（既存方針）。"
/works/0kmhnlb,work,網走発遙かなり,島田荘司が描く旅情ミステリ。北の大地を舞台に、壮大なスケールの謎と人間ドラマが展開する。本格推理と情感豊かな物語が融合した読み応えのある一作。,71,0,https://books.kuras-plus.com/works/0kmhnlb,"index,follow",true,false,false,false,,index,あらすじあり。index対象。
/works/0kmm7rn,work,少女終末旅行,,0,0,https://books.kuras-plus.com/works/0kmm7rn,"noindex,follow",false,true,false,false,,noindex,"summary・タグともになし。薄いコンテンツとして noindex,follow（既存方針）。"
/works/0kn9l8z,work,告白,「娘は、このクラスの生徒に殺されたのです」。終業式の日、女性教師の衝撃的な告白から始まる復讐劇。湊かなえのデビュー作にして本屋大賞受賞作。複数の視点から語られる,133,0,https://books.kuras-plus.com/works/0kn9l8z,"index,follow",true,false,false,false,,index,あらすじあり。index対象。
/works/0kp85vy,work,落日,映画製作を舞台に過去の事件と現在が交錯するサスペンス小説。湊かなえならではの複数視点と伏線の妙が光り、映画と謎解きを同時に楽しめる一気読み必至の緊迫感あふれる作,82,0,https://books.kuras-plus.com/works/0kp85vy,"index,follow",true,false,false,false,,index,あらすじあり。index対象。
/works/0kpjxqk,work,スキップ・ビート！【連載20周年記念イラスト集つき特装版】,,0,0,https://books.kuras-plus.com/works/0kpjxqk,"noindex,follow",false,true,false,false,,noindex,"summary・タグともになし。薄いコンテンツとして noindex,follow（既存方針）。"
/works/0ks9f5g,work,ロードス島戦記 灰色の魔女,,0,0,https://books.kuras-plus.com/works/0ks9f5g,"noindex,follow",false,true,false,false,,noindex,"summary・タグともになし。薄いコンテンツとして noindex,follow（既存方針）。"
/works/0ksu1dw,work,村上春樹を知りたい。 : 長編解説、200問の検定問題……。村上文学の魅力がわかる。,,0,0,https://books.kuras-plus.com/works/0ksu1dw,"index,follow",true,false,false,false,,strengthen,タグのみ。あらすじ追記で強化推奨。
/works/0ksyqz0,work,ふしぎ遊戯,,0,0,https://books.kuras-plus.com/works/0ksyqz0,"noindex,follow",false,true,false,false,,noindex,"summary・タグともになし。薄いコンテンツとして noindex,follow（既存方針）。"
/works/0kt3f9l,work,レッドブルー,サッカーをテーマにした熱血スポーツ漫画。個性豊かなキャラクターたちが戦術とドラマを織り交ぜながらピッチで躍動する、サッカーファンにも読み応えのある青春バトル的作,82,0,https://books.kuras-plus.com/works/0kt3f9l,"index,follow",true,false,false,false,,index,あらすじあり。index対象。
/works/0kv4pi0,work,覚悟のススメ,,0,0,https://books.kuras-plus.com/works/0kv4pi0,"noindex,follow",false,true,false,false,,noindex,"summary・タグともになし。薄いコンテンツとして noindex,follow（既存方針）。"
/works/0kvpvzs,work,プーアール茶で謎解きを,,0,0,https://books.kuras-plus.com/works/0kvpvzs,"index,follow",true,false,false,false,,strengthen,タグのみ。あらすじ追記で強化推奨。
/works/0kx5041,work,ミヒャエル・エンデ『モモ』 2020年8月,時間泥棒に奪われた人々の時間を取り戻す少女モモの物語を、心理学者・河合俊雄がNHK「100分de名著」で丁寧に読み解く。エンデが描いた「時間」の本質とは何か。効,197,0,https://books.kuras-plus.com/works/0kx5041,"index,follow",true,false,false,false,,index,あらすじあり。index対象。
/works/0kx5s1t,work,おれっちの「鬼平さん」 : 池波正太郎「鬼平犯科帳」傑作選,,0,0,https://books.kuras-plus.com/works/0kx5s1t,"noindex,follow",false,true,false,false,,noindex,"summary・タグともになし。薄いコンテンツとして noindex,follow（既存方針）。"
/works/0kxcyo0,work,鹿の王.,,0,0,https://books.kuras-plus.com/works/0kxcyo0,"noindex,follow",false,true,false,false,,noindex,"summary・タグともになし。薄いコンテンツとして noindex,follow（既存方針）。"
/works/0ky9rt0,work,オリエント急行の殺人,豪華列車オリエント急行の車内で富豪が殺される。雪で立ち往生した列車の中、名探偵ポアロが12人の乗客を尋問し真相に迫る。アガサ・クリスティーが仕掛けた驚愕のトリッ,129,0,https://books.kuras-plus.com/works/0ky9rt0,"index,follow",true,false,false,false,,index,あらすじあり。index対象。
/works/0l03frl,work,マンガでわかる統計学,,0,0,https://books.kuras-plus.com/works/0l03frl,"noindex,follow",false,true,false,false,,noindex,"summary・タグともになし。薄いコンテンツとして noindex,follow（既存方針）。"
/works/0l0c8ym,work,名探偵コナン犯人の犯沢さん. VOLUME9,,0,0,https://books.kuras-plus.com/works/0l0c8ym,"noindex,follow",false,true,false,false,,noindex,"summary・タグともになし。薄いコンテンツとして noindex,follow（既存方針）。"
/works/0l2a476,work,オーデュボンの祈り,脱獄した青年が流れ着いた奇妙な孤島での謎解きと再生を描く伊坂幸太郎のデビュー作。しゃべるカカシが住む独特の世界観と軽快な文体が癖になる、現代ファンタジーミステリ,88,0,https://books.kuras-plus.com/works/0l2a476,"index,follow",true,false,false,false,,index,あらすじあり。index対象。
/works/0l2fi8y,work,バガボンド,宮本武蔵の生涯を圧倒的な画力で描いた時代劇漫画の最高峰。剣の道を極めようとする武蔵の激烈な戦いと内面の葛藤が丁寧に描かれ、剣豪漫画や歴史ものを好む読者に強く薦め,88,0,https://books.kuras-plus.com/works/0l2fi8y,"index,follow",true,false,false,false,,index,あらすじあり。index対象。
/works/0l40uz8,work,ハカイジュウ（6）,,0,0,https://books.kuras-plus.com/works/0l40uz8,"noindex,follow",false,true,false,false,,noindex,"summary・タグともになし。薄いコンテンツとして noindex,follow（既存方針）。"
/works/0l427m6,work,異世界薬局【ノベル分冊版】,,0,0,https://books.kuras-plus.com/works/0l427m6,"noindex,follow",false,true,false,false,,noindex,"summary・タグともになし。薄いコンテンツとして noindex,follow（既存方針）。"
/works/0l46kym,work,86-エイティシックス-,,0,0,https://books.kuras-plus.com/works/0l46kym,"index,follow",true,false,false,false,,strengthen,タグのみ。あらすじ追記で強化推奨。
/works/0l4le5i,work,東京卍リベンジャーズ～場地圭介からの手紙～ = Tokyo Revengers-Letter from Keisuke Baji-.,,0,0,https://books.kuras-plus.com/works/0l4le5i,"noindex,follow",false,true,false,false,,noindex,"summary・タグともになし。薄いコンテンツとして noindex,follow（既存方針）。"
/works/0l4we9q,work,村上春樹を音楽で読み解く,,0,0,https://books.kuras-plus.com/works/0l4we9q,"index,follow",true,false,false,false,,strengthen,タグのみ。あらすじ追記で強化推奨。
/works/0l83j9v,work,喧嘩商売,,0,0,https://books.kuras-plus.com/works/0l83j9v,"noindex,follow",false,true,false,false,,noindex,"summary・タグともになし。薄いコンテンツとして noindex,follow（既存方針）。"
/works/0l8cm8w,work,プロの小説家が教える歴史作家の㊙ネタ帳,,0,0,https://books.kuras-plus.com/works/0l8cm8w,"noindex,follow",false,true,false,false,,noindex,"summary・タグともになし。薄いコンテンツとして noindex,follow（既存方針）。"
/works/0l92q2h,work,ゾクこわい本.,,0,0,https://books.kuras-plus.com/works/0l92q2h,"noindex,follow",false,true,false,false,,noindex,"summary・タグともになし。薄いコンテンツとして noindex,follow（既存方針）。"
/works/0l9l6uv,work,現代生命科学の基礎 : 遺伝子・細胞から進化・生態まで : カラー版,,0,0,https://books.kuras-plus.com/works/0l9l6uv,"noindex,follow",false,true,false,false,,noindex,"summary・タグともになし。薄いコンテンツとして noindex,follow（既存方針）。"
/works/0la2gsj,work,天は赤い河のほとり,,0,0,https://books.kuras-plus.com/works/0la2gsj,"noindex,follow",false,true,false,false,,noindex,"summary・タグともになし。薄いコンテンツとして noindex,follow（既存方針）。"
/works/0lam6ah,work,BECK,平凡な少年がバンドと出会い音楽に目覚める青春ロック漫画の傑作。バンド結成から成功を目指す過程のリアルな描写と音楽への情熱が読者の心を熱くさせる、音楽ファン必読の,92,0,https://books.kuras-plus.com/works/0lam6ah,"index,follow",true,false,false,false,,index,あらすじあり。index対象。
/works/0lbf3kv,work,動機,裁判所から盗まれた冊子を追う検察事務官、息子の受験に揺れる警察官、犯人の「動機」を巡って対立する刑事たち——四つの短編に共通するのは、事件の背後にある人間の切実,188,0,https://books.kuras-plus.com/works/0lbf3kv,"index,follow",true,false,false,false,,index,あらすじあり。index対象。
/works/0lck8oj,work,こちら葛飾区亀有公園前派出所,型破りなおまわりさん・両津勘吉が引き起こす騒動を描く、週刊少年ジャンプ最長連載の国民的ギャグ漫画。昭和から平成の時代風俗をたっぷり盛り込んだ、日本漫画史の金字塔,81,0,https://books.kuras-plus.com/works/0lck8oj,"index,follow",true,false,false,false,,index,あらすじあり。index対象。
/works/0lckdm1,work,学校怪談（6）,,0,0,https://books.kuras-plus.com/works/0lckdm1,"noindex,follow",false,true,false,false,,noindex,"summary・タグともになし。薄いコンテンツとして noindex,follow（既存方針）。"
/works/0ldffpv,work,ドラゴンクエスト ダイの大冒険 勇者アバンと獄炎の魔王,,0,0,https://books.kuras-plus.com/works/0ldffpv,"noindex,follow",false,true,false,false,,noindex,"summary・タグともになし。薄いコンテンツとして noindex,follow（既存方針）。"
/works/0ldjtl0,work,神さまの言うとおり弐,,0,0,https://books.kuras-plus.com/works/0ldjtl0,"noindex,follow",false,true,false,false,,noindex,"summary・タグともになし。薄いコンテンツとして noindex,follow（既存方針）。"
/works/0le0pd2,work,3月のライオン,将棋界で生きる17歳プロ棋士・桐山零の孤独と再生を描く感動の青年漫画。将棋の世界のリアルな描写と、温かな人間関係が心をほぐす、幅広い世代が楽しめる深みある作品。,80,0,https://books.kuras-plus.com/works/0le0pd2,"index,follow",true,false,false,false,,index,あらすじあり。index対象。
/works/0lf39xv,work,キャプテン翼 KIDS DREAM,サッカーの神様と呼ばれた高橋陽一のキャプテン翼シリーズ。少年たちの夢とサッカーへの情熱を描き、世界中の子供たちにサッカーを広めた伝説的なスポーツ漫画。,75,0,https://books.kuras-plus.com/works/0lf39xv,"index,follow",true,false,false,false,,index,あらすじあり。index対象。
/works/0lf3g71,work,檸檬,えたいの知れない不吉な塊が心を圧迫する「私」は、果物屋で手にした一個の檸檬に不思議な慰めを見出す。その鮮やかな色彩と冷たい重み、芳醇な香りが、沈鬱な精神にひとと,188,0,https://books.kuras-plus.com/works/0lf3g71,"index,follow",true,false,false,false,,index,あらすじあり。index対象。
/works/0lhyvzo,work,シャングリラ・フロンティア(1) ~クソゲーハンター、神ゲーに挑まんとす~,クソゲー攻略で培った腕でVRMMORPGの最難関ゲームに挑む青年を描くゲーム系漫画。独自のゲーム世界観とキャラクターの個性が光る、ゲーマーに刺さる人気コミカライ,82,0,https://books.kuras-plus.com/works/0lhyvzo,"index,follow",true,false,false,false,,index,あらすじあり。index対象。
/works/0liont9,work,デッドマン・ワンダーランド,,0,0,https://books.kuras-plus.com/works/0liont9,"noindex,follow",false,true,false,false,,noindex,"summary・タグともになし。薄いコンテンツとして noindex,follow（既存方針）。"
/works/0lit0f2,work,高校生家族,家族全員が同じ高校に通うというシュールな設定のギャグ漫画。突き抜けた発想と丁寧なキャラクター描写が生み出す笑いは唯一無二で、コメディ好きに強くおすすめしたい一作,81,0,https://books.kuras-plus.com/works/0lit0f2,"index,follow",true,false,false,false,,index,あらすじあり。index対象。
/works/0liy727,work,イタズラなKiss,,0,0,https://books.kuras-plus.com/works/0liy727,"noindex,follow",false,true,false,false,,noindex,"summary・タグともになし。薄いコンテンツとして noindex,follow（既存方針）。"
/works/0ljc8k1,work,新参者,東京・日本橋人形町で一人の女性が絞殺された。刑事・加賀恭一郎は、人情味あふれる下町の路地裏を丹念に歩き、煎餅屋、料亭、時計店——街の人々の日常に隠された秘密を一,188,0,https://books.kuras-plus.com/works/0ljc8k1,"index,follow",true,false,false,false,,index,あらすじあり。index対象。
/works/0ljhig0,work,どみなんと　track01　おためし版,,0,0,https://books.kuras-plus.com/works/0ljhig0,"noindex,follow",false,true,false,false,,noindex,"summary・タグともになし。薄いコンテンツとして noindex,follow（既存方針）。"
/works/0lnjvf9,work,女の園の星,,0,0,https://books.kuras-plus.com/works/0lnjvf9,"noindex,follow",false,true,false,false,,noindex,"summary・タグともになし。薄いコンテンツとして noindex,follow（既存方針）。"
/works/0lqpp2d,work,運命の人はどこですか?,飛鳥井千砂・彩瀬まる・瀬尾まいこの人気女性作家三人による恋愛アンソロジー。それぞれ個性的な「運命の出会い」を描いた短編が収録され、温かくも切ない読後感を楽しめる,81,0,https://books.kuras-plus.com/works/0lqpp2d,"index,follow",true,false,false,false,,index,あらすじあり。index対象。
/works/0lsm8k4,work,学研の日本文学 太宰治,「人間失格」「走れメロス」「斜陽」——太宰治の代表作を収め、その文学世界への扉を開く学研版日本文学シリーズ。太宰特有の繊細で自虐的な文体は、時代を超えて若い読者,212,0,https://books.kuras-plus.com/works/0lsm8k4,"index,follow",true,false,false,false,,index,あらすじあり。index対象。
/works/0lt5nod,work,秘密,クリスティーが手がけた心理的サスペンスを軸とした謎解きの物語。独特の雰囲気と意外な展開が読者を引きつける、推理小説の女王による緻密な伏線と驚きの結末が楽しめる一,82,0,https://books.kuras-plus.com/works/0lt5nod,"index,follow",true,false,false,false,,index,あらすじあり。index対象。
/works/0ltw7ly,work,電影少女,テープから飛び出したビデオ少女との不思議な恋愛を描いたSFラブコメ漫画。桂正和らしい美麗な作画と切ない恋愛が特徴で、懐かしのラブコメSFとして今でも多くのファン,88,0,https://books.kuras-plus.com/works/0ltw7ly,"index,follow",true,false,false,false,,index,あらすじあり。index対象。
/works/0lu42tz,work,であいもん,京都の和菓子屋を舞台に、親方と一人の幼い少女の温かな交流を描く日常系漫画。和菓子の美しさと人の縁のやさしさが心に沁みる、ほっこりと癒される大人向け作品。,76,0,https://books.kuras-plus.com/works/0lu42tz,"index,follow",true,false,false,false,,index,あらすじあり。index対象。
/works/0lu6cg1,work,今際の国のアリス,,0,0,https://books.kuras-plus.com/works/0lu6cg1,"noindex,follow",false,true,false,false,,noindex,"summary・タグともになし。薄いコンテンツとして noindex,follow（既存方針）。"
/works/0luh6tt,work,Monster. chapter 8 (名なしのヒーロー),,0,0,https://books.kuras-plus.com/works/0luh6tt,"noindex,follow",false,true,false,false,,noindex,"summary・タグともになし。薄いコンテンツとして noindex,follow（既存方針）。"
/works/0lvdams,work,パーフェクトワールド,,0,0,https://books.kuras-plus.com/works/0lvdams,"noindex,follow",false,true,false,false,,noindex,"summary・タグともになし。薄いコンテンツとして noindex,follow（既存方針）。"
/works/0lvliak,work,おかえり横道世之介,,0,0,https://books.kuras-plus.com/works/0lvliak,"index,follow",true,false,false,false,,strengthen,タグのみ。あらすじ追記で強化推奨。
/works/0lw0y6b,work,忍空,,0,0,https://books.kuras-plus.com/works/0lw0y6b,"noindex,follow",false,true,false,false,,noindex,"summary・タグともになし。薄いコンテンツとして noindex,follow（既存方針）。"
/works/0lwkysz,work,範馬刃牙,,0,0,https://books.kuras-plus.com/works/0lwkysz,"noindex,follow",false,true,false,false,,noindex,"summary・タグともになし。薄いコンテンツとして noindex,follow（既存方針）。"
/works/0lwqcul,work,Thisコミュニケーション,,0,0,https://books.kuras-plus.com/works/0lwqcul,"noindex,follow",false,true,false,false,,noindex,"summary・タグともになし。薄いコンテンツとして noindex,follow（既存方針）。"
/works/0lx8v0r,work,九条の大罪,ギリギリの案件ばかりを請け負う弁護士・九条間人を主人公にした社会派法廷漫画。法律と正義の矛盾、社会の暗部を鋭くえぐる真鍋昌平ならではのリアルな問題作。,75,0,https://books.kuras-plus.com/works/0lx8v0r,"index,follow",true,false,false,false,,index,あらすじあり。index対象。
/works/0lyiym4,work,こみっくがーるず,,0,0,https://books.kuras-plus.com/works/0lyiym4,"noindex,follow",false,true,false,false,,noindex,"summary・タグともになし。薄いコンテンツとして noindex,follow（既存方針）。"
/works/0lyttjf,work,バガボンド,,0,0,https://books.kuras-plus.com/works/0lyttjf,"noindex,follow",false,true,false,false,,noindex,"summary・タグともになし。薄いコンテンツとして noindex,follow（既存方針）。"
/works/0m0ihav,work,テルマエ・ロマエ,古代ローマの浴場設計士が現代日本の風呂文化にタイムスリップして衝撃を受けるコメディ漫画。異文化交流とユーモラスな発見が笑いを誘う、ヤマザキマリの代表的ヒット作。,80,0,https://books.kuras-plus.com/works/0m0ihav,"index,follow",true,false,false,false,,index,あらすじあり。index対象。
/works/0m31u33,work,ミステリ＝２２ : 推理小説ベスト・エッセイ,ミステリーを愛する作家たちが、推理小説への情熱や創作の裏側を語り尽くしたエッセイ集。北村薫をはじめとする豪華執筆陣が、名作の読み解き方から謎解きの醍醐味、書くこ,214,0,https://books.kuras-plus.com/works/0m31u33,"index,follow",true,false,false,false,,index,あらすじあり。index対象。
/works/0m4ehpz,work,風の歌を聴け,村上春樹のデビュー作。夏の終わりの8日間を「僕」とその仲間たちの会話と記憶で綴るみずみずしい青春小説。シンプルで洗練された文体と乾いた叙情が特徴的で、村上文学の,90,0,https://books.kuras-plus.com/works/0m4ehpz,"index,follow",true,false,false,false,,index,あらすじあり。index対象。
/works/0m4f8x5,work,Re:ゼロから始める異世界生活,,0,0,https://books.kuras-plus.com/works/0m4f8x5,"noindex,follow",false,true,false,false,,noindex,"summary・タグともになし。薄いコンテンツとして noindex,follow（既存方針）。"
/works/0m8bx9j,work,マンガでわかる物理数学 = The Manga Guide to Mathematics for Physics,,0,0,https://books.kuras-plus.com/works/0m8bx9j,"noindex,follow",false,true,false,false,,noindex,"summary・タグともになし。薄いコンテンツとして noindex,follow（既存方針）。"
/works/0m8z1fz,work,老人と海,,0,0,https://books.kuras-plus.com/works/0m8z1fz,"noindex,follow",false,true,false,false,,noindex,"summary・タグともになし。薄いコンテンツとして noindex,follow（既存方針）。"
/works/0m989n0,work,死神の精度,CDショップと雨を愛する無機質な死神が対象者の人生に一週間だけ関わる連作短編集。独特のユーモアとちょっと切ない人間模様が交差する、伊坂幸太郎の魅力がコンパクトに,90,0,https://books.kuras-plus.com/works/0m989n0,"index,follow",true,false,false,false,,index,あらすじあり。index対象。
/works/0maktat,work,チートスキル『支配』を使って異世界ハーレム!,,0,0,https://books.kuras-plus.com/works/0maktat,"noindex,follow",false,true,false,false,,noindex,"summary・タグともになし。薄いコンテンツとして noindex,follow（既存方針）。"
/works/0mbae1j,work,ラジエーションハウス,,0,0,https://books.kuras-plus.com/works/0mbae1j,"noindex,follow",false,true,false,false,,noindex,"summary・タグともになし。薄いコンテンツとして noindex,follow（既存方針）。"
/works/0mbk7f7,work,蜜蜂と遠雷,国際ピアノコンクールを舞台に、個性あふれる若き音楽家たちの競演と成長を描く音楽小説。文字から音楽が聴こえてくるような豊かな表現力で、音楽の喜びと競争の緊張感を鮮,92,0,https://books.kuras-plus.com/works/0mbk7f7,"index,follow",true,false,false,false,,index,あらすじあり。index対象。
/works/0mcn4l5,work,女子高生株塾 : マンガでわかる株式投資!,,0,0,https://books.kuras-plus.com/works/0mcn4l5,"noindex,follow",false,true,false,false,,noindex,"summary・タグともになし。薄いコンテンツとして noindex,follow（既存方針）。"
/works/0md5pkm,work,フルメタル・パニック!,,0,0,https://books.kuras-plus.com/works/0md5pkm,"index,follow",true,false,false,false,,strengthen,タグのみ。あらすじ追記で強化推奨。
/works/0mdjutl,work,呪いのシンプトム,,0,0,https://books.kuras-plus.com/works/0mdjutl,"index,follow",true,false,false,false,,strengthen,タグのみ。あらすじ追記で強化推奨。
/works/0megt2o,work,プロジェクト・ヘイル・メアリー,,0,0,https://books.kuras-plus.com/works/0megt2o,"index,follow",true,false,false,false,,strengthen,タグのみ。あらすじ追記で強化推奨。
/works/0mfk2la,work,スキップとローファー,田舎から都会の高校に進学した少女の明るく素直な青春を描いた漫画。まっすぐな主人公が周囲の人々に良い影響を与えていく様子が心地よく、優しい気持ちになれる青春ヒュー,86,0,https://books.kuras-plus.com/works/0mfk2la,"index,follow",true,false,false,false,,index,あらすじあり。index対象。
/works/0mh5q9t,work,黒牢城,戦国時代の有岡城を舞台に、荒木村重と黒田官兵衛が謎を解く歴史本格ミステリ。時代小説の重厚さと本格ミステリの知的興奮が融合した、直木賞・本格ミステリ大賞を受賞した,83,0,https://books.kuras-plus.com/works/0mh5q9t,"index,follow",true,false,false,false,,index,あらすじあり。index対象。
/works/0miqez1,work,チムニーズ館の秘密,アガサ・クリスティー原作を榛野なな恵が漫画化した作品の原作小説。華やかな上流社会と国際的陰謀が絡むユーモラスでスピーディな冒険ミステリで、クリスティー入門として,88,0,https://books.kuras-plus.com/works/0miqez1,"index,follow",true,false,false,false,,index,あらすじあり。index対象。
/works/0mkshj6,work,戦国妖狐,,0,0,https://books.kuras-plus.com/works/0mkshj6,"noindex,follow",false,true,false,false,,noindex,"summary・タグともになし。薄いコンテンツとして noindex,follow（既存方針）。"
/works/0momc63,work,MIX,,0,0,https://books.kuras-plus.com/works/0momc63,"noindex,follow",false,true,false,false,,noindex,"summary・タグともになし。薄いコンテンツとして noindex,follow（既存方針）。"
/works/0movlq7,work,ペンギン・ハイウェイ,小学四年生のアオヤマ君は、世界の謎を解き明かすことに情熱を燃やす少年研究者。ある日、住宅街に突然ペンギンが出現する怪現象が起きる。歯科医院のお姉さんとペンギンの,190,0,https://books.kuras-plus.com/works/0movlq7,"index,follow",true,false,false,false,,index,あらすじあり。index対象。
/works/0mqlrhl,work,D.Gray-man 特別総集編灰ノ饗宴,,0,0,https://books.kuras-plus.com/works/0mqlrhl,"noindex,follow",false,true,false,false,,noindex,"summary・タグともになし。薄いコンテンツとして noindex,follow（既存方針）。"
/works/0mr7w5e,work,リングにかけろ1,,0,0,https://books.kuras-plus.com/works/0mr7w5e,"noindex,follow",false,true,false,false,,noindex,"summary・タグともになし。薄いコンテンツとして noindex,follow（既存方針）。"
/works/0mrfed4,work,食戟のソーマ,料理の頂点を目指す少年を主人公にした料理バトル漫画。個性豊かなライバルたちとの「食戟」が繰り広げる緊張感と料理の魅力が詰まっており、グルメ&バトル漫画ファンに長,88,0,https://books.kuras-plus.com/works/0mrfed4,"index,follow",true,false,false,false,,index,あらすじあり。index対象。
/works/0mst8a5,work,アポカリプスの砦,,0,0,https://books.kuras-plus.com/works/0mst8a5,"noindex,follow",false,true,false,false,,noindex,"summary・タグともになし。薄いコンテンツとして noindex,follow（既存方針）。"
/works/0mtc2jg,work,陰の実力者になりたくて!,,0,0,https://books.kuras-plus.com/works/0mtc2jg,"noindex,follow",false,true,false,false,,noindex,"summary・タグともになし。薄いコンテンツとして noindex,follow（既存方針）。"
/works/0mw4vjo,work,封印再度,不可解な連続死と謎のオブジェの秘密を解くS&Mシリーズ第五弾。犀川と萌絵の掛け合いと知的な推理が楽しめる、森博嗣の緻密なロジックが光るシリーズ中盤の重要な一作。,80,0,https://books.kuras-plus.com/works/0mw4vjo,"index,follow",true,false,false,false,,index,あらすじあり。index対象。
/works/0mxo3rd,work,とらドラ!,,0,0,https://books.kuras-plus.com/works/0mxo3rd,"noindex,follow",false,true,false,false,,noindex,"summary・タグともになし。薄いコンテンツとして noindex,follow（既存方針）。"
/works/0myi211,work,純情ロマンチカ　第２８巻,,0,0,https://books.kuras-plus.com/works/0myi211,"index,follow",true,false,false,false,,strengthen,タグのみ。あらすじ追記で強化推奨。
/works/0n0f731,work,美少女戦士セーラームーン　完全版,,0,0,https://books.kuras-plus.com/works/0n0f731,"noindex,follow",false,true,false,false,,noindex,"summary・タグともになし。薄いコンテンツとして noindex,follow（既存方針）。"
/works/0n0ufv5,work,夜,,0,0,https://books.kuras-plus.com/works/0n0ufv5,"index,follow",true,false,false,false,,strengthen,タグのみ。あらすじ追記で強化推奨。
/works/0n1iel2,work,寄生獣リバーシ,「寄生獣」の外伝的スピンオフ漫画。原作を監修した岩明均と太田モアレが描く、原作の裏側にいたキャラクターたちの物語で、寄生獣ファンには見逃せない新たな視点の作品。,80,0,https://books.kuras-plus.com/works/0n1iel2,"index,follow",true,false,false,false,,index,あらすじあり。index対象。
/works/0n1kx6n,work,Pluto's Secret,,0,0,https://books.kuras-plus.com/works/0n1kx6n,"noindex,follow",false,true,false,false,,noindex,"summary・タグともになし。薄いコンテンツとして noindex,follow（既存方針）。"
/works/0n2l9zy,work,岳 みんなの山,山岳救助を通じ、山の厳しさと美しさ、そして人の生きる力を描いた感動の山岳漫画。自然への畏敬と人間のぬくもりが伝わる、大人が読むべき名作青年漫画。,72,0,https://books.kuras-plus.com/works/0n2l9zy,"index,follow",true,false,false,false,,index,あらすじあり。index対象。
/works/0n35wni,work,株式会社マジルミエ,,0,0,https://books.kuras-plus.com/works/0n35wni,"noindex,follow",false,true,false,false,,noindex,"summary・タグともになし。薄いコンテンツとして noindex,follow（既存方針）。"
/works/0n3gig2,work,ＧＡ文庫１５周年　人気作品増量試読合本,,0,0,https://books.kuras-plus.com/works/0n3gig2,"index,follow",true,false,false,false,,strengthen,タグのみ。あらすじ追記で強化推奨。
/works/0n3ymb6,work,GTO,元不良の鬼塚英吉が教師となり問題を抱えた生徒たちと向き合うコメディ漫画。破天荒でありながらも熱い師弟の絆と成長を描き、世代を超えて愛されるど根性教師物語。,77,0,https://books.kuras-plus.com/works/0n3ymb6,"index,follow",true,false,false,false,,index,あらすじあり。index対象。
/works/0n4pjay,work,東野圭吾ミステリースペシャル傑作選.,東野圭吾の膨大な作品群から厳選された、まさに「スペシャル」な傑作集。社会派からヒューマンミステリーまで、多彩なジャンルを横断する作品が揃い、東野文学の幅広さを存,209,0,https://books.kuras-plus.com/works/0n4pjay,"index,follow",true,false,false,false,,index,あらすじあり。index対象。
/works/0n509sj,work,金田一少年の事件簿　Ｆｉｌｅ,,0,0,https://books.kuras-plus.com/works/0n509sj,"noindex,follow",false,true,false,false,,noindex,"summary・タグともになし。薄いコンテンツとして noindex,follow（既存方針）。"
/works/0n5atro,work,向日葵の咲かない夏,夏休みに同級生の失踪を目撃した少年が体験する不思議で不気味な出来事を描く道尾秀介の問題作。独特の奇怪な雰囲気と予測不能な展開が読む者を引き込む、ダークな日本ミス,85,0,https://books.kuras-plus.com/works/0n5atro,"index,follow",true,false,false,false,,index,あらすじあり。index対象。
/works/0n7q77s,work,トールキンによる『指輪物語』の図像世界,,0,0,https://books.kuras-plus.com/works/0n7q77s,"index,follow",true,false,false,false,,strengthen,タグのみ。あらすじ追記で強化推奨。
/works/0n7s38a,work,みゆき,あだち充が描く血の繋がらない兄妹の恋を軸にした青春ラブコメ漫画。著者独特の間と台詞回しで描く微妙な感情のすれ違いと甘酸っぱい日常が魅力の初期代表作。,74,0,https://books.kuras-plus.com/works/0n7s38a,"index,follow",true,false,false,false,,index,あらすじあり。index対象。
/works/0n8le1z,work,アサギロ,,0,0,https://books.kuras-plus.com/works/0n8le1z,"noindex,follow",false,true,false,false,,noindex,"summary・タグともになし。薄いコンテンツとして noindex,follow（既存方針）。"
/works/0n8z73h,work,羊と鋼の森,,0,0,https://books.kuras-plus.com/works/0n8z73h,"index,follow",true,false,false,false,,strengthen,タグのみ。あらすじ追記で強化推奨。
/works/0n91f2a,work,月の光 : 現代中国SFアンソロジー,現代中国SF作家たちの短編を集めたアンソロジー。ケン・リュウ編纂のもと、東洋的感性と先鋭的なアイデアが融合した多彩な作品群が、新しいSFの地平を切り開く。,77,0,https://books.kuras-plus.com/works/0n91f2a,"index,follow",true,false,false,false,,index,あらすじあり。index対象。
/works/0najef6,work,食堂かたつむり,,0,0,https://books.kuras-plus.com/works/0najef6,"index,follow",true,false,false,false,,strengthen,タグのみ。あらすじ追記で強化推奨。
/works/0nalbe5,work,エルフェンリート,,0,0,https://books.kuras-plus.com/works/0nalbe5,"noindex,follow",false,true,false,false,,noindex,"summary・タグともになし。薄いコンテンツとして noindex,follow（既存方針）。"
/works/0nbb29h,work,高台の家 : 傑作推理小説 : 松本清張プレミアム・ミステリー,,0,0,https://books.kuras-plus.com/works/0nbb29h,"index,follow",true,false,false,false,,strengthen,タグのみ。あらすじ追記で強化推奨。
/works/0nbl7wg,work,幻惑の死と使途,魔術師の死をめぐる謎にS&Mコンビが挑む森博嗣のミステリ小説第六弾。幻惑的な舞台設定と知的で冷静な謎解きが交差する、シリーズファンを唸らせる本格ミステリ。,77,0,https://books.kuras-plus.com/works/0nbl7wg,"index,follow",true,false,false,false,,index,あらすじあり。index対象。
/works/0ncnpc1,work,ガチアクタ,廃品を武器に変える能力を持つ少年のバトルアクション漫画。独自の設定と爽快な戦闘シーンが特徴で、新世代の少年漫画らしいエネルギーに満ちた注目の新作。,73,0,https://books.kuras-plus.com/works/0ncnpc1,"index,follow",true,false,false,false,,index,あらすじあり。index対象。
/works/0ncs8sm,work,2001年宇宙の旅(決定版),,0,0,https://books.kuras-plus.com/works/0ncs8sm,"index,follow",true,false,false,false,,strengthen,タグのみ。あらすじ追記で強化推奨。
/works/0ndf647,work,ゴールデンスランバー,首相暗殺の濡れ衣を着せられた一般市民が逃走する姿を描くクライムエンタメ小説。社会への根源的な問いと緊迫感あるアクションが共存し、伊坂幸太郎の持ち味が最大限に発揮,91,0,https://books.kuras-plus.com/works/0ndf647,"index,follow",true,false,false,false,,index,あらすじあり。index対象。
/works/0ne7w6f,work,NINKU―忍空―,,0,0,https://books.kuras-plus.com/works/0ne7w6f,"noindex,follow",false,true,false,false,,noindex,"summary・タグともになし。薄いコンテンツとして noindex,follow（既存方針）。"
/works/0neryo2,work,紙の月,銀行の契約社員・梅澤梨花は、顧客の定期預金に手をつけ始める。最初は小さな金額だった。年下の恋人との逢瀬、ブランド品、ささやかな贅沢。一線を越えた彼女は、もう後戻,195,0,https://books.kuras-plus.com/works/0neryo2,"index,follow",true,false,false,false,,index,あらすじあり。index対象。
/works/0nfoahn,work,日本文学全集.,池沢夏樹が編纂する日本文学全集の一巻。古典から現代まで日本文学の精華を集め、新訳・再発見を通じて名作の新たな魅力を引き出す意欲的なシリーズの一冊。,73,0,https://books.kuras-plus.com/works/0nfoahn,"index,follow",true,false,false,false,,index,あらすじあり。index対象。
/works/0nhekvg,work,ドリトライ,夢を諦めきれない若者たちが挑み続けるボクシング漫画。熱い闘志と泥臭い努力が描かれ、スポ根が好きな読者の心を熱くさせる王道の格闘スポーツ青春ストーリー。,75,0,https://books.kuras-plus.com/works/0nhekvg,"index,follow",true,false,false,false,,index,あらすじあり。index対象。
/works/0nhg2rx,work,積ん読の本,,0,0,https://books.kuras-plus.com/works/0nhg2rx,"index,follow",true,false,false,false,,strengthen,タグのみ。あらすじ追記で強化推奨。
/works/0nhwxkp,work,電子版 天才バカボン,,0,0,https://books.kuras-plus.com/works/0nhwxkp,"noindex,follow",false,true,false,false,,noindex,"summary・タグともになし。薄いコンテンツとして noindex,follow（既存方針）。"
/works/0niql49,work,福家警部補の報告,,0,0,https://books.kuras-plus.com/works/0niql49,"index,follow",true,false,false,false,,strengthen,タグのみ。あらすじ追記で強化推奨。
/works/0nl9y3l,work,プラタナスの実. #1,,0,0,https://books.kuras-plus.com/works/0nl9y3l,"noindex,follow",false,true,false,false,,noindex,"summary・タグともになし。薄いコンテンツとして noindex,follow（既存方針）。"
/works/0nlsdfo,work,カラダ探し,毎夜繰り返される怪異の謎を解こうとする高校生たちの恐怖体験を描いたホラーサスペンス漫画。徐々に明かされる謎と逃げ場のない恐怖感がくせになる、ホラー好き読者にたま,86,0,https://books.kuras-plus.com/works/0nlsdfo,"index,follow",true,false,false,false,,index,あらすじあり。index対象。
/works/0nm4as9,work,ソードアート・オンラインプログレッシブ,,0,0,https://books.kuras-plus.com/works/0nm4as9,"noindex,follow",false,true,false,false,,noindex,"summary・タグともになし。薄いコンテンツとして noindex,follow（既存方針）。"
/works/0nmm0pm,work,翼を持つ少女 上,,0,0,https://books.kuras-plus.com/works/0nmm0pm,"index,follow",true,false,false,false,,strengthen,タグのみ。あらすじ追記で強化推奨。
/works/0no7sqn,work,昭和元禄落語心中.,,0,0,https://books.kuras-plus.com/works/0no7sqn,"noindex,follow",false,true,false,false,,noindex,"summary・タグともになし。薄いコンテンツとして noindex,follow（既存方針）。"
/works/0npy4wy,work,BORUTO-ボルト-　-NARUTO NEXT GENERATIONS-,,0,0,https://books.kuras-plus.com/works/0npy4wy,"noindex,follow",false,true,false,false,,noindex,"summary・タグともになし。薄いコンテンツとして noindex,follow（既存方針）。"
/works/0nqa6ft,work,天幕のジャードゥーガル,,0,0,https://books.kuras-plus.com/works/0nqa6ft,"noindex,follow",false,true,false,false,,noindex,"summary・タグともになし。薄いコンテンツとして noindex,follow（既存方針）。"
/works/0nra6cm,work,賭博黙示録 カイジ　１,,0,0,https://books.kuras-plus.com/works/0nra6cm,"noindex,follow",false,true,false,false,,noindex,"summary・タグともになし。薄いコンテンツとして noindex,follow（既存方針）。"
/works/0ns57br,work,サカモトデイズ,,0,0,https://books.kuras-plus.com/works/0ns57br,"noindex,follow",false,true,false,false,,noindex,"summary・タグともになし。薄いコンテンツとして noindex,follow（既存方針）。"
/works/0nsh7e9,work,ライ麦畑でつかまえて,,0,0,https://books.kuras-plus.com/works/0nsh7e9,"noindex,follow",false,true,false,false,,noindex,"summary・タグともになし。薄いコンテンツとして noindex,follow（既存方針）。"
/works/0ntey9k,work,行け！稲中卓球部,,0,0,https://books.kuras-plus.com/works/0ntey9k,"noindex,follow",false,true,false,false,,noindex,"summary・タグともになし。薄いコンテンツとして noindex,follow（既存方針）。"
/works/0ntl13i,work,ふたがしら 第1集,,0,0,https://books.kuras-plus.com/works/0ntl13i,"noindex,follow",false,true,false,false,,noindex,"summary・タグともになし。薄いコンテンツとして noindex,follow（既存方針）。"
/works/0nugfb6,work,BLEACH モノクロ版,,0,0,https://books.kuras-plus.com/works/0nugfb6,"noindex,follow",false,true,false,false,,noindex,"summary・タグともになし。薄いコンテンツとして noindex,follow（既存方針）。"
/works/0nwgsda,work,冴えない彼女の育てかた,,0,0,https://books.kuras-plus.com/works/0nwgsda,"index,follow",true,false,false,false,,strengthen,タグのみ。あらすじ追記で強化推奨。
/works/0nwz424,work,恋は雨上がりのように新装版,,0,0,https://books.kuras-plus.com/works/0nwz424,"noindex,follow",false,true,false,false,,noindex,"summary・タグともになし。薄いコンテンツとして noindex,follow（既存方針）。"
/works/0nxlmcl,work,ようこそ実力至上主義の教室へ2年生編 = Welcome to the classroom of the Second-year.,,0,0,https://books.kuras-plus.com/works/0nxlmcl,"noindex,follow",false,true,false,false,,noindex,"summary・タグともになし。薄いコンテンツとして noindex,follow（既存方針）。"
/works/0nxssr4,work,時代小説用語辞典,,0,0,https://books.kuras-plus.com/works/0nxssr4,"noindex,follow",false,true,false,false,,noindex,"summary・タグともになし。薄いコンテンツとして noindex,follow（既存方針）。"
/works/0nzdptj,work,タスキメシ五輪,,0,0,https://books.kuras-plus.com/works/0nzdptj,"noindex,follow",false,true,false,false,,noindex,"summary・タグともになし。薄いコンテンツとして noindex,follow（既存方針）。"
/works/0o04fhz,work,レインボーズ・エンド 上,,0,0,https://books.kuras-plus.com/works/0o04fhz,"index,follow",true,false,false,false,,strengthen,タグのみ。あらすじ追記で強化推奨。
/works/0o04z43,work,彼女、お借りします,,0,0,https://books.kuras-plus.com/works/0o04z43,"noindex,follow",false,true,false,false,,noindex,"summary・タグともになし。薄いコンテンツとして noindex,follow（既存方針）。"
/works/0o0y7oe,work,藤沢周平と山本周五郎,,0,0,https://books.kuras-plus.com/works/0o0y7oe,"index,follow",true,false,false,false,,strengthen,タグのみ。あらすじ追記で強化推奨。
/works/0o10g2k,work,マンガと図解でわかる! 展示会の極意,,0,0,https://books.kuras-plus.com/works/0o10g2k,"noindex,follow",false,true,false,false,,noindex,"summary・タグともになし。薄いコンテンツとして noindex,follow（既存方針）。"
/works/0o1zbxg,work,ゴブリンスレイヤー外伝：イヤーワン,,0,0,https://books.kuras-plus.com/works/0o1zbxg,"noindex,follow",false,true,false,false,,noindex,"summary・タグともになし。薄いコンテンツとして noindex,follow（既存方針）。"
/works/0o308qk,work,七十四秒の旋律と孤独,AIや意識をめぐる哲学的なテーマを繊細に描いたSF小説。「孤独」と「存在」を問いかける叙情的な世界観が、静かに心に染みわたる深みある作品。,69,0,https://books.kuras-plus.com/works/0o308qk,"index,follow",true,false,false,false,,index,あらすじあり。index対象。
/works/0o3c8lx,work,僕とロボコ,家事ロボットを巡るぶっ飛んだギャグ漫画。少年漫画のお約束や名作へのパロディが随所に散りばめられ、笑いのセンスが光るコメディ好きにはたまらないエンタメ作品。,77,0,https://books.kuras-plus.com/works/0o3c8lx,"index,follow",true,false,false,false,,index,あらすじあり。index対象。
/works/0o3nuaf,work,鴨川ホルモー,,0,0,https://books.kuras-plus.com/works/0o3nuaf,"index,follow",true,false,false,false,,strengthen,タグのみ。あらすじ追記で強化推奨。
/works/0o4hze6,work,【期間限定　無料お試し版】おやすみプンプン,,0,0,https://books.kuras-plus.com/works/0o4hze6,"noindex,follow",false,true,false,false,,noindex,"summary・タグともになし。薄いコンテンツとして noindex,follow（既存方針）。"
/works/0o5h8u1,work,ぬらりひょんの孫,妖怪の孫として生まれた少年が妖怪たちをまとめ上げる和風バトル漫画。妖怪の世界の迫力あるバトルと和の雰囲気が魅力で、妖怪や和風ファンタジー、少年漫画が好きな読者に,86,0,https://books.kuras-plus.com/works/0o5h8u1,"index,follow",true,false,false,false,,index,あらすじあり。index対象。
/works/0o6ktac,work,ドラゴン桜2,,0,0,https://books.kuras-plus.com/works/0o6ktac,"noindex,follow",false,true,false,false,,noindex,"summary・タグともになし。薄いコンテンツとして noindex,follow（既存方針）。"
/works/0o6p2dw,work,七つの魔剣が支配する,,0,0,https://books.kuras-plus.com/works/0o6p2dw,"noindex,follow",false,true,false,false,,noindex,"summary・タグともになし。薄いコンテンツとして noindex,follow（既存方針）。"
/works/0o6ptpm,work,食糧人類Ｒｅ：　－Ｓｔａｒｖｉｎｇ　Ｒｅ：ｖｅｌａｔｉｏｎ－,,0,0,https://books.kuras-plus.com/works/0o6ptpm,"noindex,follow",false,true,false,false,,noindex,"summary・タグともになし。薄いコンテンツとして noindex,follow（既存方針）。"
/works/0o97xdu,work,戦国妖狐,,0,0,https://books.kuras-plus.com/works/0o97xdu,"noindex,follow",false,true,false,false,,noindex,"summary・タグともになし。薄いコンテンツとして noindex,follow（既存方針）。"
/works/0o9lv4e,work,賢者の孫,,0,0,https://books.kuras-plus.com/works/0o9lv4e,"noindex,follow",false,true,false,false,,noindex,"summary・タグともになし。薄いコンテンツとして noindex,follow（既存方針）。"
/works/0o9wtrv,work,翼を持つ少女 下,,0,0,https://books.kuras-plus.com/works/0o9wtrv,"index,follow",true,false,false,false,,strengthen,タグのみ。あらすじ追記で強化推奨。
/works/0obiqav,work,球形の荒野下,戦後日本の秘密と謎の人物をめぐるスパイ的要素を持つ松本清張の歴史・社会派ミステリ下巻。戦争と戦後の真実に迫る重厚な物語と、謎の人物の正体をめぐるサスペンスが最高,86,0,https://books.kuras-plus.com/works/0obiqav,"index,follow",true,false,false,false,,index,あらすじあり。index対象。
/works/0obpwdd,work,ソードアート・オンラインプログレッシブ,,0,0,https://books.kuras-plus.com/works/0obpwdd,"noindex,follow",false,true,false,false,,noindex,"summary・タグともになし。薄いコンテンツとして noindex,follow（既存方針）。"
/works/0oco4y6,work,那年夏天，妳打來的電話,,0,0,https://books.kuras-plus.com/works/0oco4y6,"index,follow",true,false,false,false,,strengthen,タグのみ。あらすじ追記で強化推奨。
/works/0od0yx3,work,マチネの終わりに,,0,0,https://books.kuras-plus.com/works/0od0yx3,"index,follow",true,false,false,false,,strengthen,タグのみ。あらすじ追記で強化推奨。
/works/0oee7b6,work,火車,婚約者が突然姿を消した。彼女の過去を追う休職中の刑事が辿り着いたのは、多重債務の闇だった。宮部みゆきが山本周五郎賞を受賞した社会派ミステリーの傑作。カード破産と,130,0,https://books.kuras-plus.com/works/0oee7b6,"index,follow",true,false,false,false,,index,あらすじあり。index対象。
/works/0ofzvi1,work,さよならドビュッシー,ピアノを愛する少女がピアニストを目指して再起を図る、音楽と謎が融合したミステリ小説。演奏シーンの圧倒的な迫力と巧みに仕掛けられた謎解きが共存する、音楽ファンも必,85,0,https://books.kuras-plus.com/works/0ofzvi1,"index,follow",true,false,false,false,,index,あらすじあり。index対象。
/works/0ohwdup,work,ふつうの軽音部,軽音楽部を舞台にした青春部活漫画。音楽への情熱と等身大の高校生活が丁寧に描かれており、バンドに憧れる読者や青春ものが好きな人にぴったりの爽やかな一作。,75,0,https://books.kuras-plus.com/works/0ohwdup,"index,follow",true,false,false,false,,index,あらすじあり。index対象。
/works/0oj4ka2,work,歴史小説の読み方 : 吉川英治から司馬遼太郎まで,,0,0,https://books.kuras-plus.com/works/0oj4ka2,"index,follow",true,false,false,false,,strengthen,タグのみ。あらすじ追記で強化推奨。
/works/0ojbgcc,work,無職転生,,0,0,https://books.kuras-plus.com/works/0ojbgcc,"index,follow",true,false,false,false,,strengthen,タグのみ。あらすじ追記で強化推奨。
/works/0okrv74,work,NARUTO―ナルト― カラー版,,0,0,https://books.kuras-plus.com/works/0okrv74,"noindex,follow",false,true,false,false,,noindex,"summary・タグともになし。薄いコンテンツとして noindex,follow（既存方針）。"
/works/0ongav2,work,ダイヤのA (エース),熱血野球と個性豊かなキャラが絡む青春スポーツ漫画,24,0,https://books.kuras-plus.com/works/0ongav2,"index,follow",true,false,false,false,,index,あらすじあり。index対象。
/works/0onhwtf,work,注文の多い料理店,山奥で道に迷った二人の紳士が見つけた「山猫軒」。扉をくぐるたびに次々と出される奇妙な「注文」の正体とは——。表題作をはじめ、宮沢賢治の幻想的な世界観が詰まった珠,185,0,https://books.kuras-plus.com/works/0onhwtf,"index,follow",true,false,false,false,,index,あらすじあり。index対象。
/works/0ooyevm,work,小野不由美ゴーストハント読本,,0,0,https://books.kuras-plus.com/works/0ooyevm,"noindex,follow",false,true,false,false,,noindex,"summary・タグともになし。薄いコンテンツとして noindex,follow（既存方針）。"
/works/0op1rfy,work,ブラック・ジャック,,0,0,https://books.kuras-plus.com/works/0op1rfy,"noindex,follow",false,true,false,false,,noindex,"summary・タグともになし。薄いコンテンツとして noindex,follow（既存方針）。"
/works/0oqgp7v,work,母性看護学,妊娠・出産・産褥期における母子の健康を支える看護の理論と実践を体系的にまとめた教科書。茅島江子の長年の臨床・教育経験が凝縮された本書は、母性看護の基礎概念からア,189,0,https://books.kuras-plus.com/works/0oqgp7v,"index,follow",true,false,false,false,,index,あらすじあり。index対象。
/works/0oqhhvn,work,はじめての小説 : 内田康夫&東京・北区が選んだ気鋭のミステリー,,0,0,https://books.kuras-plus.com/works/0oqhhvn,"index,follow",true,false,false,false,,strengthen,タグのみ。あらすじ追記で強化推奨。
/works/0oqqsfj,work,わたしの幸せな結婚,,0,0,https://books.kuras-plus.com/works/0oqqsfj,"noindex,follow",false,true,false,false,,noindex,"summary・タグともになし。薄いコンテンツとして noindex,follow（既存方針）。"
/works/0or6yfq,work,アルテミス,月面都市「アルテミス」を舞台にした近未来SFアドベンチャー。「火星の人」著者アンディ・ウィアーが贈る、ユーモアと科学的リアリティ溢れる犯罪サスペンス。SFファン,95,0,https://books.kuras-plus.com/works/0or6yfq,"index,follow",true,false,false,false,,index,あらすじあり。index対象。
/works/0orh1qf,work,ゴールデンゴールド,,0,0,https://books.kuras-plus.com/works/0orh1qf,"noindex,follow",false,true,false,false,,noindex,"summary・タグともになし。薄いコンテンツとして noindex,follow（既存方針）。"
/works/0ortdxo,work,守り人シリーズ 精霊の守り人,,0,0,https://books.kuras-plus.com/works/0ortdxo,"index,follow",true,false,false,false,,strengthen,タグのみ。あらすじ追記で強化推奨。
/works/0ostgx0,work,め組の大吾救国のオレンジ,,0,0,https://books.kuras-plus.com/works/0ostgx0,"noindex,follow",false,true,false,false,,noindex,"summary・タグともになし。薄いコンテンツとして noindex,follow（既存方針）。"
/works/0ou3yeq,work,「日常型心の傷」に悩む人々,,0,0,https://books.kuras-plus.com/works/0ou3yeq,"noindex,follow",false,true,false,false,,noindex,"summary・タグともになし。薄いコンテンツとして noindex,follow（既存方針）。"
/works/0ou96h3,work,め組の大吾,,0,0,https://books.kuras-plus.com/works/0ou96h3,"noindex,follow",false,true,false,false,,noindex,"summary・タグともになし。薄いコンテンツとして noindex,follow（既存方針）。"
/works/0oubt9j,work,ハヤテのごとく!,極貧の少年が大富豪のお嬢様の執事となるラブコメ漫画。多数のキャラクターと様々なパロディ、恋愛要素が入り混じった賑やかな世界観が魅力で、ハーレムラブコメや軽快なコ,92,0,https://books.kuras-plus.com/works/0oubt9j,"index,follow",true,false,false,false,,index,あらすじあり。index対象。
/works/0ouiwv6,work,羊をめぐる冒険,謎の羊を追って北海道へ旅する「僕」の冒険を描く村上春樹初期の代表作。独特の乾いたユーモアと夢幻的な雰囲気が共存し、日本文学の新しい地平を切り開いた記念碑的な長編,83,0,https://books.kuras-plus.com/works/0ouiwv6,"index,follow",true,false,false,false,,index,あらすじあり。index対象。
/works/0oulenm,work,センゴク権兵衛,,0,0,https://books.kuras-plus.com/works/0oulenm,"noindex,follow",false,true,false,false,,noindex,"summary・タグともになし。薄いコンテンツとして noindex,follow（既存方針）。"
/works/0ovj6de,work,ギャングース,,0,0,https://books.kuras-plus.com/works/0ovj6de,"noindex,follow",false,true,false,false,,noindex,"summary・タグともになし。薄いコンテンツとして noindex,follow（既存方針）。"
/works/0ovwon4,work,映像研には手を出すな！,アニメ制作に情熱を注ぐ女子高生3人組の青春を描いた漫画。世界観の構築とアニメ制作の喜びを生き生きと描き、湯浅政明監督によるアニメ化・実写映画化でも高く評価された,81,0,https://books.kuras-plus.com/works/0ovwon4,"index,follow",true,false,false,false,,index,あらすじあり。index対象。
/works/0owat66,work,マンガでわかるお金と引き寄せの法則,,0,0,https://books.kuras-plus.com/works/0owat66,"noindex,follow",false,true,false,false,,noindex,"summary・タグともになし。薄いコンテンツとして noindex,follow（既存方針）。"
/works/0oxmtbd,work,ZOO,,0,0,https://books.kuras-plus.com/works/0oxmtbd,"index,follow",true,false,false,false,,strengthen,タグのみ。あらすじ追記で強化推奨。
/works/0oxquc7,work,スライム倒して300年、知らないうちにレベルMAXになってました,,0,0,https://books.kuras-plus.com/works/0oxquc7,"noindex,follow",false,true,false,false,,noindex,"summary・タグともになし。薄いコンテンツとして noindex,follow（既存方針）。"
/works/0p00c09,work,バスカヴィル家の犬,荒野の館に伝わる魔犬伝説を背景にした本格推理。ゴシックな雰囲気と合理的なロジックが絶妙に融合したホームズ長編の最高傑作。不気味なムードと知的興奮を同時に楽しめる,87,0,https://books.kuras-plus.com/works/0p00c09,"index,follow",true,false,false,false,,index,あらすじあり。index対象。
/works/0p0bm4t,work,薬屋のひとりごと外伝 小蘭回想録,,0,0,https://books.kuras-plus.com/works/0p0bm4t,"noindex,follow",false,true,false,false,,noindex,"summary・タグともになし。薄いコンテンツとして noindex,follow（既存方針）。"
/works/0p0h0cz,work,弱キャラ友崎くん-ＣＯＭＩＣ-,,0,0,https://books.kuras-plus.com/works/0p0h0cz,"noindex,follow",false,true,false,false,,noindex,"summary・タグともになし。薄いコンテンツとして noindex,follow（既存方針）。"
/works/0p2797j,work,公式コミックアンソロジー魔王学院の不適合者 : 史上最強の魔王の始祖、転生して子孫たちの学校へ通う,,0,0,https://books.kuras-plus.com/works/0p2797j,"noindex,follow",false,true,false,false,,noindex,"summary・タグともになし。薄いコンテンツとして noindex,follow（既存方針）。"
/works/0p2uke4,work,聖剣学院の魔剣使い【ノベル分冊版】,,0,0,https://books.kuras-plus.com/works/0p2uke4,"noindex,follow",false,true,false,false,,noindex,"summary・タグともになし。薄いコンテンツとして noindex,follow（既存方針）。"
/works/0p2v0bo,work,ノルウェイの森,大学生のワタナベが、自殺した親友の恋人・直子と、快活な緑の間で揺れ動く恋愛と喪失の物語。村上春樹の出世作にして日本文学史上最大のベストセラーの一つ。静かな文体の,140,0,https://books.kuras-plus.com/works/0p2v0bo,"index,follow",true,false,false,false,,index,あらすじあり。index対象。
/works/0p47fd1,work,壬生義士伝,,0,0,https://books.kuras-plus.com/works/0p47fd1,"noindex,follow",false,true,false,false,,noindex,"summary・タグともになし。薄いコンテンツとして noindex,follow（既存方針）。"
/works/0p4wnx9,work,ボッコちゃん,,0,0,https://books.kuras-plus.com/works/0p4wnx9,"index,follow",true,false,false,false,,strengthen,タグのみ。あらすじ追記で強化推奨。
/works/0p5lgso,work,こちら歴史探偵事務所！史実調査うけたまわります,,0,0,https://books.kuras-plus.com/works/0p5lgso,"index,follow",true,false,false,false,,strengthen,タグのみ。あらすじ追記で強化推奨。
/works/0p5wxtg,work,ありふれた職業で世界最強,,0,0,https://books.kuras-plus.com/works/0p5wxtg,"noindex,follow",false,true,false,false,,noindex,"summary・タグともになし。薄いコンテンツとして noindex,follow（既存方針）。"
/works/0p738kv,work,不安の種+,日常に潜む得体の知れない恐怖を描いた短編ホラーオムニバス漫画。じわじわと這い寄る不条理な恐怖と、独特のビジュアルが生み出す後味の悪さがクセになる異色ホラー作品。,80,0,https://books.kuras-plus.com/works/0p738kv,"index,follow",true,false,false,false,,index,あらすじあり。index対象。
/works/0p79sms,work,学校怪談（10）,,0,0,https://books.kuras-plus.com/works/0p79sms,"noindex,follow",false,true,false,false,,noindex,"summary・タグともになし。薄いコンテンツとして noindex,follow（既存方針）。"
/works/0pbm9zf,work,島はぼくらと,過疎の島に暮らす4人の高校生が、それぞれの夢と向き合いながら成長していく青春小説。地方で生きることの意味や仲間との絆、未来への希望を丁寧に紡いだ、温かく心に沁み,89,0,https://books.kuras-plus.com/works/0pbm9zf,"index,follow",true,false,false,false,,index,あらすじあり。index対象。
/works/0pe281t,work,DEATH NOTE モノクロ版,,0,0,https://books.kuras-plus.com/works/0pe281t,"noindex,follow",false,true,false,false,,noindex,"summary・タグともになし。薄いコンテンツとして noindex,follow（既存方針）。"
/works/0pfvaiw,work,鉄鼠の檻,禅寺で起きる連続死の謎に京極堂が挑む百鬼夜行シリーズ長編ミステリ。禅の思想と妖怪・怪異が絡み合う特殊な舞台設定と、圧倒的なボリュームで展開される深みある怪奇本格,85,0,https://books.kuras-plus.com/works/0pfvaiw,"index,follow",true,false,false,false,,index,あらすじあり。index対象。
/works/0pi3aq5,work,SAMURAI DEEPER KYO,,0,0,https://books.kuras-plus.com/works/0pi3aq5,"noindex,follow",false,true,false,false,,noindex,"summary・タグともになし。薄いコンテンツとして noindex,follow（既存方針）。"
/works/0pk60rk,work,地獄先生ぬ~べ~S,,0,0,https://books.kuras-plus.com/works/0pk60rk,"noindex,follow",false,true,false,false,,noindex,"summary・タグともになし。薄いコンテンツとして noindex,follow（既存方針）。"
/works/0pkk4q3,work,十二国記 月の影 影の海,普通の女子高生が突然異世界「十二国」へ召喚される本格ファンタジー。緻密に構築された異世界の政治・文化・神話が魅力で、主人公の過酷な成長物語に引き込まれる大人向け,89,0,https://books.kuras-plus.com/works/0pkk4q3,"index,follow",true,false,false,false,,index,あらすじあり。index対象。
/works/0pl2x8d,work,金持ち父さん貧乏父さん,金持ちの父と貧乏な父、二人の父親から学んだお金の哲学を対比しながら語る世界的ベストセラー。「お金のために働くのではなく、お金に働かせる」という考え方を平易な言葉,125,0,https://books.kuras-plus.com/works/0pl2x8d,"index,follow",true,false,false,false,,index,あらすじあり。index対象。
/works/0pl4bim,work,植物図鑑,行き倒れていた青年を拾った女性との、植物採取を楽しむ同居生活を描く恋愛小説。季節の草花の知識を織り交ぜながら、日常のなかでゆっくり育まれる愛情を描く、甘くて温か,89,0,https://books.kuras-plus.com/works/0pl4bim,"index,follow",true,false,false,false,,index,あらすじあり。index対象。
/works/0pmgx9n,work,究極超人あ~る完全版BOX,,0,0,https://books.kuras-plus.com/works/0pmgx9n,"noindex,follow",false,true,false,false,,noindex,"summary・タグともになし。薄いコンテンツとして noindex,follow（既存方針）。"
/works/0pn33lt,work,小説葬送のフリーレン～前奏～.,,0,0,https://books.kuras-plus.com/works/0pn33lt,"index,follow",true,false,false,false,,strengthen,タグのみ。あらすじ追記で強化推奨。
/works/0pnhw88,work,悪意,犯人がわかっているのになぜという「動機」の謎を徹底的に追う、加賀恭一郎シリーズの異色作。人間の暗部を抉り出す深い心理描写と予想外の展開が一気読みを誘うミステリ小,85,0,https://books.kuras-plus.com/works/0pnhw88,"index,follow",true,false,false,false,,index,あらすじあり。index対象。
/works/0pns9qk,work,見える子ちゃん 13,,0,0,https://books.kuras-plus.com/works/0pns9qk,"noindex,follow",false,true,false,false,,noindex,"summary・タグともになし。薄いコンテンツとして noindex,follow（既存方針）。"
/works/0po0ls9,work,チート魔術で運命をねじ伏せる.,,0,0,https://books.kuras-plus.com/works/0po0ls9,"noindex,follow",false,true,false,false,,noindex,"summary・タグともになし。薄いコンテンツとして noindex,follow（既存方針）。"
/works/0po1apr,work,銀牙,,0,0,https://books.kuras-plus.com/works/0po1apr,"noindex,follow",false,true,false,false,,noindex,"summary・タグともになし。薄いコンテンツとして noindex,follow（既存方針）。"
/works/0pocrzl,work,フェチH BLコミックアンソロジー,,0,0,https://books.kuras-plus.com/works/0pocrzl,"noindex,follow",false,true,false,false,,noindex,"summary・タグともになし。薄いコンテンツとして noindex,follow（既存方針）。"
/works/0pox2zs,work,チョコレートコスモス,天才的な演技力を持つ少女・東響子と、名門演劇一家に生まれた華やかな飛鳥。対照的な二人の女優の卵が、同じオーディションの舞台で激突する。演じるとは何か、本当の才能,189,0,https://books.kuras-plus.com/works/0pox2zs,"index,follow",true,false,false,false,,index,あらすじあり。index対象。
/works/0ppjj7u,work,太閤記,,0,0,https://books.kuras-plus.com/works/0ppjj7u,"noindex,follow",false,true,false,false,,noindex,"summary・タグともになし。薄いコンテンツとして noindex,follow（既存方針）。"
/works/0ppt1gt,work,山女日記,山登りを題材に、さまざまな女性たちの人生と葛藤を描く連作短編集。自然の壮大さを背景に、人間関係や自己再発見の旅を描き出す湊かなえの新境地。山好きな読者にも普通の,92,0,https://books.kuras-plus.com/works/0ppt1gt,"index,follow",true,false,false,false,,index,あらすじあり。index対象。
/works/0pqnuvx,work,アクセル・ワールド,,0,0,https://books.kuras-plus.com/works/0pqnuvx,"noindex,follow",false,true,false,false,,noindex,"summary・タグともになし。薄いコンテンツとして noindex,follow（既存方針）。"
/works/0pswzaa,work,はじめの一歩,いじめられっ子の少年がボクサーとして成長する姿を描いたボクシング漫画の金字塔。ひたむきに努力する主人公と熱い試合描写が長年の読者を掴んで離さない、スポーツ漫画の,87,0,https://books.kuras-plus.com/works/0pswzaa,"index,follow",true,false,false,false,,index,あらすじあり。index対象。
/works/0pthpnf,work,獄門島,孤島の因習と連続殺人の謎を金田一耕助が解く横溝正史の最高傑作の一つ。島の閉塞した空気と和歌に込められた謎が絶妙に絡み合い、最後の鮮やかな解決が大きな読後感をもた,85,0,https://books.kuras-plus.com/works/0pthpnf,"index,follow",true,false,false,false,,index,あらすじあり。index対象。
/works/0pto4z3,work,とらドラ!(11),,0,0,https://books.kuras-plus.com/works/0pto4z3,"noindex,follow",false,true,false,false,,noindex,"summary・タグともになし。薄いコンテンツとして noindex,follow（既存方針）。"
/works/0pwbki3,work,ダイヤのＡ　ａｃｔ２,,0,0,https://books.kuras-plus.com/works/0pwbki3,"noindex,follow",false,true,false,false,,noindex,"summary・タグともになし。薄いコンテンツとして noindex,follow（既存方針）。"
/works/0pwg1ph,work,『このミステリーがすごい！』　中山七里「連続殺人鬼カエル男　完結編」vol.2,猟奇的な犯行と不気味なメッセージで街を恐怖に陥れた「カエル男」事件が、ついに完結を迎える。中山七里が読者に突きつけるのは、単なる犯人当てではなく、正義と狂気の境,192,0,https://books.kuras-plus.com/works/0pwg1ph,"index,follow",true,false,false,false,,index,あらすじあり。index対象。
/works/0pwlgnv,work,ミスミソウ,雪深い山村の分校を舞台にした、閉塞した環境と人間の醜さを描く衝撃的なサスペンスホラー漫画。息が詰まるような緊張感と、人間の本性を突く容赦ない描写が強烈な印象を残,82,0,https://books.kuras-plus.com/works/0pwlgnv,"index,follow",true,false,false,false,,index,あらすじあり。index対象。
/works/0py8sf3,work,ヴァニタスの手記(カルテ),,0,0,https://books.kuras-plus.com/works/0py8sf3,"noindex,follow",false,true,false,false,,noindex,"summary・タグともになし。薄いコンテンツとして noindex,follow（既存方針）。"
/works/0pzsnv5,work,異邦人,,0,0,https://books.kuras-plus.com/works/0pzsnv5,"noindex,follow",false,true,false,false,,noindex,"summary・タグともになし。薄いコンテンツとして noindex,follow（既存方針）。"
/works/0q1pnxa,work,黒子のバスケ Replace PLUS,,0,0,https://books.kuras-plus.com/works/0q1pnxa,"noindex,follow",false,true,false,false,,noindex,"summary・タグともになし。薄いコンテンツとして noindex,follow（既存方針）。"
/works/0q374c7,work,沈まぬ太陽,,0,0,https://books.kuras-plus.com/works/0q374c7,"index,follow",true,false,false,false,,strengthen,タグのみ。あらすじ追記で強化推奨。
/works/0q3m3p4,work,ひぐらしのなく頃に,山奥の村で毎年繰り返される怪事件と、そこに隠された謎を描くサスペンスホラー漫画。のどかな田舎の日常と突然崩れる恐怖のギャップが強烈で、謎解き好きの読者を虜にする,83,0,https://books.kuras-plus.com/works/0q3m3p4,"index,follow",true,false,false,false,,index,あらすじあり。index対象。
/works/0q3z7cn,work,ドカベン,豪快な捕手・ドカベンを主人公に高校野球の熱闘を描いた水島新司の野球漫画の金字塔。個性豊かな選手たちと手に汗握る試合展開が魅力で、野球好き・スポーツ漫画ファンに長,91,0,https://books.kuras-plus.com/works/0q3z7cn,"index,follow",true,false,false,false,,index,あらすじあり。index対象。
/works/0q4emhb,work,マンガキャラクター講座 : 魅力的な人物を作る! : キャラクター作りの新しい解説書!,,0,0,https://books.kuras-plus.com/works/0q4emhb,"noindex,follow",false,true,false,false,,noindex,"summary・タグともになし。薄いコンテンツとして noindex,follow（既存方針）。"
/works/0q4ub7z,work,マジンガーZ オリジナル版,科学要塞研究所が開発した巨大ロボット・マジンガーZが悪の組織と戦う永井豪の伝説的ロボット漫画。スーパーロボットアニメの原点として漫画史に燦然と輝く名作で、ロボッ,95,0,https://books.kuras-plus.com/works/0q4ub7z,"index,follow",true,false,false,false,,index,あらすじあり。index対象。
/works/0q7127w,work,MAJOR 2nd（メジャーセカンド）,野球の名選手を父に持つ少年・大吾の成長を描く野球漫画「メジャー」の続編シリーズ。親世代のプレッシャーに悩みながら自分の道を切り拓く姿が共感を呼ぶ、王道スポーツ少,84,0,https://books.kuras-plus.com/works/0q7127w,"index,follow",true,false,false,false,,index,あらすじあり。index対象。
/works/0q7tbzl,work,チャラリーマンBLコミックアンソロジー,,0,0,https://books.kuras-plus.com/works/0q7tbzl,"noindex,follow",false,true,false,false,,noindex,"summary・タグともになし。薄いコンテンツとして noindex,follow（既存方針）。"
/works/0q8a3pg,work,ユリゴコロ,実家で見つけた一冊のノート。そこには「私は人を殺すことに快感を覚える」という衝撃的な告白が記されていた。この日記の書き手は誰なのか——。沼田まほかるが紡ぐダーク,176,0,https://books.kuras-plus.com/works/0q8a3pg,"index,follow",true,false,false,false,,index,あらすじあり。index対象。
/works/0q8ujfw,work,ミュージアム,猟奇的な事件を追う刑事の執念を描いた濃密なサスペンスミステリ漫画。独特の不気味な雰囲気と心理的な緊張感が持ち味で、大人向けのダークなエンタメ作品として高く評価さ,83,0,https://books.kuras-plus.com/works/0q8ujfw,"index,follow",true,false,false,false,,index,あらすじあり。index対象。
/works/0q8xxwq,work,カードキャプターさくら,CLAMPが描く魔法少女の定番名作。さくらがカードを集める冒険を通じて友情・恋愛・成長を美しい絵柄で描き、少女漫画の枠を超えて幅広い世代から長く愛されるシリーズ,81,0,https://books.kuras-plus.com/works/0q8xxwq,"index,follow",true,false,false,false,,index,あらすじあり。index対象。
/works/0qbdp70,work,ミュージアム,,0,0,https://books.kuras-plus.com/works/0qbdp70,"noindex,follow",false,true,false,false,,noindex,"summary・タグともになし。薄いコンテンツとして noindex,follow（既存方針）。"
/works/0qbhoq2,work,世紀末リーダー伝たけし！,,0,0,https://books.kuras-plus.com/works/0qbhoq2,"noindex,follow",false,true,false,false,,noindex,"summary・タグともになし。薄いコンテンツとして noindex,follow（既存方針）。"
/works/0qcm524,work,青の祓魔師,悪魔の子として生まれた少年が祓魔師（エクソシスト）を目指すダークファンタジー漫画。主人公の葛藤と成長、仲間との絆を丁寧に描いたジャンプ系王道アクション作品。,78,0,https://books.kuras-plus.com/works/0qcm524,"index,follow",true,false,false,false,,index,あらすじあり。index対象。
/works/0qd8z4g,work,盾の勇者の成り上がり.,,0,0,https://books.kuras-plus.com/works/0qd8z4g,"noindex,follow",false,true,false,false,,noindex,"summary・タグともになし。薄いコンテンツとして noindex,follow（既存方針）。"
/works/0qdmb0s,work,水車館の殺人,孤立した館を舞台に繰り広げられる本格ミステリの傑作。綾辻行人の「館シリーズ」第2弾で、緻密な謎解きと意外な真実が読者を翻弄する。密室好き・推理小説ファン必読の一,82,0,https://books.kuras-plus.com/works/0qdmb0s,"index,follow",true,false,false,false,,index,あらすじあり。index対象。
/works/0qe59ec,work,テロリストのパラソル,新宿中央公園で爆弾テロが発生した。元学生運動の活動家で、今はアルコールに溺れるバーテンダーの島村は、現場で旧友の死体を発見する。かつての仲間たちに何が起きたのか,194,0,https://books.kuras-plus.com/works/0qe59ec,"index,follow",true,false,false,false,,index,あらすじあり。index対象。
/works/0qedwb8,work,ドカベン・プロ野球編,,0,0,https://books.kuras-plus.com/works/0qedwb8,"noindex,follow",false,true,false,false,,noindex,"summary・タグともになし。薄いコンテンツとして noindex,follow（既存方針）。"
/works/0qgi63r,work,からかい上手の高木さん TVアニメ公式ガイド&山本崇一朗イラスト集,,0,0,https://books.kuras-plus.com/works/0qgi63r,"noindex,follow",false,true,false,false,,noindex,"summary・タグともになし。薄いコンテンツとして noindex,follow（既存方針）。"
/works/0qh097l,work,ナルニア国物語 ライオンと魔女,衣装ダンスの奥に広がる魔法の国ナルニアで、4人の兄弟姉妹が偉大なライオン・アスランとともに白い魔女に立ち向かう冒険物語。C.S.ルイスの古典的名作であり、子ども,128,0,https://books.kuras-plus.com/works/0qh097l,"index,follow",true,false,false,false,,index,あらすじあり。index対象。
/works/0qhehiv,work,図説トールキンの指輪物語世界 : 神話からファンタジーへ,,0,0,https://books.kuras-plus.com/works/0qhehiv,"index,follow",true,false,false,false,,strengthen,タグのみ。あらすじ追記で強化推奨。
/works/0qilaka,work,オーバーロード,サービス終了したオンラインゲームの世界に、最強の魔王として取り残された主人公アインズ。NPC達が意思を持ち始めた世界で、アインズは世界征服を目指す。丸山くがねに,131,0,https://books.kuras-plus.com/works/0qilaka,"index,follow",true,false,false,false,,index,あらすじあり。index対象。
/works/0qilei9,work,重版出来!,,0,0,https://books.kuras-plus.com/works/0qilei9,"noindex,follow",false,true,false,false,,noindex,"summary・タグともになし。薄いコンテンツとして noindex,follow（既存方針）。"
/works/0qjkr0c,work,ゼロの使い魔,,0,0,https://books.kuras-plus.com/works/0qjkr0c,"noindex,follow",false,true,false,false,,noindex,"summary・タグともになし。薄いコンテンツとして noindex,follow（既存方針）。"
/works/0qjlswk,work,ドラゴン桜2 : テレビドラマ化記念1巻-3巻お買い得パック,,0,0,https://books.kuras-plus.com/works/0qjlswk,"noindex,follow",false,true,false,false,,noindex,"summary・タグともになし。薄いコンテンツとして noindex,follow（既存方針）。"
/works/0qjvn8k,work,All You Need Is Kill,異星生物との戦争でタイムループに囚われた新兵が、死と再生を繰り返しながら最強の兵士へと成長していく。桜坂洋によるライトノベル発のSFアクション小説。ハリウッド映,135,0,https://books.kuras-plus.com/works/0qjvn8k,"index,follow",true,false,false,false,,index,あらすじあり。index対象。
/works/0qjvoxx,work,安部公房『砂の女』作品論集,安部公房の代表作『砂の女』を多角的に分析した論文集。砂の穴に囚われた男の物語を、実存主義、フェミニズム、ポストモダンなど様々な批評理論から読み解いていく。国内外,180,0,https://books.kuras-plus.com/works/0qjvoxx,"index,follow",true,false,false,false,,index,あらすじあり。index対象。
/works/0qmcxih,work,ブロンテ小説における病いと看護,,0,0,https://books.kuras-plus.com/works/0qmcxih,"index,follow",true,false,false,false,,strengthen,タグのみ。あらすじ追記で強化推奨。
/works/0qmw83d,work,クジマ歌えば家ほろろ,古い家屋と個性的な住人たちの交流を描いたハートフルコメディ。どこかなつかしい雰囲気の中でくり広げられる人間模様が温かく、ほっとしたい時間に寄り添ってくれる癒やし,84,0,https://books.kuras-plus.com/works/0qmw83d,"index,follow",true,false,false,false,,index,あらすじあり。index対象。
/works/0qn1t06,work,ハイキュー!! 1 (日向と影山),,0,0,https://books.kuras-plus.com/works/0qn1t06,"noindex,follow",false,true,false,false,,noindex,"summary・タグともになし。薄いコンテンツとして noindex,follow（既存方針）。"
/works/0qng78h,work,斜め屋敷の犯罪,傾いた奇妙な建築物「斜め屋敷」で起きる密室殺人を扱う御手洗潔シリーズの本格ミステリ。建築的なトリックのスケールと御手洗の鮮やかな推理が読者を圧倒する、新本格派の,83,0,https://books.kuras-plus.com/works/0qng78h,"index,follow",true,false,false,false,,index,あらすじあり。index対象。
/works/0qp0m3u,work,大江戸綺譚 時代小説傑作選,,0,0,https://books.kuras-plus.com/works/0qp0m3u,"noindex,follow",false,true,false,false,,noindex,"summary・タグともになし。薄いコンテンツとして noindex,follow（既存方針）。"
/works/0qpsru7,work,地獄先生ぬ~べ~NEO,,0,0,https://books.kuras-plus.com/works/0qpsru7,"noindex,follow",false,true,false,false,,noindex,"summary・タグともになし。薄いコンテンツとして noindex,follow（既存方針）。"
/works/0qqjh2i,work,学研まんがNEW日本の歴史 別巻,,0,0,https://books.kuras-plus.com/works/0qqjh2i,"noindex,follow",false,true,false,false,,noindex,"summary・タグともになし。薄いコンテンツとして noindex,follow（既存方針）。"
/works/0qrgfn3,work,発信型英語世界を読み解くキーワード,,0,0,https://books.kuras-plus.com/works/0qrgfn3,"index,follow",true,false,false,false,,strengthen,タグのみ。あらすじ追記で強化推奨。
/works/0qsahi2,work,マンガ研究,,0,0,https://books.kuras-plus.com/works/0qsahi2,"noindex,follow",false,true,false,false,,noindex,"summary・タグともになし。薄いコンテンツとして noindex,follow（既存方針）。"
/works/0qseeqa,work,ドラゴン桜,,0,0,https://books.kuras-plus.com/works/0qseeqa,"noindex,follow",false,true,false,false,,noindex,"summary・タグともになし。薄いコンテンツとして noindex,follow（既存方針）。"
/works/0qtaa85,work,DEATH NOTE,,0,0,https://books.kuras-plus.com/works/0qtaa85,"noindex,follow",false,true,false,false,,noindex,"summary・タグともになし。薄いコンテンツとして noindex,follow（既存方針）。"
/works/0qtpxr0,work,陰の実力者になりたくて! (10),,0,0,https://books.kuras-plus.com/works/0qtpxr0,"noindex,follow",false,true,false,false,,noindex,"summary・タグともになし。薄いコンテンツとして noindex,follow（既存方針）。"
/works/0qu1cty,work,怖い噂のあるお店 : 99秒の戦慄〈闇〉体験,,0,0,https://books.kuras-plus.com/works/0qu1cty,"index,follow",true,false,false,false,,strengthen,タグのみ。あらすじ追記で強化推奨。
/works/0qv0bsd,work,モモ,,0,0,https://books.kuras-plus.com/works/0qv0bsd,"index,follow",true,false,false,false,,strengthen,タグのみ。あらすじ追記で強化推奨。
/works/0r02lo2,work,オレたちバブル入行組,,0,0,https://books.kuras-plus.com/works/0r02lo2,"index,follow",true,false,false,false,,strengthen,タグのみ。あらすじ追記で強化推奨。
/works/0r0geso,work,ツナグ,死者と一度だけ会わせてくれる「使者」を介して、愛する人を失った人々の再会を描く感動の連作短編集。生と死の境界をめぐる温かで切ない物語が涙を誘う辻村深月の心打つ傑,82,0,https://books.kuras-plus.com/works/0r0geso,"index,follow",true,false,false,false,,index,あらすじあり。index対象。
/works/0r107l0,work,信長協奏曲 (コンツェルト).,,0,0,https://books.kuras-plus.com/works/0r107l0,"noindex,follow",false,true,false,false,,noindex,"summary・タグともになし。薄いコンテンツとして noindex,follow（既存方針）。"
/works/0r10mim,work,コミック版夜行観覧車,湊かなえの人気小説「夜行観覧車」を漫画化した作品。高級住宅街の二家族が抱える秘密と闇をコミカライズで鮮明に描き、原作のサスペンスフルな人間ドラマを視覚的に楽しめ,84,0,https://books.kuras-plus.com/works/0r10mim,"index,follow",true,false,false,false,,index,あらすじあり。index対象。
/works/0r179ii,work,トライガン・マキシマム,,0,0,https://books.kuras-plus.com/works/0r179ii,"noindex,follow",false,true,false,false,,noindex,"summary・タグともになし。薄いコンテンツとして noindex,follow（既存方針）。"
/works/0r2mx3j,work,覚悟のススメ（8）,,0,0,https://books.kuras-plus.com/works/0r2mx3j,"noindex,follow",false,true,false,false,,noindex,"summary・タグともになし。薄いコンテンツとして noindex,follow（既存方針）。"
/works/0r3jbhg,work,岳,,0,0,https://books.kuras-plus.com/works/0r3jbhg,"noindex,follow",false,true,false,false,,noindex,"summary・タグともになし。薄いコンテンツとして noindex,follow（既存方針）。"
/works/0r4rtzv,work,残穢,,0,0,https://books.kuras-plus.com/works/0r4rtzv,"index,follow",true,false,false,false,,strengthen,タグのみ。あらすじ追記で強化推奨。
/works/0r5tk5d,work,スーパードクターK,,0,0,https://books.kuras-plus.com/works/0r5tk5d,"noindex,follow",false,true,false,false,,noindex,"summary・タグともになし。薄いコンテンツとして noindex,follow（既存方針）。"
/works/0r5yi50,work,村上春樹全小説ガイドブック,村上春樹の小説世界を網羅したオフィシャルガイドブック的一冊。短編から長編まで全作品のあらすじ、執筆背景、評価を整理し、春樹文学の全体像を見渡せるよう構成されてい,212,0,https://books.kuras-plus.com/works/0r5yi50,"index,follow",true,false,false,false,,index,あらすじあり。index対象。
/works/0r8besz,work,新世紀エヴァンゲリオン,,0,0,https://books.kuras-plus.com/works/0r8besz,"noindex,follow",false,true,false,false,,noindex,"summary・タグともになし。薄いコンテンツとして noindex,follow（既存方針）。"
/works/0r9f7vw,work,かってに改蔵,学校生活を舞台にしたシュールでメタなギャグ漫画。社会批評やオタク文化への鋭いツッコミが笑いに変わる久米田康治ならではの作風で、少し毒のきいたブラックコメディが好,93,0,https://books.kuras-plus.com/works/0r9f7vw,"index,follow",true,false,false,false,,index,あらすじあり。index対象。
/works/0ra73ru,work,文蔵 2013．12,,0,0,https://books.kuras-plus.com/works/0ra73ru,"index,follow",true,false,false,false,,strengthen,タグのみ。あらすじ追記で強化推奨。
/works/0rcn21m,work,骸骨騎士様、只今異世界へお出掛け中ⅩⅣ,,0,0,https://books.kuras-plus.com/works/0rcn21m,"index,follow",true,false,false,false,,strengthen,タグのみ。あらすじ追記で強化推奨。
/works/0rdvfe4,work,小箱,静謐な文章の中に、不思議な世界が息づいている。小川洋子が紡ぐ物語は、日常の中にひそむ異質なものを掬い上げ、小さな箱に収めるように丁寧に言葉にしていく。記憶と忘却,183,0,https://books.kuras-plus.com/works/0rdvfe4,"index,follow",true,false,false,false,,index,あらすじあり。index対象。
/works/0rdxnbi,work,悪役令嬢なのでラスボスを飼ってみました【ノベル分冊版】,,0,0,https://books.kuras-plus.com/works/0rdxnbi,"noindex,follow",false,true,false,false,,noindex,"summary・タグともになし。薄いコンテンツとして noindex,follow（既存方針）。"
/works/0repdbg,work,LIAR GAME,,0,0,https://books.kuras-plus.com/works/0repdbg,"noindex,follow",false,true,false,false,,noindex,"summary・タグともになし。薄いコンテンツとして noindex,follow（既存方針）。"
/works/0rg3mdi,work,職業としての小説家,村上春樹自身が小説を書くこと、作家として生きることについて率直に語ったエッセイ集。創作の秘密から孤独と向き合う方法まで、作家の内面に迫る言葉が詰まった、村上春樹,89,0,https://books.kuras-plus.com/works/0rg3mdi,"index,follow",true,false,false,false,,index,あらすじあり。index対象。
/works/0rgifqz,work,アカメが斬る！,,0,0,https://books.kuras-plus.com/works/0rgifqz,"noindex,follow",false,true,false,false,,noindex,"summary・タグともになし。薄いコンテンツとして noindex,follow（既存方針）。"
/works/0rh9u5s,work,クロスゲーム,,0,0,https://books.kuras-plus.com/works/0rh9u5s,"noindex,follow",false,true,false,false,,noindex,"summary・タグともになし。薄いコンテンツとして noindex,follow（既存方針）。"
/works/0rhfrq2,work,村上春樹超短篇小説案内,村上春樹のあまり注目されない超短篇作品にスポットを当てた、マニアックで愛情深いガイド。長編の陰に隠れがちな小さな物語たちの中に、春樹文学のエッセンスが凝縮されて,210,0,https://books.kuras-plus.com/works/0rhfrq2,"index,follow",true,false,false,false,,index,あらすじあり。index対象。
/works/0rhftx1,work,眠りの森,バレエ団での殺人事件を刑事・加賀恭一郎が追う本格ミステリ。華やかなバレエの世界を舞台に繰り広げられる謎と人間ドラマが魅力で、加賀シリーズの中でも特に雰囲気豊かな,87,0,https://books.kuras-plus.com/works/0rhftx1,"index,follow",true,false,false,false,,index,あらすじあり。index対象。
/works/0rjd35w,work,新装版　シドニアの騎士,,0,0,https://books.kuras-plus.com/works/0rjd35w,"noindex,follow",false,true,false,false,,noindex,"summary・タグともになし。薄いコンテンツとして noindex,follow（既存方針）。"
/works/0rk010n,work,名前探しの放課後,高校生の主人公が「クラスメートの自死を防ぐ」という使命を帯びて奔走する青春ミステリ。学校という閉鎖的な空間での人間関係と謎解きが絡み合う、辻村深月らしい感動とサ,89,0,https://books.kuras-plus.com/works/0rk010n,"index,follow",true,false,false,false,,index,あらすじあり。index対象。
/works/0rlvakp,work,銃夢外伝,,0,0,https://books.kuras-plus.com/works/0rlvakp,"noindex,follow",false,true,false,false,,noindex,"summary・タグともになし。薄いコンテンツとして noindex,follow（既存方針）。"
/works/0rnxtb2,work,ぼぎわんが、来る.,,0,0,https://books.kuras-plus.com/works/0rnxtb2,"noindex,follow",false,true,false,false,,noindex,"summary・タグともになし。薄いコンテンツとして noindex,follow（既存方針）。"
/works/0rpm1xv,work,からくりサーカス = Le Cirque de Karakuri.,,0,0,https://books.kuras-plus.com/works/0rpm1xv,"noindex,follow",false,true,false,false,,noindex,"summary・タグともになし。薄いコンテンツとして noindex,follow（既存方針）。"
/works/0rr39jd,work,烈火の炎,,0,0,https://books.kuras-plus.com/works/0rr39jd,"noindex,follow",false,true,false,false,,noindex,"summary・タグともになし。薄いコンテンツとして noindex,follow（既存方針）。"
/works/0rrno9x,work,少女,,0,0,https://books.kuras-plus.com/works/0rrno9x,"index,follow",true,false,false,false,,strengthen,タグのみ。あらすじ追記で強化推奨。
/works/0rs7ldc,work,甘々と稲妻,,0,0,https://books.kuras-plus.com/works/0rs7ldc,"noindex,follow",false,true,false,false,,noindex,"summary・タグともになし。薄いコンテンツとして noindex,follow（既存方針）。"
/works/0ru0peo,work,模倣犯,連続殺人事件の犯人が劇場型犯罪を仕掛け、メディアと社会を翻弄する。宮部みゆきが5年の歳月をかけて完成させた超大作サスペンス。司法記者、被害者遺族、犯人と、多角的,133,0,https://books.kuras-plus.com/works/0ru0peo,"index,follow",true,false,false,false,,index,あらすじあり。index対象。
/works/0rw83p2,work,下町ロケット. [3],,0,0,https://books.kuras-plus.com/works/0rw83p2,"noindex,follow",false,true,false,false,,noindex,"summary・タグともになし。薄いコンテンツとして noindex,follow（既存方針）。"
/works/0rwci5n,work,ハケンアニメ！,アニメ業界を舞台に、覇権作品を目指すクリエイターたちの情熱と葛藤を描いた青春エンタメ小説。夢に全力で挑む大人たちの姿に胸が熱くなる、仕事に誇りを持つすべての人へ,86,0,https://books.kuras-plus.com/works/0rwci5n,"index,follow",true,false,false,false,,index,あらすじあり。index対象。
/works/0rxi44e,work,黒子のバスケ 23 (青い空の日),,0,0,https://books.kuras-plus.com/works/0rxi44e,"noindex,follow",false,true,false,false,,noindex,"summary・タグともになし。薄いコンテンツとして noindex,follow（既存方針）。"
/works/0rxmn5e,work,ARIA,,0,0,https://books.kuras-plus.com/works/0rxmn5e,"noindex,follow",false,true,false,false,,noindex,"summary・タグともになし。薄いコンテンツとして noindex,follow（既存方針）。"
/works/0ry30h6,work,マンガ内田康夫ミステリー 浅見光彦スペシャル,,0,0,https://books.kuras-plus.com/works/0ry30h6,"noindex,follow",false,true,false,false,,noindex,"summary・タグともになし。薄いコンテンツとして noindex,follow（既存方針）。"
/works/0rza7za,work,ラプラスの魔女,ある女性の不思議な予知能力と、相次ぐ不可解な硫化水素事故を結ぶ科学サスペンス。科学的知識と人間ドラマが絡み合う、東野圭吾ならではのスケール感で描かれる予測不能な,91,0,https://books.kuras-plus.com/works/0rza7za,"index,follow",true,false,false,false,,index,あらすじあり。index対象。
/works/0rzmaxp,work,冷たい校舎の時は止まる,吹雪の中、時間が止まった学校に閉じ込められた8人の同級生が謎に向き合う学園ミステリー。青春の影と心の闇が交錯する辻村深月のデビュー作で、細やかな心理描写と予測不,92,0,https://books.kuras-plus.com/works/0rzmaxp,"index,follow",true,false,false,false,,index,あらすじあり。index対象。
/works/0s0y06w,work,慟哭,連続幼女誘拐事件を追う捜査一課の刑事と、新興宗教にのめり込んでいく一人の男。まったく別の物語として進行する二つの視点が、やがて衝撃的な形で交錯する。貫井徳郎のデ,174,0,https://books.kuras-plus.com/works/0s0y06w,"index,follow",true,false,false,false,,index,あらすじあり。index対象。
/works/0s2ezrl,work,ハカイジュウ（3）,,0,0,https://books.kuras-plus.com/works/0s2ezrl,"noindex,follow",false,true,false,false,,noindex,"summary・タグともになし。薄いコンテンツとして noindex,follow（既存方針）。"
/works/0s57rd3,work,運命の巻戻士,,0,0,https://books.kuras-plus.com/works/0s57rd3,"noindex,follow",false,true,false,false,,noindex,"summary・タグともになし。薄いコンテンツとして noindex,follow（既存方針）。"
/works/0s66tq6,work,まんがで鍛える脳の強化書,,0,0,https://books.kuras-plus.com/works/0s66tq6,"noindex,follow",false,true,false,false,,noindex,"summary・タグともになし。薄いコンテンツとして noindex,follow（既存方針）。"
/works/0s77xv7,work,藤子・F・不二雄大全集大長編ドラえもん,,0,0,https://books.kuras-plus.com/works/0s77xv7,"noindex,follow",false,true,false,false,,noindex,"summary・タグともになし。薄いコンテンツとして noindex,follow（既存方針）。"
/works/0s78cqc,work,WORST,,0,0,https://books.kuras-plus.com/works/0s78cqc,"noindex,follow",false,true,false,false,,noindex,"summary・タグともになし。薄いコンテンツとして noindex,follow（既存方針）。"
/works/0s9j1i4,work,ナイツ＆マジック　７,,0,0,https://books.kuras-plus.com/works/0s9j1i4,"noindex,follow",false,true,false,false,,noindex,"summary・タグともになし。薄いコンテンツとして noindex,follow（既存方針）。"
/works/0sailzw,work,マンガで読めるマッキンゼー流「問題解決」がわかる本,,0,0,https://books.kuras-plus.com/works/0sailzw,"noindex,follow",false,true,false,false,,noindex,"summary・タグともになし。薄いコンテンツとして noindex,follow（既存方針）。"
/works/0saljmr,work,七海みなみは輝きたい 弱キャラ友崎くん外伝,,0,0,https://books.kuras-plus.com/works/0saljmr,"noindex,follow",false,true,false,false,,noindex,"summary・タグともになし。薄いコンテンツとして noindex,follow（既存方針）。"
/works/0samcws,work,ファーストラヴ,父親を殺害した美しい女子大生。彼女はなぜ凶行に及んだのか——。臨床心理士の真壁由紀は、義父の依頼で事件の真相に迫るうちに、被告人・聖山環菜の心の奥に隠された痛み,194,0,https://books.kuras-plus.com/works/0samcws,"index,follow",true,false,false,false,,index,あらすじあり。index対象。
/works/0sayiee,work,学校怪談（3）,,0,0,https://books.kuras-plus.com/works/0sayiee,"noindex,follow",false,true,false,false,,noindex,"summary・タグともになし。薄いコンテンツとして noindex,follow（既存方針）。"
/works/0se2inv,work,1984年,,0,0,https://books.kuras-plus.com/works/0se2inv,"index,follow",true,false,false,false,,strengthen,タグのみ。あらすじ追記で強化推奨。
/works/0sex3xd,work,テミスの剣,冤罪の可能性を信じて真実を追う刑事の執念を描いた、中山七里の骨太な社会派ミステリ小説。司法と人間の正義をめぐる深い問いかけと、読み応えある謎解きが重厚な読書体験,86,0,https://books.kuras-plus.com/works/0sex3xd,"index,follow",true,false,false,false,,index,あらすじあり。index対象。
/works/0siewso,work,Unnamed Memory　-after the end-III【電子特別版】,,0,0,https://books.kuras-plus.com/works/0siewso,"index,follow",true,false,false,false,,strengthen,タグのみ。あらすじ追記で強化推奨。
/works/0skn3fv,work,流浪の月,世間の常識と「普通」の価値観に収まりきれない二人の関係を描く、繊細で力強い現代小説。読者の固定観念を揺さぶりながら、愛とは何か、理解し合うとはどういうことかを深,93,0,https://books.kuras-plus.com/works/0skn3fv,"index,follow",true,false,false,false,,index,あらすじあり。index対象。
/works/0snrya4,work,ＤＥＡＲ　ＢＯＹＳ　ＡＣＴ　３（2）,,0,0,https://books.kuras-plus.com/works/0snrya4,"noindex,follow",false,true,false,false,,noindex,"summary・タグともになし。薄いコンテンツとして noindex,follow（既存方針）。"
/works/0spn95j,work,JIN-仁-,,0,0,https://books.kuras-plus.com/works/0spn95j,"noindex,follow",false,true,false,false,,noindex,"summary・タグともになし。薄いコンテンツとして noindex,follow（既存方針）。"
/works/0sq4uwk,work,コミックパーティワンダーラブラブ,,0,0,https://books.kuras-plus.com/works/0sq4uwk,"noindex,follow",false,true,false,false,,noindex,"summary・タグともになし。薄いコンテンツとして noindex,follow（既存方針）。"
/works/0sqb6d9,work,釣りキチ三平,,0,0,https://books.kuras-plus.com/works/0sqb6d9,"noindex,follow",false,true,false,false,,noindex,"summary・タグともになし。薄いコンテンツとして noindex,follow（既存方針）。"
/works/0srmh38,work,エコエコアザラク２（4）,,0,0,https://books.kuras-plus.com/works/0srmh38,"noindex,follow",false,true,false,false,,noindex,"summary・タグともになし。薄いコンテンツとして noindex,follow（既存方針）。"
/works/0ssw8vj,work,エコエコアザラク（1）,,0,0,https://books.kuras-plus.com/works/0ssw8vj,"noindex,follow",false,true,false,false,,noindex,"summary・タグともになし。薄いコンテンツとして noindex,follow（既存方針）。"
/works/0sszq6z,work,【期間限定　無料お試し版】覚悟のススメ,,0,0,https://books.kuras-plus.com/works/0sszq6z,"noindex,follow",false,true,false,false,,noindex,"summary・タグともになし。薄いコンテンツとして noindex,follow（既存方針）。"
/works/0sv7a5b,work,ポプテピピック【分冊版】　（1）,,0,0,https://books.kuras-plus.com/works/0sv7a5b,"noindex,follow",false,true,false,false,,noindex,"summary・タグともになし。薄いコンテンツとして noindex,follow（既存方針）。"
/works/0sxfr8x,work,「魔入りました！入間くん」公式アンソロジー　放課後の！入間くん,,0,0,https://books.kuras-plus.com/works/0sxfr8x,"noindex,follow",false,true,false,false,,noindex,"summary・タグともになし。薄いコンテンツとして noindex,follow（既存方針）。"
/works/0sxpztv,work,ハリガネサービス,,0,0,https://books.kuras-plus.com/works/0sxpztv,"noindex,follow",false,true,false,false,,noindex,"summary・タグともになし。薄いコンテンツとして noindex,follow（既存方針）。"
/works/0sz5nc6,work,ドラゴンクエストダイの大冒険勇者アバンと獄炎の魔王,,0,0,https://books.kuras-plus.com/works/0sz5nc6,"noindex,follow",false,true,false,false,,noindex,"summary・タグともになし。薄いコンテンツとして noindex,follow（既存方針）。"
/works/0sz79up,work,東京卍リベンジャーズ,タイムリープ能力を持つ主人公が仲間を救うためにヤンキー社会に飛び込む、熱い友情と青春を描くアクション漫画。予測不能な展開と個性的なキャラクターが織りなすドラマチ,86,0,https://books.kuras-plus.com/works/0sz79up,"index,follow",true,false,false,false,,index,あらすじあり。index対象。
/works/0szyiyf,work,マンガでわかる心理学 : 座席の端に座りたがるのは?幼いころの記憶がないのは?,,0,0,https://books.kuras-plus.com/works/0szyiyf,"noindex,follow",false,true,false,false,,noindex,"summary・タグともになし。薄いコンテンツとして noindex,follow（既存方針）。"
/works/0t1og0z,work,家族シアター,兄弟・姉妹・親子など、さまざまな家族の形をユーモアと愛情を交えて描いた連作短篇集。日常に潜む家族の機微を丁寧に掬い取り、読み終えるとじんわり温かい幸福感に包まれ,90,0,https://books.kuras-plus.com/works/0t1og0z,"index,follow",true,false,false,false,,index,あらすじあり。index対象。
/works/0t289qu,work,恐怖新聞,,0,0,https://books.kuras-plus.com/works/0t289qu,"noindex,follow",false,true,false,false,,noindex,"summary・タグともになし。薄いコンテンツとして noindex,follow（既存方針）。"
/works/0t3a3q8,work,小説の羅針盤,,0,0,https://books.kuras-plus.com/works/0t3a3q8,"index,follow",true,false,false,false,,strengthen,タグのみ。あらすじ追記で強化推奨。
/works/0t6d0oa,work,この素晴らしい世界に祝福を!,,0,0,https://books.kuras-plus.com/works/0t6d0oa,"noindex,follow",false,true,false,false,,noindex,"summary・タグともになし。薄いコンテンツとして noindex,follow（既存方針）。"
/works/0t7c398,work,カッコウの卵は誰のもの,元スキー選手の父親は、娘の驚異的な運動能力に誇りを感じながらも、ある疑惑に苦しんでいた。娘は本当に自分の子なのか。遺伝子と才能、血の繋がりと愛情——スポーツ遺伝,190,0,https://books.kuras-plus.com/works/0t7c398,"index,follow",true,false,false,false,,index,あらすじあり。index対象。
/works/0t7ymur,work,斜陽,,0,0,https://books.kuras-plus.com/works/0t7ymur,"index,follow",true,false,false,false,,strengthen,タグのみ。あらすじ追記で強化推奨。
/works/0t915g7,work,光媒の花,昆虫や植物などの自然を媒介に人間の哀愁と絆を描いた、道尾秀介の連作短編集。静謐で詩的な文体が紡ぐ、大人の胸にじんわりと染みる感動的な短編小説集。,72,0,https://books.kuras-plus.com/works/0t915g7,"index,follow",true,false,false,false,,index,あらすじあり。index対象。
/works/0t977hd,work,帯をギュッとね!,,0,0,https://books.kuras-plus.com/works/0t977hd,"noindex,follow",false,true,false,false,,noindex,"summary・タグともになし。薄いコンテンツとして noindex,follow（既存方針）。"
/works/0tcrvyd,work,折りたたみ北京 : 現代中国SFアンソロジー,ケン・リュウ編によるヒューゴー賞受賞作収録の現代中国SFアンソロジー。格差・技術・記憶など現代的テーマを独自の感性で描き、世界のSF読者を驚かせた傑作集。,77,0,https://books.kuras-plus.com/works/0tcrvyd,"index,follow",true,false,false,false,,index,あらすじあり。index対象。
/works/0tcz4bz,work,バッカーノ! : the rolling bootlegs,,0,0,https://books.kuras-plus.com/works/0tcz4bz,"index,follow",true,false,false,false,,strengthen,タグのみ。あらすじ追記で強化推奨。
/works/0tdeimw,work,徹底図解世界の宗教 : 開祖・教義・歴史から聖地や美術作品まで : カラー版,,0,0,https://books.kuras-plus.com/works/0tdeimw,"noindex,follow",false,true,false,false,,noindex,"summary・タグともになし。薄いコンテンツとして noindex,follow（既存方針）。"
/works/0tdjn23,work,ゾンビ100〜ゾンビになるまでにしたい100のこと〜,,0,0,https://books.kuras-plus.com/works/0tdjn23,"noindex,follow",false,true,false,false,,noindex,"summary・タグともになし。薄いコンテンツとして noindex,follow（既存方針）。"
/works/0tesfb5,work,ギリシャ棺の謎,若き日のエラリー・クイーンが探偵として初めて活躍する本格ミステリ。棺から消えた遺言書をめぐる複雑な謎と大胆なロジック展開が魅力で、クイーンファンなら必ず読んでお,88,0,https://books.kuras-plus.com/works/0tesfb5,"index,follow",true,false,false,false,,index,あらすじあり。index対象。
/works/0tg42ar,work,クリスティを読む! : ミステリの女王の名作入門講座,,0,0,https://books.kuras-plus.com/works/0tg42ar,"index,follow",true,false,false,false,,strengthen,タグのみ。あらすじ追記で強化推奨。
/works/0tgeeka,work,風雲児たち,,0,0,https://books.kuras-plus.com/works/0tgeeka,"noindex,follow",false,true,false,false,,noindex,"summary・タグともになし。薄いコンテンツとして noindex,follow（既存方針）。"
/works/0thb4sm,work,純情ロマンチカ　第２９巻,,0,0,https://books.kuras-plus.com/works/0thb4sm,"noindex,follow",false,true,false,false,,noindex,"summary・タグともになし。薄いコンテンツとして noindex,follow（既存方針）。"
/works/0tiimbs,work,ストライク・ザ・ブラッド,,0,0,https://books.kuras-plus.com/works/0tiimbs,"index,follow",true,false,false,false,,strengthen,タグのみ。あらすじ追記で強化推奨。
/works/0tilqd8,work,山と食欲と私,,0,0,https://books.kuras-plus.com/works/0tilqd8,"index,follow",true,false,false,false,,strengthen,タグのみ。あらすじ追記で強化推奨。
/works/0tjmbvn,work,ぼっち・ざ・ろっく！アンソロジーコミック,,0,0,https://books.kuras-plus.com/works/0tjmbvn,"noindex,follow",false,true,false,false,,noindex,"summary・タグともになし。薄いコンテンツとして noindex,follow（既存方針）。"
/works/0tkjvid,work,吉川英治　大活字本シリーズ　宮本武蔵　第7巻　 風の巻,,0,0,https://books.kuras-plus.com/works/0tkjvid,"noindex,follow",false,true,false,false,,noindex,"summary・タグともになし。薄いコンテンツとして noindex,follow（既存方針）。"
/works/0tl0otc,work,サピエンス全史,なぜホモ・サピエンスは地球を支配する唯一の人類種となったのか？認知革命・農業革命・科学革命の三つの転機から人類史を壮大に描き直す世界的ベストセラー。歴史・人類学,123,0,https://books.kuras-plus.com/works/0tl0otc,"index,follow",true,false,false,false,,index,あらすじあり。index対象。
/works/0tlaqbt,work,元気が出る介護 : モコとオヤジは奮戦中 : コミックエッセイ,,0,0,https://books.kuras-plus.com/works/0tlaqbt,"noindex,follow",false,true,false,false,,noindex,"summary・タグともになし。薄いコンテンツとして noindex,follow（既存方針）。"
/works/0tpdpym,work,スプリガン,,0,0,https://books.kuras-plus.com/works/0tpdpym,"noindex,follow",false,true,false,false,,noindex,"summary・タグともになし。薄いコンテンツとして noindex,follow（既存方針）。"
/works/0tqfcbf,work,BLマンガの表現史,,0,0,https://books.kuras-plus.com/works/0tqfcbf,"noindex,follow",false,true,false,false,,noindex,"summary・タグともになし。薄いコンテンツとして noindex,follow（既存方針）。"
/works/0ts45qz,work,人生最大の失敗,,0,0,https://books.kuras-plus.com/works/0ts45qz,"index,follow",true,false,false,false,,strengthen,タグのみ。あらすじ追記で強化推奨。
/works/0ttcw1j,work,本格MYSTERY‧永恆300,,0,0,https://books.kuras-plus.com/works/0ttcw1j,"index,follow",true,false,false,false,,strengthen,タグのみ。あらすじ追記で強化推奨。
/works/0tvf1m3,work,村上春樹『1Q84』をどう読むか,村上春樹の大作『1Q84』をめぐる多彩な論考を集めたアンソロジー。文学研究者から作家まで、さまざまな切り口で作品の深層に迫る評論集だ。二つの月が浮かぶ世界の意味,193,0,https://books.kuras-plus.com/works/0tvf1m3,"index,follow",true,false,false,false,,index,あらすじあり。index対象。
/works/0txs1jh,work,マテリアル・パズル,,0,0,https://books.kuras-plus.com/works/0txs1jh,"noindex,follow",false,true,false,false,,noindex,"summary・タグともになし。薄いコンテンツとして noindex,follow（既存方針）。"
/works/0tzb0p4,work,ドラゴンボール超,原作・鳥山明の世界観を受け継ぎ、悟空たちのさらなる冒険と強敵との戦いを描くバトル漫画。往年のファンも新規読者も楽しめる、ドラゴンボール正統続編。,72,0,https://books.kuras-plus.com/works/0tzb0p4,"index,follow",true,false,false,false,,index,あらすじあり。index対象。
/works/0u0afn7,work,マスカレード・ナイト,大晦日のカウントダウンパーティーに殺人犯が現れる——一通の密告状がホテル・コルテシア東京を緊張に包む。仮面舞踏会の夜、すべての客がマスクで素顔を隠す中、潜入捜査,192,0,https://books.kuras-plus.com/works/0u0afn7,"index,follow",true,false,false,false,,index,あらすじあり。index対象。
/works/0u1dbhe,work,おやすみラフマニノフ,大学オーケストラを舞台に起きる事件と演奏の感動を描いた音楽ミステリ小説。クラシック音楽の世界を生き生きと描きながら、緻密に構成されたミステリが並走する中山七里の,84,0,https://books.kuras-plus.com/works/0u1dbhe,"index,follow",true,false,false,false,,index,あらすじあり。index対象。
/works/0u1uh17,work,最恐ホラー呪われた怪談ファイル迫る悪霊 : 恐怖マンガ,,0,0,https://books.kuras-plus.com/works/0u1uh17,"noindex,follow",false,true,false,false,,noindex,"summary・タグともになし。薄いコンテンツとして noindex,follow（既存方針）。"
/works/0u3glk6,work,ヘタな人生論より藤沢周平,,0,0,https://books.kuras-plus.com/works/0u3glk6,"index,follow",true,false,false,false,,strengthen,タグのみ。あらすじ追記で強化推奨。
/works/0u48s1s,work,無職転生 ～異世界行ったら本気だす～,34歳無職のニートが交通事故で死に、異世界で赤ん坊として転生。前世の記憶と後悔を糧に、今度こそ本気で人生をやり直す。「なろう系」の原点的作品であり、主人公の成長,140,0,https://books.kuras-plus.com/works/0u48s1s,"index,follow",true,false,false,false,,index,あらすじあり。index対象。
/works/0u4sjpx,work,サザエさん,,0,0,https://books.kuras-plus.com/works/0u4sjpx,"noindex,follow",false,true,false,false,,noindex,"summary・タグともになし。薄いコンテンツとして noindex,follow（既存方針）。"
/works/0u50yf8,work,彼方のアストラ,宇宙で遭難した少年少女たちが地球を目指す宇宙サバイバルSF漫画。綿密に組み立てられた謎とサスペンス、仲間との絆が一気読みを誘う傑作で、SF好きや謎解き漫画ファン,86,0,https://books.kuras-plus.com/works/0u50yf8,"index,follow",true,false,false,false,,index,あらすじあり。index対象。
/works/0u6f0xl,work,デビルマン,悪魔と人間の融合したデビルマンが人類と悪魔の戦いに挑む永井豪の伝説的ダークヒーロー漫画。70年代の衝撃作として漫画史に刻まれた名作で、ダークなヒーロー物語やオリ,99,0,https://books.kuras-plus.com/works/0u6f0xl,"index,follow",true,false,false,false,,index,あらすじあり。index対象。
/works/0u6ruh5,work,キングダム,中国の春秋戦国時代を舞台に、天下の大将軍を目指す少年・信の成長を描く歴史大河漫画。圧倒的なスケールの戦略・戦術と、熱い仲間との絆が読者を引き込む、長期連載の大人,86,0,https://books.kuras-plus.com/works/0u6ruh5,"index,follow",true,false,false,false,,index,あらすじあり。index対象。
/works/0u92wm5,work,マンガでわかるフーリエ解析,,0,0,https://books.kuras-plus.com/works/0u92wm5,"noindex,follow",false,true,false,false,,noindex,"summary・タグともになし。薄いコンテンツとして noindex,follow（既存方針）。"
/works/0ub9wpx,work,終末のハーレム,人類の99%が滅亡した世界を舞台にしたSFサバイバル漫画。極限状態の世界での人間ドラマが描かれ、独特の世界観を楽しみたいSFファンに向いた刺激的なエンターテイン,86,0,https://books.kuras-plus.com/works/0ub9wpx,"index,follow",true,false,false,false,,index,あらすじあり。index対象。
/works/0ubkj8k,work,殺人者たちの王,,0,0,https://books.kuras-plus.com/works/0ubkj8k,"index,follow",true,false,false,false,,strengthen,タグのみ。あらすじ追記で強化推奨。
/works/0ubuq3w,work,東京卍リベンジャーズキャラクターブック.,,0,0,https://books.kuras-plus.com/works/0ubuq3w,"noindex,follow",false,true,false,false,,noindex,"summary・タグともになし。薄いコンテンツとして noindex,follow（既存方針）。"
/works/0uc5ubr,work,王とサーカス,ネパールを舞台にフリーライターが謎の殺人事件を追うミステリ小説。報道とは何か、真実を伝えることの意義を問う骨太なテーマと、見事な謎解きが融合した米澤穂信の代表的,89,0,https://books.kuras-plus.com/works/0uc5ubr,"index,follow",true,false,false,false,,index,あらすじあり。index対象。
/works/0uctuww,work,潮騒,,0,0,https://books.kuras-plus.com/works/0uctuww,"index,follow",true,false,false,false,,strengthen,タグのみ。あらすじ追記で強化推奨。
/works/0uh6oz5,work,To LOVEる―とらぶる― カラー版,,0,0,https://books.kuras-plus.com/works/0uh6oz5,"noindex,follow",false,true,false,false,,noindex,"summary・タグともになし。薄いコンテンツとして noindex,follow（既存方針）。"
/works/0uhgep7,work,柔道部物語,,0,0,https://books.kuras-plus.com/works/0uhgep7,"noindex,follow",false,true,false,false,,noindex,"summary・タグともになし。薄いコンテンツとして noindex,follow（既存方針）。"
/works/0uj5hwe,work,ありふれた職業で世界最強,,0,0,https://books.kuras-plus.com/works/0uj5hwe,"noindex,follow",false,true,false,false,,noindex,"summary・タグともになし。薄いコンテンツとして noindex,follow（既存方針）。"
/works/0ujf4ap,work,怪盗うみねこの事件簿,海を舞台に暗躍する怪盗うみねこが奇妙な依頼と謎に挑む、軽快でユーモアあふれる連作ミステリ。本格推理の醍醐味と明るい読後感を兼ね備えた、幅広い読者に薦めたい一冊。,80,0,https://books.kuras-plus.com/works/0ujf4ap,"index,follow",true,false,false,false,,index,あらすじあり。index対象。
/works/0ukbmth,work,カラダ探し,,0,0,https://books.kuras-plus.com/works/0ukbmth,"noindex,follow",false,true,false,false,,noindex,"summary・タグともになし。薄いコンテンツとして noindex,follow（既存方針）。"
/works/0umqr8d,work,ロシア紅茶の謎,名探偵・火村英生と作家アリスのコンビが活躍する短編ミステリ集。様々な謎を鮮やかに解く安定した本格推理が楽しめる、作家アリスシリーズの人気短編集の一つ。,75,0,https://books.kuras-plus.com/works/0umqr8d,"index,follow",true,false,false,false,,index,あらすじあり。index対象。
/works/0uobrvu,work,賢者の孫,,0,0,https://books.kuras-plus.com/works/0uobrvu,"noindex,follow",false,true,false,false,,noindex,"summary・タグともになし。薄いコンテンツとして noindex,follow（既存方針）。"
/works/0up3s3l,work,封神大全,,0,0,https://books.kuras-plus.com/works/0up3s3l,"noindex,follow",false,true,false,false,,noindex,"summary・タグともになし。薄いコンテンツとして noindex,follow（既存方針）。"
/works/0up6xx8,work,テルマエ・ロマエ,,0,0,https://books.kuras-plus.com/works/0up6xx8,"noindex,follow",false,true,false,false,,noindex,"summary・タグともになし。薄いコンテンツとして noindex,follow（既存方針）。"
/works/0upa2xx,work,マネジメント エッセンシャル版,経営学の父ドラッカーが「マネジメント」の本質を凝縮したエッセンシャル版。組織の成果を最大化するために必要な考え方と実践を体系的にまとめた経営書の古典。ビジネスパ,124,0,https://books.kuras-plus.com/works/0upa2xx,"index,follow",true,false,false,false,,index,あらすじあり。index対象。
/works/0uq8tif,work,実例　大人の基本　手紙書き方大全,冠婚葬祭から日常の挨拶まで、あらゆるシーンの手紙の書き方を豊富な実例で解説する実用書。大人のマナーと日本語の美しい表現を学べる、社会人として一冊持っておきたい実,90,0,https://books.kuras-plus.com/works/0uq8tif,"index,follow",true,false,false,false,,index,あらすじあり。index対象。
/works/0ur1jc5,work,神様のカルテ,,0,0,https://books.kuras-plus.com/works/0ur1jc5,"index,follow",true,false,false,false,,strengthen,タグのみ。あらすじ追記で強化推奨。
/works/0urdlc7,work,Dragon Quest(ドラゴン・クエスト)ダイの大冒険,,0,0,https://books.kuras-plus.com/works/0urdlc7,"noindex,follow",false,true,false,false,,noindex,"summary・タグともになし。薄いコンテンツとして noindex,follow（既存方針）。"
/works/0urmym8,work,６０年代日本ＳＦベスト集成,,0,0,https://books.kuras-plus.com/works/0urmym8,"index,follow",true,false,false,false,,strengthen,タグのみ。あらすじ追記で強化推奨。
/works/0us3wk9,work,小説言の葉の庭,,0,0,https://books.kuras-plus.com/works/0us3wk9,"index,follow",true,false,false,false,,strengthen,タグのみ。あらすじ追記で強化推奨。
/works/0usgbs2,work,美少女戦士セーラームーン,,0,0,https://books.kuras-plus.com/works/0usgbs2,"noindex,follow",false,true,false,false,,noindex,"summary・タグともになし。薄いコンテンツとして noindex,follow（既存方針）。"
/works/0uskxm6,work,百鬼夜行抄（26）,,0,0,https://books.kuras-plus.com/works/0uskxm6,"noindex,follow",false,true,false,false,,noindex,"summary・タグともになし。薄いコンテンツとして noindex,follow（既存方針）。"
/works/0usqi2v,work,【期間限定　無料お試し版】ヨルムンガンド,,0,0,https://books.kuras-plus.com/works/0usqi2v,"noindex,follow",false,true,false,false,,noindex,"summary・タグともになし。薄いコンテンツとして noindex,follow（既存方針）。"
/works/0usqo32,work,へうげもの,,0,0,https://books.kuras-plus.com/works/0usqo32,"noindex,follow",false,true,false,false,,noindex,"summary・タグともになし。薄いコンテンツとして noindex,follow（既存方針）。"
/works/0uugzvb,work,スペース・オペラの書き方 : 宇宙SF冒険大活劇への試み,「SFは絵だ！」の名言で知られる野田昌宏が、スペース・オペラへの熱き愛を語り尽くした伝説的著作。宇宙を駆けるヒーロー、異星の冒険、銀河帝国の興亡——壮大な物語を,208,0,https://books.kuras-plus.com/works/0uugzvb,"index,follow",true,false,false,false,,index,あらすじあり。index対象。
/works/0uvcs4z,work,四畳半シリーズ【２冊合本版】 『四畳半神話大系』 『四畳半タイムマシンブルース』,京都の古びた四畳半アパートに暮らす、自意識過剰で怠惰な大学三回生「私」。薔薇色のキャンパスライフを夢見ながらも、悪友・小津に振り回され、黒髪の乙女に恋い焦がれる,182,0,https://books.kuras-plus.com/works/0uvcs4z,"index,follow",true,false,false,false,,index,あらすじあり。index対象。
/works/0v03uxm,work,あひるの空,,0,0,https://books.kuras-plus.com/works/0v03uxm,"noindex,follow",false,true,false,false,,noindex,"summary・タグともになし。薄いコンテンツとして noindex,follow（既存方針）。"
/works/0v0ef5l,work,コブラ,,0,0,https://books.kuras-plus.com/works/0v0ef5l,"noindex,follow",false,true,false,false,,noindex,"summary・タグともになし。薄いコンテンツとして noindex,follow（既存方針）。"
/works/0v1nyur,work,食キング,,0,0,https://books.kuras-plus.com/works/0v1nyur,"noindex,follow",false,true,false,false,,noindex,"summary・タグともになし。薄いコンテンツとして noindex,follow（既存方針）。"
/works/0v57q95,work,夏目アラタの結婚,,0,0,https://books.kuras-plus.com/works/0v57q95,"noindex,follow",false,true,false,false,,noindex,"summary・タグともになし。薄いコンテンツとして noindex,follow（既存方針）。"
/works/0v5mgf2,work,こころ,「先生」と呼ばれる孤独な知識人と、彼を慕う青年「私」。鎌倉の海辺から始まる二人の交流は、やがて先生の過去——親友Kとの悲劇的な関係へとたどり着く。明治の終焉とと,190,0,https://books.kuras-plus.com/works/0v5mgf2,"index,follow",true,false,false,false,,index,あらすじあり。index対象。
/works/0v63sdv,work,超動く家にて,,0,0,https://books.kuras-plus.com/works/0v63sdv,"index,follow",true,false,false,false,,strengthen,タグのみ。あらすじ追記で強化推奨。
/works/0v8835w,work,干物妹！うまるちゃん,,0,0,https://books.kuras-plus.com/works/0v8835w,"noindex,follow",false,true,false,false,,noindex,"summary・タグともになし。薄いコンテンツとして noindex,follow（既存方針）。"
/works/0v9s8n4,work,春来峠,,0,0,https://books.kuras-plus.com/works/0v9s8n4,"noindex,follow",false,true,false,false,,noindex,"summary・タグともになし。薄いコンテンツとして noindex,follow（既存方針）。"
/works/0vam5qj,work,陰の実力者になりたくて!,,0,0,https://books.kuras-plus.com/works/0vam5qj,"noindex,follow",false,true,false,false,,noindex,"summary・タグともになし。薄いコンテンツとして noindex,follow（既存方針）。"
/works/0vc26c0,work,シャーロック・ホームズの帰還,「最後の事件」後に復活したホームズが再び活躍する短編集。謎の多い空白期間を経て戻った名探偵が次々と難事件を鮮やかに解決する、シリーズファンに喜ばれる待望の復活作,81,0,https://books.kuras-plus.com/works/0vc26c0,"index,follow",true,false,false,false,,index,あらすじあり。index対象。
/works/0vdbxdj,work,SKET DANCE モノクロ版,学校内で何でも屋を営む3人組・SKETダンスの活躍を描く青春ギャグ漫画。笑いあり涙ありの感動エピソードが詰まった、少年ジャンプを代表する学園コメディ。,75,0,https://books.kuras-plus.com/works/0vdbxdj,"index,follow",true,false,false,false,,index,あらすじあり。index対象。
/works/0ve6tej,work,ようこそ実力至上主義の教室へ.,,0,0,https://books.kuras-plus.com/works/0ve6tej,"noindex,follow",false,true,false,false,,noindex,"summary・タグともになし。薄いコンテンツとして noindex,follow（既存方針）。"
/works/0vemvun,work,アヒルと鴨のコインロッカー,引越したばかりの大学生が不思議な隣人に出会い、奇妙な事件に巻き込まれる青春ミステリー。軽快な文体と巧みな構成で、読み終えた後に景色が一変する体験をもたらす伊坂幸,86,0,https://books.kuras-plus.com/works/0vemvun,"index,follow",true,false,false,false,,index,あらすじあり。index対象。
/works/0vfvqof,work,百鬼夜行抄（27）,,0,0,https://books.kuras-plus.com/works/0vfvqof,"noindex,follow",false,true,false,false,,noindex,"summary・タグともになし。薄いコンテンツとして noindex,follow（既存方針）。"
/works/0vfxsd0,work,カジュアルワイド三国志,,0,0,https://books.kuras-plus.com/works/0vfxsd0,"noindex,follow",false,true,false,false,,noindex,"summary・タグともになし。薄いコンテンツとして noindex,follow（既存方針）。"
/works/0vg9a3l,work,BASTARD!!,封印を解かれた邪悪な魔道師が世界を守るために戦う重厚なダークファンタジー漫画。圧倒的な画力と唯一無二の世界観、ロックな雰囲気が魅力で、ハードなファンタジーを好む,92,0,https://books.kuras-plus.com/works/0vg9a3l,"index,follow",true,false,false,false,,index,あらすじあり。index対象。
/works/0vglb3m,work,君と宇宙を歩くために,不思議な感性を持つ少年と高校生の交流を描いたハートフル漫画。異なるバックグラウンドを持つ二人が少しずつ理解し合っていく過程が温かく、人との繋がりを感じたい読者に,87,0,https://books.kuras-plus.com/works/0vglb3m,"index,follow",true,false,false,false,,index,あらすじあり。index対象。
/works/0vi37th,work,窓辺の風 : 宮城谷昌光文学と半生,,0,0,https://books.kuras-plus.com/works/0vi37th,"index,follow",true,false,false,false,,strengthen,タグのみ。あらすじ追記で強化推奨。
/works/0vio89e,work,ちいかわ　なんか小さくてかわいいやつ,,0,0,https://books.kuras-plus.com/works/0vio89e,"noindex,follow",false,true,false,false,,noindex,"summary・タグともになし。薄いコンテンツとして noindex,follow（既存方針）。"
/works/0vir79y,work,異世界ワンターンキル姉さん = Isekai One turn Kill Ne-san : 姉同伴の異世界生活はじめました.,,0,0,https://books.kuras-plus.com/works/0vir79y,"noindex,follow",false,true,false,false,,noindex,"summary・タグともになし。薄いコンテンツとして noindex,follow（既存方針）。"
/works/0vj3lsx,work,ブルーロック－ＥＰＩＳＯＤＥ　凪－,,0,0,https://books.kuras-plus.com/works/0vj3lsx,"noindex,follow",false,true,false,false,,noindex,"summary・タグともになし。薄いコンテンツとして noindex,follow（既存方針）。"
/works/0vjh65c,work,ポプテピピック SEASON FIVE【分冊版】,,0,0,https://books.kuras-plus.com/works/0vjh65c,"noindex,follow",false,true,false,false,,noindex,"summary・タグともになし。薄いコンテンツとして noindex,follow（既存方針）。"
/works/0vjhdtp,work,ノラガミ,無名の神様とその神器たちの活躍を描く和風ファンタジーアクション漫画。人間世界と神の世界が交差するユニークな設定と、キャラクターたちの感情豊かなドラマが人気の少女,87,0,https://books.kuras-plus.com/works/0vjhdtp,"index,follow",true,false,false,false,,index,あらすじあり。index対象。
/works/0vkx1j3,work,星の王子さま,小惑星を旅する王子さまが地球で飛行士と出会う、世界中で愛される名作童話。子ども向けの物語でありながら、大人になるほど深く響く「大切なものは目に見えない」という普,92,0,https://books.kuras-plus.com/works/0vkx1j3,"index,follow",true,false,false,false,,index,あらすじあり。index対象。
/works/0vn0v9g,work,現代日本科学技術者大事典 第1巻 (あ～お),,0,0,https://books.kuras-plus.com/works/0vn0v9g,"noindex,follow",false,true,false,false,,noindex,"summary・タグともになし。薄いコンテンツとして noindex,follow（既存方針）。"
/works/0vor2rn,work,村上春樹小説案内 : 全長編の愉しみ方,『風の歌を聴け』から最新作まで、村上春樹の全長編小説を一作ずつ丁寧に読み解くガイドブック。平居謙が各作品のテーマ、構造、象徴を明快に解説し、一人で読んでいては気,210,0,https://books.kuras-plus.com/works/0vor2rn,"index,follow",true,false,false,false,,index,あらすじあり。index対象。
/works/0vqri57,work,アクセル・ワールド = accel world.,,0,0,https://books.kuras-plus.com/works/0vqri57,"noindex,follow",false,true,false,false,,noindex,"summary・タグともになし。薄いコンテンツとして noindex,follow（既存方針）。"
/works/0vr3djf,work,推し、燃ゆ,推しが炎上した。アイドル・上野真幸を「解釈」することに人生のすべてを捧げてきた女子高生・あかりにとって、それは世界の崩壊を意味していた。学校にも家庭にも居場所を,183,0,https://books.kuras-plus.com/works/0vr3djf,"index,follow",true,false,false,false,,index,あらすじあり。index対象。
/works/0vruux9,work,食糧人類－Ｓｔａｒｖｉｎｇ　Ａｎｏｎｙｍｏｕｓ－,人類が家畜として扱われる衝撃的な世界を描くダークSFサスペンス漫画。グロテスクな設定の裏に潜む人類への深い問いかけと、息をつかせぬスリリングな展開が読者を引き込,82,0,https://books.kuras-plus.com/works/0vruux9,"index,follow",true,false,false,false,,index,あらすじあり。index対象。
/works/0vsgdmk,work,レズってAVとか百合マンガみたいな世界じゃございません,,0,0,https://books.kuras-plus.com/works/0vsgdmk,"noindex,follow",false,true,false,false,,noindex,"summary・タグともになし。薄いコンテンツとして noindex,follow（既存方針）。"
/works/0vtbr5c,work,ミステリと言う勿れ = Do not say mystery.,,0,0,https://books.kuras-plus.com/works/0vtbr5c,"noindex,follow",false,true,false,false,,noindex,"summary・タグともになし。薄いコンテンツとして noindex,follow（既存方針）。"
/works/0vtd16p,work,十角館の殺人,孤島に建つ十角形の奇妙な館で、大学ミステリ研のメンバーが次々と殺されていく。綾辻行人のデビュー作であり、「新本格ミステリー」ムーブメントの起爆剤となった記念碑的,133,0,https://books.kuras-plus.com/works/0vtd16p,"index,follow",true,false,false,false,,index,あらすじあり。index対象。
/works/0vvfatn,work,PPPPPP,音楽の才能を持つ六つ子の家族の中で育った少年の葛藤と成長を描く音楽バトル漫画。天才たちの競い合いと独自の音楽描写が光る、ジャンプの新感覚音楽漫画。,73,0,https://books.kuras-plus.com/works/0vvfatn,"index,follow",true,false,false,false,,index,あらすじあり。index対象。
/works/0vy23j2,work,ジョーカー・ゲーム,戦前の日本で秘密諜報機関「D機関」のスパイたちが活躍するスパイ小説シリーズ。知略と心理戦、スパイの美学を描いた柳広司の代表作で、直木賞候補・山本周五郎賞受賞の傑,82,0,https://books.kuras-plus.com/works/0vy23j2,"index,follow",true,false,false,false,,index,あらすじあり。index対象。
/works/0vywcj4,work,小説集　真田幸村,,0,0,https://books.kuras-plus.com/works/0vywcj4,"index,follow",true,false,false,false,,strengthen,タグのみ。あらすじ追記で強化推奨。
/works/0vz9nvj,work,マルドゥック・スクランブル,,0,0,https://books.kuras-plus.com/works/0vz9nvj,"index,follow",true,false,false,false,,strengthen,タグのみ。あらすじ追記で強化推奨。
/works/0w01wf4,work,三体〔コミック版〕,,0,0,https://books.kuras-plus.com/works/0w01wf4,"noindex,follow",false,true,false,false,,noindex,"summary・タグともになし。薄いコンテンツとして noindex,follow（既存方針）。"
/works/0w0v2za,work,アイスヘッドギル,氷を操る能力を持つ主人公が活躍するバトル漫画。独特のバトルシステムと世界観を持ち、個性的なキャラクター同士の熱い戦いが展開するアクション作品。,71,0,https://books.kuras-plus.com/works/0w0v2za,"index,follow",true,false,false,false,,index,あらすじあり。index対象。
/works/0w0vijy,work,YAWARA！ 完全版 デジタル Ver.,柔道の天才少女が夢と恋と競技の間で葛藤する青春スポーツ漫画の名作。浦沢直樹の緻密な人間描写とスポーツの興奮が融合した傑作で、柔道ファンはもちろん幅広い読者に支持,89,0,https://books.kuras-plus.com/works/0w0vijy,"index,follow",true,false,false,false,,index,あらすじあり。index対象。
/works/0w0wtol,work,チートスキル『支配』を使って異世界ハーレム！　（1）,,0,0,https://books.kuras-plus.com/works/0w0wtol,"noindex,follow",false,true,false,false,,noindex,"summary・タグともになし。薄いコンテンツとして noindex,follow（既存方針）。"
/works/0w0zmuy,work,バクマン。,,0,0,https://books.kuras-plus.com/works/0w0zmuy,"noindex,follow",false,true,false,false,,noindex,"summary・タグともになし。薄いコンテンツとして noindex,follow（既存方針）。"
/works/0w1c4n8,work,吉川英治　大活字本シリーズ　宮本武蔵　第3巻 火の巻,,0,0,https://books.kuras-plus.com/works/0w1c4n8,"noindex,follow",false,true,false,false,,noindex,"summary・タグともになし。薄いコンテンツとして noindex,follow（既存方針）。"
/works/0w312vc,work,チートスキル『支配』を使って異世界ハーレム！　（4）,,0,0,https://books.kuras-plus.com/works/0w312vc,"noindex,follow",false,true,false,false,,noindex,"summary・タグともになし。薄いコンテンツとして noindex,follow（既存方針）。"
/works/0w36jqo,work,百鬼夜行抄（28）,,0,0,https://books.kuras-plus.com/works/0w36jqo,"noindex,follow",false,true,false,false,,noindex,"summary・タグともになし。薄いコンテンツとして noindex,follow（既存方針）。"
/works/0w3a96c,work,変身,ある朝目覚めると巨大な虫に変身していたセールスマン・グレゴール。家族から疎まれ孤立していく彼の姿は、現代社会の疎外と孤独を鋭く象徴する。フランツ・カフカの代表作,129,0,https://books.kuras-plus.com/works/0w3a96c,"index,follow",true,false,false,false,,index,あらすじあり。index対象。
/works/0w3cz2w,work,学研の日本文学 谷崎潤一郎,,0,0,https://books.kuras-plus.com/works/0w3cz2w,"index,follow",true,false,false,false,,strengthen,タグのみ。あらすじ追記で強化推奨。
/works/0w3u2ho,work,恋愛フロップス = LOVE FLOPS,,0,0,https://books.kuras-plus.com/works/0w3u2ho,"noindex,follow",false,true,false,false,,noindex,"summary・タグともになし。薄いコンテンツとして noindex,follow（既存方針）。"
/works/0w5d5r1,work,コミック東野圭吾ミステリー : 白銀ジャック,,0,0,https://books.kuras-plus.com/works/0w5d5r1,"noindex,follow",false,true,false,false,,noindex,"summary・タグともになし。薄いコンテンツとして noindex,follow（既存方針）。"
/works/0w5u0er,work,ハクメイとミコチ,,0,0,https://books.kuras-plus.com/works/0w5u0er,"noindex,follow",false,true,false,false,,noindex,"summary・タグともになし。薄いコンテンツとして noindex,follow（既存方針）。"
/works/0w6d41j,work,日常,「日常」なのに何かがおかしい、独特のシュール感が中毒性抜群,29,0,https://books.kuras-plus.com/works/0w6d41j,"index,follow",true,false,false,false,,index,あらすじあり。index対象。
/works/0w8wdw1,work,三体. 3[下],劉慈欣によるSF超大作「三体」三部作の完結編・下巻。宇宙規模の壮大な物語が衝撃的な結末へと向かう。人類の未来と宇宙の真実に正面から挑むSFの金字塔。,74,0,https://books.kuras-plus.com/works/0w8wdw1,"index,follow",true,false,false,false,,index,あらすじあり。index対象。
/works/0w96pc2,work,CLAMP PREMIUM COLLECTION 魔法騎士レイアース2,,0,0,https://books.kuras-plus.com/works/0w96pc2,"noindex,follow",false,true,false,false,,noindex,"summary・タグともになし。薄いコンテンツとして noindex,follow（既存方針）。"
/works/0w9bac3,work,しあわせは食べて寝て待て,,0,0,https://books.kuras-plus.com/works/0w9bac3,"noindex,follow",false,true,false,false,,noindex,"summary・タグともになし。薄いコンテンツとして noindex,follow（既存方針）。"
/works/0wafq68,work,かがみの孤城,学校に居場所を失った七人の中学生が、光る鏡を通じて不思議な城へと導かれる。そこで出会った彼らは、城に隠された鍵を探しながら少しずつ心を開いていく。辻村深月が紡ぐ,194,0,https://books.kuras-plus.com/works/0wafq68,"index,follow",true,false,false,false,,index,あらすじあり。index対象。
/works/0wbdbe5,work,フルーツバスケット another,,0,0,https://books.kuras-plus.com/works/0wbdbe5,"noindex,follow",false,true,false,false,,noindex,"summary・タグともになし。薄いコンテンツとして noindex,follow（既存方針）。"
/works/0wd2v8l,work,ガチ恋BLコミックアンソロジー,,0,0,https://books.kuras-plus.com/works/0wd2v8l,"noindex,follow",false,true,false,false,,noindex,"summary・タグともになし。薄いコンテンツとして noindex,follow（既存方針）。"
/works/0wegimo,work,DETECTIVE X CASE FILE #1　御仏の殺人,道尾秀介が挑んだ謎解き参加型ミステリ。仕掛けに満ちた実験的な構成で、読者自身が探偵として真実に迫る体験ができる。本格ミステリ好きに刺さる意欲作。,72,0,https://books.kuras-plus.com/works/0wegimo,"index,follow",true,false,false,false,,index,あらすじあり。index対象。
/works/0wg8uif,work,異能バトルは日常系のなかで,ある日突然、文芸部の五人が超能力に目覚めた。しかし使い道は特になく、日常はゆるやかに続いていく——。異能バトルものの設定を借りながら、その実態は心地よい日常系ラ,199,0,https://books.kuras-plus.com/works/0wg8uif,"index,follow",true,false,false,false,,index,あらすじあり。index対象。
/works/0wggl2p,work,墜落JKと廃人教師,引きこもりの女子高生と廃人気味の教師がゆっくりと前を向いていく過程を描いたヒューマン漫画。ぶっきらぼうなやり取りの中に宿る温かさが読者の心を動かす、じっくり楽し,86,0,https://books.kuras-plus.com/works/0wggl2p,"index,follow",true,false,false,false,,index,あらすじあり。index対象。
/works/0wk2z32,work,航路を守れ : バンガードとインデックス革命の物語,インデックス投資の父・ジョン・ボーグルがバンガードを創設し、投資の民主化を実現するまでを描いたノンフィクション。長期投資の哲学と信念を学びたい人に必読の一冊。,79,0,https://books.kuras-plus.com/works/0wk2z32,"index,follow",true,false,false,false,,index,あらすじあり。index対象。
/works/0wkbv0i,work,マンガでわかるナースの統計学 : データの見方から説得力ある発表資料の作成まで,,0,0,https://books.kuras-plus.com/works/0wkbv0i,"noindex,follow",false,true,false,false,,noindex,"summary・タグともになし。薄いコンテンツとして noindex,follow（既存方針）。"
/works/0wkprk1,work,むらさきのスカートの女,近所に住む「むらさきのスカートの女」が気になって仕方がない「わたし」。彼女と友達になりたい一心で、同じ職場に誘導し、観察を続ける。だが語り手の「わたし」自身の姿,188,0,https://books.kuras-plus.com/works/0wkprk1,"index,follow",true,false,false,false,,index,あらすじあり。index対象。
/works/0wn0olt,work,リングにかけろ,,0,0,https://books.kuras-plus.com/works/0wn0olt,"noindex,follow",false,true,false,false,,noindex,"summary・タグともになし。薄いコンテンツとして noindex,follow（既存方針）。"
/works/0wo8uez,work,ようこそ実力至上主義の教室へ,進学率・就職率100%を誇る名門校の裏に隠された実力至上主義のシステム。底辺クラスに配属された主人公・綾小路清隆が、その正体を隠しながら学校の闘争を制していく。,127,0,https://books.kuras-plus.com/works/0wo8uez,"index,follow",true,false,false,false,,index,あらすじあり。index対象。
/works/0wom3h5,work,カササギ殺人事件　上,編集者スーザンが読んでいたのは、人気作家の最新ミステリー原稿。英国の小村で起きた殺人事件を描くその物語は、アガサ・クリスティーへの愛に満ちた正統派推理小説だった,183,0,https://books.kuras-plus.com/works/0wom3h5,"index,follow",true,false,false,false,,index,あらすじあり。index対象。
/works/0wowggi,work,夢をかなえるゾウ,ダメなサラリーマンの前に関西弁を喋るゾウの神様・ガネーシャが現れ、毎日一つずつ「課題」を出していく。水野敬也による累計400万部超の大ベストセラー自己啓発小説。,137,0,https://books.kuras-plus.com/works/0wowggi,"index,follow",true,false,false,false,,index,あらすじあり。index対象。
/works/0wpuobc,work,ベルサイユのばら,,0,0,https://books.kuras-plus.com/works/0wpuobc,"noindex,follow",false,true,false,false,,noindex,"summary・タグともになし。薄いコンテンツとして noindex,follow（既存方針）。"
/works/0wqa8gq,work,ポーの一族,,0,0,https://books.kuras-plus.com/works/0wqa8gq,"noindex,follow",false,true,false,false,,noindex,"summary・タグともになし。薄いコンテンツとして noindex,follow（既存方針）。"
/works/0wqiseh,work,ありふれた職業で世界最強 零,,0,0,https://books.kuras-plus.com/works/0wqiseh,"noindex,follow",false,true,false,false,,noindex,"summary・タグともになし。薄いコンテンツとして noindex,follow（既存方針）。"
/works/0wreigp,work,文蔵 2013．11,,0,0,https://books.kuras-plus.com/works/0wreigp,"index,follow",true,false,false,false,,strengthen,タグのみ。あらすじ追記で強化推奨。
/works/0wrimd4,work,Re:ゼロから始める異世界生活,異世界に召喚された引きこもり少年スバルが、死に戻りの能力だけを武器に絶望的な運命に何度も立ち向かう。長月達尊が「小説家になろう」発で大ヒットさせたダークファンタ,140,0,https://books.kuras-plus.com/works/0wrimd4,"index,follow",true,false,false,false,,index,あらすじあり。index対象。
/works/0wty2vi,work,陰陽師,,0,0,https://books.kuras-plus.com/works/0wty2vi,"noindex,follow",false,true,false,false,,noindex,"summary・タグともになし。薄いコンテンツとして noindex,follow（既存方針）。"
/works/0wvyrj2,work,マンガでわかる食べてうつぬけ鉄欠乏女子(テケジョ)救出ガイド,,0,0,https://books.kuras-plus.com/works/0wvyrj2,"noindex,follow",false,true,false,false,,noindex,"summary・タグともになし。薄いコンテンツとして noindex,follow（既存方針）。"
/works/0ww1vkn,work,六三四の剣,,0,0,https://books.kuras-plus.com/works/0ww1vkn,"noindex,follow",false,true,false,false,,noindex,"summary・タグともになし。薄いコンテンツとして noindex,follow（既存方針）。"
/works/0ww23g7,work,アオアシ.,,0,0,https://books.kuras-plus.com/works/0ww23g7,"index,follow",true,false,false,false,,strengthen,タグのみ。あらすじ追記で強化推奨。
/works/0ww89e1,work,標的は花嫁衣裳,赤川次郎ならではのスピーディーな展開と軽妙なユーモアが光るサスペンス。花嫁衣裳をめぐる奇妙な事件が巻き起こす騒動を、テンポよく楽しめるエンタメ作品。,74,0,https://books.kuras-plus.com/works/0ww89e1,"index,follow",true,false,false,false,,index,あらすじあり。index対象。
/works/0wxe3e9,work,日の名残り,,0,0,https://books.kuras-plus.com/works/0wxe3e9,"noindex,follow",false,true,false,false,,noindex,"summary・タグともになし。薄いコンテンツとして noindex,follow（既存方針）。"
/works/0wxwwnk,work,たべあるキングが選んだ！東京トレンドグルメ,食通集団「たべあるキング」のメンバーが厳選した、東京の最旬グルメスポットを一挙紹介。話題の新店から知る人ぞ知る名店まで、実際に食べ歩いたプロの舌が保証する味ばか,180,0,https://books.kuras-plus.com/works/0wxwwnk,"index,follow",true,false,false,false,,index,あらすじあり。index対象。
/works/0wy47e2,work,成瀬は天下を取りにいく,滋賀県を舞台に自分だけのルールで生きる個性的な少女・成瀬あかりの痛快な青春を描く小説。自由奔放でまっすぐな主人公に思わず笑いながらも元気をもらえる、爽快感抜群の,87,0,https://books.kuras-plus.com/works/0wy47e2,"index,follow",true,false,false,false,,index,あらすじあり。index対象。
/works/0wzxsoe,work,放課後ていぼう日誌,,0,0,https://books.kuras-plus.com/works/0wzxsoe,"noindex,follow",false,true,false,false,,noindex,"summary・タグともになし。薄いコンテンツとして noindex,follow（既存方針）。"
/works/0x00weg,work,魔王学院の不適合者,,0,0,https://books.kuras-plus.com/works/0x00weg,"noindex,follow",false,true,false,false,,noindex,"summary・タグともになし。薄いコンテンツとして noindex,follow（既存方針）。"
/works/0x2ht0x,work,軍鶏,,0,0,https://books.kuras-plus.com/works/0x2ht0x,"noindex,follow",false,true,false,false,,noindex,"summary・タグともになし。薄いコンテンツとして noindex,follow（既存方針）。"
/works/0x2ity7,work,文章表現法 : 五つの法則による十の方策,,0,0,https://books.kuras-plus.com/works/0x2ity7,"index,follow",true,false,false,false,,strengthen,タグのみ。あらすじ追記で強化推奨。
/works/0x2xu52,work,七つのカップ : 現代ホラー小説傑作集,,0,0,https://books.kuras-plus.com/works/0x2xu52,"index,follow",true,false,false,false,,strengthen,タグのみ。あらすじ追記で強化推奨。
/works/0x4kfve,work,浦安鉄筋家族（3）,,0,0,https://books.kuras-plus.com/works/0x4kfve,"noindex,follow",false,true,false,false,,noindex,"summary・タグともになし。薄いコンテンツとして noindex,follow（既存方針）。"
/works/0x5ndff,work,灰と幻想のグリムガル,異世界に召喚された若者たちが生きるために奮闘するリアルなファンタジー漫画。戦闘の痛みや恐怖をリアルに描いた重厚な世界観が、ファンタジー好きに新鮮な読書体験をもた,83,0,https://books.kuras-plus.com/works/0x5ndff,"index,follow",true,false,false,false,,index,あらすじあり。index対象。
/works/0x5pp7y,work,アオハライド,中学時代の初恋が高校で再燃するも、変わってしまった相手に戸惑いながら向き合う少女漫画。ときめきと切なさが共存するリアルな青春の空気感が共感を呼ぶ恋愛漫画。,77,0,https://books.kuras-plus.com/works/0x5pp7y,"index,follow",true,false,false,false,,index,あらすじあり。index対象。
/works/0x6gvqz,work,うさぎドロップ,,0,0,https://books.kuras-plus.com/works/0x6gvqz,"noindex,follow",false,true,false,false,,noindex,"summary・タグともになし。薄いコンテンツとして noindex,follow（既存方針）。"
/works/0x7agwy,work,龍神の雨,継父の死の謎をそれぞれの視点で追う兄弟を描いた道尾秀介のミステリ小説。複数の視点から描かれる真実の断片が最後に一つにつながる構成が見事で、どんでん返しが衝撃的な,87,0,https://books.kuras-plus.com/works/0x7agwy,"index,follow",true,false,false,false,,index,あらすじあり。index対象。
/works/0x7dv1h,work,テラフォーマーズ = TERRAFORMARS. 10 (蠱毒の現場),,0,0,https://books.kuras-plus.com/works/0x7dv1h,"noindex,follow",false,true,false,false,,noindex,"summary・タグともになし。薄いコンテンツとして noindex,follow（既存方針）。"
/works/0x7erkb,work,いちゃらぶしかない百合アンソロジーコミックsugar,,0,0,https://books.kuras-plus.com/works/0x7erkb,"noindex,follow",false,true,false,false,,noindex,"summary・タグともになし。薄いコンテンツとして noindex,follow（既存方針）。"
/works/0x85gh6,work,賭博破戒録カイジ,,0,0,https://books.kuras-plus.com/works/0x85gh6,"noindex,follow",false,true,false,false,,noindex,"summary・タグともになし。薄いコンテンツとして noindex,follow（既存方針）。"
/works/0x9on03,work,弱キャラ友崎くん,人生をゲームに例える「弱キャラ」な高校生が自己改革に挑む青春コメディ漫画。リアルなコミュ力の問題とゲーム的思考の組み合わせが新鮮で、自己成長系の青春物語が好きな,86,0,https://books.kuras-plus.com/works/0x9on03,"index,follow",true,false,false,false,,index,あらすじあり。index対象。
/works/0xa6q8a,work,月の影 影の海,異世界「十二国」に突然放り込まれた女子高生・陽子が、過酷な運命に立ち向かいながら自らの使命を見出していく壮大な和風ファンタジー。小野不由美が構築した精緻な世界観,130,0,https://books.kuras-plus.com/works/0xa6q8a,"index,follow",true,false,false,false,,index,あらすじあり。index対象。
/works/0xav9mh,work,まじっく快斗,,0,0,https://books.kuras-plus.com/works/0xav9mh,"noindex,follow",false,true,false,false,,noindex,"summary・タグともになし。薄いコンテンツとして noindex,follow（既存方針）。"
/works/0xbzu8i,work,恋愛ラボ,,0,0,https://books.kuras-plus.com/works/0xbzu8i,"noindex,follow",false,true,false,false,,noindex,"summary・タグともになし。薄いコンテンツとして noindex,follow（既存方針）。"
/works/0xci3h2,work,ひぐらしのなく頃に令　色尊し編,,0,0,https://books.kuras-plus.com/works/0xci3h2,"noindex,follow",false,true,false,false,,noindex,"summary・タグともになし。薄いコンテンツとして noindex,follow（既存方針）。"
/works/0xe0vif,work,阿津川辰海　読書日記　ぼくのミステリー紀行〈七転八倒編〉,,0,0,https://books.kuras-plus.com/works/0xe0vif,"index,follow",true,false,false,false,,strengthen,タグのみ。あらすじ追記で強化推奨。
/works/0xe4uxu,work,アグネス仮面,,0,0,https://books.kuras-plus.com/works/0xe4uxu,"noindex,follow",false,true,false,false,,noindex,"summary・タグともになし。薄いコンテンツとして noindex,follow（既存方針）。"
/works/0xf2b4f,work,BLEACH,死神代行として戦う高校生・黒崎一護の成長を描く大人気バトル漫画。スタイリッシュなキャラクターと怒涛のバトルが展開される、王道少年漫画の傑作。,70,0,https://books.kuras-plus.com/works/0xf2b4f,"index,follow",true,false,false,false,,index,あらすじあり。index対象。
/works/0xg4crk,work,NANA―ナナ―,同じ名前の二人の女の子が交差する、切ない大人の恋と夢の物語,29,0,https://books.kuras-plus.com/works/0xg4crk,"index,follow",true,false,false,false,,index,あらすじあり。index対象。
/works/0xhcaod,work,イノベーションのジレンマ,なぜ優良企業が新興企業に敗れるのか？「破壊的イノベーション」の概念を提唱し、技術革新と企業経営の関係を根本から問い直した経営学の名著。スタートアップから大企業ま,131,0,https://books.kuras-plus.com/works/0xhcaod,"index,follow",true,false,false,false,,index,あらすじあり。index対象。
/works/0xijspx,work,i,シリア出身でアメリカ人夫婦の養子となったアイは、恵まれた環境にいることへの罪悪感を常に抱えている。世界で起きる災害や紛争の犠牲者を想い、「なぜ自分は生きているの,184,0,https://books.kuras-plus.com/works/0xijspx,"index,follow",true,false,false,false,,index,あらすじあり。index対象。
/works/0xjabfw,work,サピエンス全史,なぜホモ・サピエンスだけが地球を支配するに至ったのか。認知革命、農業革命、科学革命という三つの転換点を軸に、人類七万年の歴史を一気に俯瞰する知的冒険の書。ユヴァ,189,0,https://books.kuras-plus.com/works/0xjabfw,"index,follow",true,false,false,false,,index,あらすじあり。index対象。
/works/0xjd7r7,work,夜は短し歩けよ乙女　映画カバー版,京都を舞台に、天真爛漫な「黒髪の乙女」と彼女を追いかける「先輩」の奇妙で愉快な一夜を描く幻想的ラブコメ。独特の文体と不思議な世界観が魅力の、アニメ映画でも人気を,93,0,https://books.kuras-plus.com/works/0xjd7r7,"index,follow",true,false,false,false,,index,あらすじあり。index対象。
/works/0xjp8bk,work,探偵学園Q,,0,0,https://books.kuras-plus.com/works/0xjp8bk,"noindex,follow",false,true,false,false,,noindex,"summary・タグともになし。薄いコンテンツとして noindex,follow（既存方針）。"
/works/0xkr66m,work,ブラックラグーン,,0,0,https://books.kuras-plus.com/works/0xkr66m,"noindex,follow",false,true,false,false,,noindex,"summary・タグともになし。薄いコンテンツとして noindex,follow（既存方針）。"
/works/0xlfu42,work,ポプテピピック【分冊版】　（13）,,0,0,https://books.kuras-plus.com/works/0xlfu42,"noindex,follow",false,true,false,false,,noindex,"summary・タグともになし。薄いコンテンツとして noindex,follow（既存方針）。"
/works/0xlt5v5,work,エコエコアザラクII,,0,0,https://books.kuras-plus.com/works/0xlt5v5,"noindex,follow",false,true,false,false,,noindex,"summary・タグともになし。薄いコンテンツとして noindex,follow（既存方針）。"
/works/0xm4qyx,work,星を継ぐもの,月面で発見された5万年前の宇宙服を着た人間の死体。この謎の解明に挑む科学者たちの知的興奮を描いたハードSFの傑作。科学的推理の面白さと壮大な謎が見事に融合し、読,138,0,https://books.kuras-plus.com/works/0xm4qyx,"index,follow",true,false,false,false,,index,あらすじあり。index対象。
/works/0xm959s,work,みどりのマキバオー,,0,0,https://books.kuras-plus.com/works/0xm959s,"noindex,follow",false,true,false,false,,noindex,"summary・タグともになし。薄いコンテンツとして noindex,follow（既存方針）。"
/works/0xmzy62,work,デュラララ!!,,0,0,https://books.kuras-plus.com/works/0xmzy62,"index,follow",true,false,false,false,,strengthen,タグのみ。あらすじ追記で強化推奨。
/works/0xn4lmy,work,火車,失踪した婚約者を探す刑事が辿り着いたのは、カード破産と身元詐称の暗い深淵だった。宮部みゆきが社会の歪みを鋭く抉った傑作ミステリー。消費社会が生み出す悲劇と、追い,191,0,https://books.kuras-plus.com/works/0xn4lmy,"index,follow",true,false,false,false,,index,あらすじあり。index対象。
/works/0xngn2d,work,異世界薬局,,0,0,https://books.kuras-plus.com/works/0xngn2d,"noindex,follow",false,true,false,false,,noindex,"summary・タグともになし。薄いコンテンツとして noindex,follow（既存方針）。"
/works/0xoso36,work,『涼宮ハルヒの消失』で英文法が面白いほど身につく本,,0,0,https://books.kuras-plus.com/works/0xoso36,"noindex,follow",false,true,false,false,,noindex,"summary・タグともになし。薄いコンテンツとして noindex,follow（既存方針）。"
/works/0xp5sba,work,ミスミソウ 完全版 ：,,0,0,https://books.kuras-plus.com/works/0xp5sba,"noindex,follow",false,true,false,false,,noindex,"summary・タグともになし。薄いコンテンツとして noindex,follow（既存方針）。"
/works/0xq0ohe,work,デルフィニア戦記,,0,0,https://books.kuras-plus.com/works/0xq0ohe,"index,follow",true,false,false,false,,strengthen,タグのみ。あらすじ追記で強化推奨。
/works/0xsp7cu,work,犬神家の一族,信州の大財閥・犬神家の遺産相続をめぐり次々と起こる猟奇的殺人事件を、名探偵・金田一耕助が解き明かす横溝正史の代表作。映画でも有名な「湖面から突き出る脚」のイメー,128,0,https://books.kuras-plus.com/works/0xsp7cu,"index,follow",true,false,false,false,,index,あらすじあり。index対象。
/works/0xu2lvx,work,【話販売】運命の人に出会う話　第１２話　一本気,,0,0,https://books.kuras-plus.com/works/0xu2lvx,"noindex,follow",false,true,false,false,,noindex,"summary・タグともになし。薄いコンテンツとして noindex,follow（既存方針）。"
/works/0xw38i2,work,精霊の守り人,女用心棒バルサが皇子チャグムを守り、精霊の卵をめぐる陰謀と戦う冒険ファンタジー。上橋菜穂子が描く緻密な異世界の文化・風俗は人類学的な深みを持ち、大人の鑑賞に耐え,132,0,https://books.kuras-plus.com/works/0xw38i2,"index,follow",true,false,false,false,,index,あらすじあり。index対象。
/works/0xx8l7e,work,万物理論,二十一世紀半ば、物理学者たちは宇宙のすべてを説明する究極の理論に迫ろうとしていた。科学ジャーナリストの主人公は、その発表を取材するために孤島の学会に赴く。グレッ,186,0,https://books.kuras-plus.com/works/0xx8l7e,"index,follow",true,false,false,false,,index,あらすじあり。index対象。
/works/0xycefa,work,シャーロック・ホームズ最後の挨拶,ホームズの晩年を描く短編集。第一次世界大戦前夜を舞台にした歴史的背景と推理の絡み合いが見どころで、シリーズを締めくくる感慨深い作品群を楽しめる。長年のファンに贈,87,0,https://books.kuras-plus.com/works/0xycefa,"index,follow",true,false,false,false,,index,あらすじあり。index対象。
/works/0xzygtu,work,初×婚,初めての結婚生活を題材にした大人向けラブコメ漫画。夫婦としての距離感を築いていく過程の甘酸っぱさと日常の温かさが魅力で、結婚や大人の恋愛に興味のある読者に楽しめ,84,0,https://books.kuras-plus.com/works/0xzygtu,"index,follow",true,false,false,false,,index,あらすじあり。index対象。
/works/0y0dkmd,work,めだかボックス モノクロ版,,0,0,https://books.kuras-plus.com/works/0y0dkmd,"noindex,follow",false,true,false,false,,noindex,"summary・タグともになし。薄いコンテンツとして noindex,follow（既存方針）。"
/works/0y111vw,work,覚悟のススメ（5）,,0,0,https://books.kuras-plus.com/works/0y111vw,"noindex,follow",false,true,false,false,,noindex,"summary・タグともになし。薄いコンテンツとして noindex,follow（既存方針）。"
/works/0y1f62e,work,続テルマエ・ロマエ,,0,0,https://books.kuras-plus.com/works/0y1f62e,"noindex,follow",false,true,false,false,,noindex,"summary・タグともになし。薄いコンテンツとして noindex,follow（既存方針）。"
/works/0y1uyxb,work,アンサングシンデレラ : 病院薬剤師葵みどり,,0,0,https://books.kuras-plus.com/works/0y1uyxb,"noindex,follow",false,true,false,false,,noindex,"summary・タグともになし。薄いコンテンツとして noindex,follow（既存方針）。"
/works/0y1vst1,work,贖罪の奏鳴曲,訳あり弁護士・御子柴礼司が活躍するリーガルミステリシリーズ第一弾。法廷の熱い攻防と主人公の複雑な過去が絡み合い、最後まで目が離せないスリリングな法廷ミステリ小説,81,0,https://books.kuras-plus.com/works/0y1vst1,"index,follow",true,false,false,false,,index,あらすじあり。index対象。
/works/0y3yxqk,work,いちゃらぶしかない百合アンソロジーコミック,,0,0,https://books.kuras-plus.com/works/0y3yxqk,"noindex,follow",false,true,false,false,,noindex,"summary・タグともになし。薄いコンテンツとして noindex,follow（既存方針）。"
/works/0y4fhjr,work,ばんざい！ぼくらのフシギ島,夏の離島を舞台に、子どもたちの友情と冒険を描いたほっこり青春ミステリ。温かみある筆致と爽やかな読後感が心に残る、家族でも楽しめる作品。,67,0,https://books.kuras-plus.com/works/0y4fhjr,"index,follow",true,false,false,false,,index,あらすじあり。index対象。
/works/0y578j9,work,僕等がいた,,0,0,https://books.kuras-plus.com/works/0y578j9,"noindex,follow",false,true,false,false,,noindex,"summary・タグともになし。薄いコンテンツとして noindex,follow（既存方針）。"
/works/0y5edpg,work,月刊Fairy Tailマガジン,,0,0,https://books.kuras-plus.com/works/0y5edpg,"noindex,follow",false,true,false,false,,noindex,"summary・タグともになし。薄いコンテンツとして noindex,follow（既存方針）。"
/works/0y5jjuj,work,きのう何食べた?,,0,0,https://books.kuras-plus.com/works/0y5jjuj,"noindex,follow",false,true,false,false,,noindex,"summary・タグともになし。薄いコンテンツとして noindex,follow（既存方針）。"
/works/0y5zxsn,work,いちばんやさしいブッダの教え : いま、悟りの原点を知りたい! : カラー版,仏教研究者によるブッダの教えを平易にまとめた入門書のカラー版。難解になりがちな仏教の本質を「悟りの原点」からわかりやすく解説し、心の在り方を学びたい人に最適。,79,0,https://books.kuras-plus.com/works/0y5zxsn,"index,follow",true,false,false,false,,index,あらすじあり。index対象。
/works/0y64nz0,work,世界が終わる前に,,0,0,https://books.kuras-plus.com/works/0y64nz0,"index,follow",true,false,false,false,,strengthen,タグのみ。あらすじ追記で強化推奨。
/works/0y951z1,work,新ブラックジャックによろしく,,0,0,https://books.kuras-plus.com/works/0y951z1,"noindex,follow",false,true,false,false,,noindex,"summary・タグともになし。薄いコンテンツとして noindex,follow（既存方針）。"
/works/0y98sw0,work,嗤う淑女,美貌の女性が周囲を巧みに操りながら暗躍する姿を描いた中山七里のサイコスリラー小説。主人公の底知れない恐ろしさと巧緻に練られたプロットが読者を惹きつけてやまない、,88,0,https://books.kuras-plus.com/works/0y98sw0,"index,follow",true,false,false,false,,index,あらすじあり。index対象。
/works/0y9ub8j,work,陰の実力者になりたくて! (17),,0,0,https://books.kuras-plus.com/works/0y9ub8j,"noindex,follow",false,true,false,false,,noindex,"summary・タグともになし。薄いコンテンツとして noindex,follow（既存方針）。"
/works/0ycn4k6,work,古見さんは、コミュ症です。,コミュニケーションが極端に苦手な美少女が友達百人を作る夢に向けて成長する学園コメディ漫画。優しい雰囲気とほのかな恋愛要素で多くの読者に愛される温かい作品。,77,0,https://books.kuras-plus.com/works/0ycn4k6,"index,follow",true,false,false,false,,index,あらすじあり。index対象。
/works/0ydsqq6,work,壬生義士伝. 上,,0,0,https://books.kuras-plus.com/works/0ydsqq6,"index,follow",true,false,false,false,,strengthen,タグのみ。あらすじ追記で強化推奨。
/works/0yel2tk,work,功名が辻,,0,0,https://books.kuras-plus.com/works/0yel2tk,"noindex,follow",false,true,false,false,,noindex,"summary・タグともになし。薄いコンテンツとして noindex,follow（既存方針）。"
/works/0yeovk1,work,ジパング,,0,0,https://books.kuras-plus.com/works/0yeovk1,"noindex,follow",false,true,false,false,,noindex,"summary・タグともになし。薄いコンテンツとして noindex,follow（既存方針）。"
/works/0yf8mag,work,左ききのエレン,,0,0,https://books.kuras-plus.com/works/0yf8mag,"noindex,follow",false,true,false,false,,noindex,"summary・タグともになし。薄いコンテンツとして noindex,follow（既存方針）。"
/works/0ygd3ro,work,人間失格,「恥の多い生涯を送って来ました」。人間社会に適応できず、酒と女と薬に溺れていく男の半生を描いた太宰治の遺作的傑作。自伝的要素が色濃く反映された文学作品であり、累,129,0,https://books.kuras-plus.com/works/0ygd3ro,"index,follow",true,false,false,false,,index,あらすじあり。index対象。
/works/0yi3uge,work,うずまき,,0,0,https://books.kuras-plus.com/works/0yi3uge,"noindex,follow",false,true,false,false,,noindex,"summary・タグともになし。薄いコンテンツとして noindex,follow（既存方針）。"
/works/0yj63f8,work,図解入門よくわかる最新時間論の基本と仕組み,時間とは何か——この根源的な問いに、物理学と哲学の両面から迫る入門書。竹内薫が図解を駆使して、相対性理論における時間の伸び縮み、量子力学と時間の矢、タイムパラド,210,0,https://books.kuras-plus.com/works/0yj63f8,"index,follow",true,false,false,false,,index,あらすじあり。index対象。
/works/0yjxwqk,work,プラチナデータ,国民全員のDNA情報を管理するデータベース「プラチナデータ」。犯罪捜査に革命をもたらすはずのこのシステムに、開発者自身が追われる側として巻き込まれていく。東野圭,188,0,https://books.kuras-plus.com/works/0yjxwqk,"index,follow",true,false,false,false,,index,あらすじあり。index対象。
/works/0ykys78,work,破戒,,0,0,https://books.kuras-plus.com/works/0ykys78,"index,follow",true,false,false,false,,strengthen,タグのみ。あらすじ追記で強化推奨。
/works/0ykyyen,work,さよなら私のクラマー,,0,0,https://books.kuras-plus.com/works/0ykyyen,"noindex,follow",false,true,false,false,,noindex,"summary・タグともになし。薄いコンテンツとして noindex,follow（既存方針）。"
/works/0yl0qu9,work,天国大魔境,文明崩壊後の日本を舞台に、謎に満ちた世界を旅する物語。荒廃した外の世界と謎めいた施設内の二つの視点が交差するSFサバイバルで、謎解きの醍醐味を求める読者を強く惹,85,0,https://books.kuras-plus.com/works/0yl0qu9,"index,follow",true,false,false,false,,index,あらすじあり。index対象。
/works/0ym6k0e,work,差別と向き合うマンガたち,,0,0,https://books.kuras-plus.com/works/0ym6k0e,"noindex,follow",false,true,false,false,,noindex,"summary・タグともになし。薄いコンテンツとして noindex,follow（既存方針）。"
/works/0ymsslv,work,百合星人ナオコサン,,0,0,https://books.kuras-plus.com/works/0ymsslv,"noindex,follow",false,true,false,false,,noindex,"summary・タグともになし。薄いコンテンツとして noindex,follow（既存方針）。"
/works/0yobr5b,work,ゴールデンカムイ,アイヌ文化×グルメ×バトルが融合した唯一無二の北海道冒険譚,29,0,https://books.kuras-plus.com/works/0yobr5b,"index,follow",true,false,false,false,,index,あらすじあり。index対象。
/works/0yp57k8,work,八日目の蝉,不倫相手の赤ん坊を衝動的に連れ去った女、野々宮希和子。逃亡生活の中で育まれる、血の繋がらない母子の深い絆。そして成長した娘・恵理菜が、自らの出生の真実と向き合う,193,0,https://books.kuras-plus.com/works/0yp57k8,"index,follow",true,false,false,false,,index,あらすじあり。index対象。
/works/0yrbfuo,work,探偵学園Ｑ,,0,0,https://books.kuras-plus.com/works/0yrbfuo,"noindex,follow",false,true,false,false,,noindex,"summary・タグともになし。薄いコンテンツとして noindex,follow（既存方針）。"
/works/0yrpvlu,work,クドリャフカの順番,古典部シリーズ第三弾。文化祭で起きる連続盗難事件を解く青春ミステリ。賑やかな文化祭を舞台にしながら深い余韻を残す構成が見事で、シリーズの中でも特に感動的な名作。,80,0,https://books.kuras-plus.com/works/0yrpvlu,"index,follow",true,false,false,false,,index,あらすじあり。index対象。
/works/0yrrf25,work,八男って、それはないでしょう!,,0,0,https://books.kuras-plus.com/works/0yrrf25,"noindex,follow",false,true,false,false,,noindex,"summary・タグともになし。薄いコンテンツとして noindex,follow（既存方針）。"
/works/0yrvh30,work,血の轍. 第6集,,0,0,https://books.kuras-plus.com/works/0yrvh30,"noindex,follow",false,true,false,false,,noindex,"summary・タグともになし。薄いコンテンツとして noindex,follow（既存方針）。"
/works/0yum1yi,work,【愛蔵版】新世紀エヴァンゲリオン,,0,0,https://books.kuras-plus.com/works/0yum1yi,"noindex,follow",false,true,false,false,,noindex,"summary・タグともになし。薄いコンテンツとして noindex,follow（既存方針）。"
/works/0yuvgad,work,結界師,,0,0,https://books.kuras-plus.com/works/0yuvgad,"noindex,follow",false,true,false,false,,noindex,"summary・タグともになし。薄いコンテンツとして noindex,follow（既存方針）。"
/works/0ywjbqh,work,羅生門・鼻,,0,0,https://books.kuras-plus.com/works/0ywjbqh,"index,follow",true,false,false,false,,strengthen,タグのみ。あらすじ追記で強化推奨。
/works/0yx8ham,work,光が死んだ夏,最愛の幼馴染を「何か」に置き換えられた少年の恐怖,24,0,https://books.kuras-plus.com/works/0yx8ham,"index,follow",true,false,false,false,,index,あらすじあり。index対象。
/works/0yxb194,work,覚悟のススメ（10）,,0,0,https://books.kuras-plus.com/works/0yxb194,"noindex,follow",false,true,false,false,,noindex,"summary・タグともになし。薄いコンテンツとして noindex,follow（既存方針）。"
/works/0z3fb6b,work,自殺予定日,,0,0,https://books.kuras-plus.com/works/0z3fb6b,"index,follow",true,false,false,false,,strengthen,タグのみ。あらすじ追記で強化推奨。
/works/0z3o6lw,work,ねじまき鳥クロニクル,失踪した猫と妻を探す男の旅が現実と深層世界を行き来する村上春樹の代表的長編小説。歴史の暗部と個人の内面が複雑に絡み合う多層的な物語で、読み応えと余韻が格別の大作,83,0,https://books.kuras-plus.com/works/0z3o6lw,"index,follow",true,false,false,false,,index,あらすじあり。index対象。
/works/0z3ymv2,work,ルパン三世M ：,,0,0,https://books.kuras-plus.com/works/0z3ymv2,"noindex,follow",false,true,false,false,,noindex,"summary・タグともになし。薄いコンテンツとして noindex,follow（既存方針）。"
/works/0z4kfd3,work,クレヨンしんちゃん,,0,0,https://books.kuras-plus.com/works/0z4kfd3,"noindex,follow",false,true,false,false,,noindex,"summary・タグともになし。薄いコンテンツとして noindex,follow（既存方針）。"
/works/0z6ul35,work,ファンタジー映画大解剖 : ハリー・ポッター大特集,ハリー・ポッターシリーズを中心にファンタジー映画の世界を徹底解析したムック。魔法の世界の背景設定やキャラクター、制作秘話などファン心理をくすぐる情報が満載。,78,0,https://books.kuras-plus.com/works/0z6ul35,"index,follow",true,false,false,false,,index,あらすじあり。index対象。
/works/0z76h6o,work,名探偵の掟,密室殺人、アリバイ崩し、ダイイングメッセージ——推理小説のお約束を、名探偵・天下一大五郎と刑事・大河原番三が片っ端から暴いていく。「このトリック、現実にありえな,191,0,https://books.kuras-plus.com/works/0z76h6o,"index,follow",true,false,false,false,,index,あらすじあり。index対象。
/works/0z7zqxv,work,ツバサ　－ＷｏＲＬＤ　ＣＨＲｏＮｉＣＬＥ－　ニライカナイ編,,0,0,https://books.kuras-plus.com/works/0z7zqxv,"noindex,follow",false,true,false,false,,noindex,"summary・タグともになし。薄いコンテンツとして noindex,follow（既存方針）。"
/works/0z9bseb,work,め組の大吾　救国のオレンジ,,0,0,https://books.kuras-plus.com/works/0z9bseb,"noindex,follow",false,true,false,false,,noindex,"summary・タグともになし。薄いコンテンツとして noindex,follow（既存方針）。"
/works/0za1s83,work,怪物事変,怪異の血を引く少年が探偵事務所で妖怪に関わる事件を解決するダークファンタジー漫画。謎めいた主人公の出自と仲間との絆が丁寧に描かれ、読み進めるほど引き込まれる作品,81,0,https://books.kuras-plus.com/works/0za1s83,"index,follow",true,false,false,false,,index,あらすじあり。index対象。
/works/0za4mjx,work,波よ聞いてくれ,,0,0,https://books.kuras-plus.com/works/0za4mjx,"noindex,follow",false,true,false,false,,noindex,"summary・タグともになし。薄いコンテンツとして noindex,follow（既存方針）。"
/works/0zae469,work,シャーロック・ホームズの誤謬 : 『バスカヴィル家の犬』再考,「バスカヴィル家の犬」の解決に異議を唱え、真犯人を探る知的な批評エッセイ。ミステリの古典を批判的に読み解く刺激的な視点が、読書体験をより深く豊かにしてくれる。,79,0,https://books.kuras-plus.com/works/0zae469,"index,follow",true,false,false,false,,index,あらすじあり。index対象。
/works/0zba4l6,work,天冥の標,西暦二〇〇三年から数千年先の未来まで、人類の壮大な歴史を全十巻で描き切る大河スペースオペラ。疫病、植民、戦争、進化——それぞれの時代を生きる人々の物語が、やがて,181,0,https://books.kuras-plus.com/works/0zba4l6,"index,follow",true,false,false,false,,index,あらすじあり。index対象。
/works/0zbutso,work,俺だけレベルアップな件,,0,0,https://books.kuras-plus.com/works/0zbutso,"noindex,follow",false,true,false,false,,noindex,"summary・タグともになし。薄いコンテンツとして noindex,follow（既存方針）。"
/works/0zcgtc7,work,結婚指輪は外せない,,0,0,https://books.kuras-plus.com/works/0zcgtc7,"noindex,follow",false,true,false,false,,noindex,"summary・タグともになし。薄いコンテンツとして noindex,follow（既存方針）。"
/works/0zcrwa9,work,怪獣自衛隊,,0,0,https://books.kuras-plus.com/works/0zcrwa9,"noindex,follow",false,true,false,false,,noindex,"summary・タグともになし。薄いコンテンツとして noindex,follow（既存方針）。"
/works/0zcywic,work,魔王学院の不適合者9 ~史上最強の魔王の始祖、転生して子孫たちの学校へ通う~,,0,0,https://books.kuras-plus.com/works/0zcywic,"noindex,follow",false,true,false,false,,noindex,"summary・タグともになし。薄いコンテンツとして noindex,follow（既存方針）。"
/works/0zdydn2,work,コミック東野圭吾ミステリー : ウインクで乾杯,,0,0,https://books.kuras-plus.com/works/0zdydn2,"noindex,follow",false,true,false,false,,noindex,"summary・タグともになし。薄いコンテンツとして noindex,follow（既存方針）。"
/works/0zee4lk,work,月は無慈悲な夜の女王,二〇七五年、月面植民地は地球からの搾取に耐えかねていた。コンピュータ技師マニー、革命家ワイオ、老教授ベルナルド——三人はAI「マイク」の力を借り、月の独立革命に,186,0,https://books.kuras-plus.com/works/0zee4lk,"index,follow",true,false,false,false,,index,あらすじあり。index対象。
/works/0zh5o6a,work,アクセル・ワールド,,0,0,https://books.kuras-plus.com/works/0zh5o6a,"index,follow",true,false,false,false,,strengthen,タグのみ。あらすじ追記で強化推奨。
/works/0zhhopl,work,こころ,「先生」と呼ばれる人物の過去の秘密が、手紙を通じて明らかになっていく夏目漱石の代表作。友情・裏切り・罪悪感・孤独といった人間の普遍的な感情を深く掘り下げた近代日,127,0,https://books.kuras-plus.com/works/0zhhopl,"index,follow",true,false,false,false,,index,あらすじあり。index対象。
/works/0zi8myw,work,少女革命ウテナ,,0,0,https://books.kuras-plus.com/works/0zi8myw,"noindex,follow",false,true,false,false,,noindex,"summary・タグともになし。薄いコンテンツとして noindex,follow（既存方針）。"
/works/0zimuj4,work,献灯使,大災厄の後、鎖国状態となった近未来の日本。老人は不死に近い長寿を得る一方、子どもたちは極端に虚弱化している。百歳を超える義郎は、曾孫の無名を懸命に世話しながら、,177,0,https://books.kuras-plus.com/works/0zimuj4,"index,follow",true,false,false,false,,index,あらすじあり。index対象。
/works/0zj49u3,work,臆病な僕らは今日も震えながら,,0,0,https://books.kuras-plus.com/works/0zj49u3,"index,follow",true,false,false,false,,strengthen,タグのみ。あらすじ追記で強化推奨。
/works/0zjxbyj,work,漫画ビジネス,,0,0,https://books.kuras-plus.com/works/0zjxbyj,"noindex,follow",false,true,false,false,,noindex,"summary・タグともになし。薄いコンテンツとして noindex,follow（既存方針）。"
/works/0zjz0s2,work,限りある時間の使い方,人生はたった4000週間。生産性向上のハックではなく、「限りある時間」という現実を受け入れた上でどう生きるかを問う哲学的時間術。オリバー・バークマンが時間管理の,141,0,https://books.kuras-plus.com/works/0zjz0s2,"index,follow",true,false,false,false,,index,あらすじあり。index対象。
/works/0zlfn2v,work,ゲゲゲの鬼太郎　水木しげる漫画大全集,,0,0,https://books.kuras-plus.com/works/0zlfn2v,"noindex,follow",false,true,false,false,,noindex,"summary・タグともになし。薄いコンテンツとして noindex,follow（既存方針）。"
/works/0zmxqzy,work,富江,,0,0,https://books.kuras-plus.com/works/0zmxqzy,"noindex,follow",false,true,false,false,,noindex,"summary・タグともになし。薄いコンテンツとして noindex,follow（既存方針）。"
/works/0znbr2r,work,愛蔵版〈古典部〉シリーズ = Classic Literature Club COLLECTOR'S EDITION.,,0,0,https://books.kuras-plus.com/works/0znbr2r,"noindex,follow",false,true,false,false,,noindex,"summary・タグともになし。薄いコンテンツとして noindex,follow（既存方針）。"
/works/0zni0pn,work,進撃の巨人,絶望と考察が止まらない衝撃の重厚ダーク大作,21,0,https://books.kuras-plus.com/works/0zni0pn,"index,follow",true,false,false,false,,index,あらすじあり。index対象。
/works/0zock49,work,中国語で短編小説を読もう!天下無賊,,0,0,https://books.kuras-plus.com/works/0zock49,"index,follow",true,false,false,false,,strengthen,タグのみ。あらすじ追記で強化推奨。
/works/0zr22d6,work,デビルズライン,人間と吸血鬼の禁断の愛と葛藤を描くダーク恋愛漫画,24,0,https://books.kuras-plus.com/works/0zr22d6,"index,follow",true,false,false,false,,index,あらすじあり。index対象。
/works/0zr5nla,work,21世紀の資本,200年以上の歴史データを分析し、資本主義社会における格差拡大のメカニズムを解明した経済学の世界的ベストセラー。「r＞g（資本収益率が経済成長率を上回る）」とい,144,0,https://books.kuras-plus.com/works/0zr5nla,"index,follow",true,false,false,false,,index,あらすじあり。index対象。
/works/0zref9t,work,鋼の錬金術師.,,0,0,https://books.kuras-plus.com/works/0zref9t,"index,follow",true,false,false,false,,strengthen,タグのみ。あらすじ追記で強化推奨。
/works/0zrk5dv,work,封神演義 第15部 (十絶陣の戦い 下),,0,0,https://books.kuras-plus.com/works/0zrk5dv,"noindex,follow",false,true,false,false,,noindex,"summary・タグともになし。薄いコンテンツとして noindex,follow（既存方針）。"
/works/0zrw7he,work,パパイラスの舟 : 海外ミステリ随想,,0,0,https://books.kuras-plus.com/works/0zrw7he,"index,follow",true,false,false,false,,strengthen,タグのみ。あらすじ追記で強化推奨。
/works/0zry5un,work,地獄楽,死刑囚の忍者が不死の島を探索する任務に挑む時代劇アクション漫画。グロテスクな美しさと武士道精神、謎に満ちた島の秘密が絡み合うダークで濃密な傑作。,72,0,https://books.kuras-plus.com/works/0zry5un,"index,follow",true,false,false,false,,index,あらすじあり。index対象。
/works/0zvsr9p,work,マギアレコード魔法少女まどか☆マギカ外伝 TVアニメ公式ガイドブック,,0,0,https://books.kuras-plus.com/works/0zvsr9p,"noindex,follow",false,true,false,false,,noindex,"summary・タグともになし。薄いコンテンツとして noindex,follow（既存方針）。"
/works/0zy2g2c,work,ダーウィンズゲーム,,0,0,https://books.kuras-plus.com/works/0zy2g2c,"noindex,follow",false,true,false,false,,noindex,"summary・タグともになし。薄いコンテンツとして noindex,follow（既存方針）。"
/works/0zz63zd,work,舟を編む,辞書編集部に配属された不器用な青年が、国語辞典の編纂に情熱を傾ける姿を描いた職人小説。言葉への深い愛情と、地道な仕事に人生を捧げる人々のドラマが心に沁みる、直木,88,0,https://books.kuras-plus.com/works/0zz63zd,"index,follow",true,false,false,false,,index,あらすじあり。index対象。
/works/100vl0r,work,ドラえもん,未来の道具でのび太の毎日を助けるロボット・ドラえもんの日常を描いた国民的漫画の金字塔。夢のある道具の数々と温かい友情、子どもたちへのメッセージが詰まった日本漫画,93,0,https://books.kuras-plus.com/works/100vl0r,"index,follow",true,false,false,false,,index,あらすじあり。index対象。
/works/1019x63,work,シグルイ,,0,0,https://books.kuras-plus.com/works/1019x63,"noindex,follow",false,true,false,false,,noindex,"summary・タグともになし。薄いコンテンツとして noindex,follow（既存方針）。"
/works/10224m0,work,ボボボーボ・ボーボボ,,0,0,https://books.kuras-plus.com/works/10224m0,"noindex,follow",false,true,false,false,,noindex,"summary・タグともになし。薄いコンテンツとして noindex,follow（既存方針）。"
/works/1031miq,work,血界戦線,,0,0,https://books.kuras-plus.com/works/1031miq,"noindex,follow",false,true,false,false,,noindex,"summary・タグともになし。薄いコンテンツとして noindex,follow（既存方針）。"
/works/10367gs,work,イノサン,フランス革命期の処刑人一族を描いた歴史漫画。鮮烈な画風と生と死のテーマを直視した重厚な物語が、歴史漫画の枠を超えた芸術的な高みを目指す大人向けの作品。,75,0,https://books.kuras-plus.com/works/10367gs,"index,follow",true,false,false,false,,index,あらすじあり。index対象。
/works/105gz26,work,ヤンキー君と白杖ガール,,0,0,https://books.kuras-plus.com/works/105gz26,"noindex,follow",false,true,false,false,,noindex,"summary・タグともになし。薄いコンテンツとして noindex,follow（既存方針）。"
/works/106nlek,work,教科書では教えてくれない日本の名作,,0,0,https://books.kuras-plus.com/works/106nlek,"index,follow",true,false,false,false,,strengthen,タグのみ。あらすじ追記で強化推奨。
/works/10ap8v9,work,有頂天家族,京都の街で人間に化けて暮らす狸の名門・下鴨家。父を天狗に食われ、母は呑気に暮らし、兄は引きこもり、弟は井戸の中。三男の矢三郎は、宿敵の狸一族や気まぐれな天狗、そ,186,0,https://books.kuras-plus.com/works/10ap8v9,"index,follow",true,false,false,false,,index,あらすじあり。index対象。
/works/10bg9ba,work,SAMURAI DEEPER KYO,,0,0,https://books.kuras-plus.com/works/10bg9ba,"noindex,follow",false,true,false,false,,noindex,"summary・タグともになし。薄いコンテンツとして noindex,follow（既存方針）。"
/works/10cdbwe,work,『罪の声』試し読み小冊子,昭和の未解決事件をモチーフに、事件に巻き込まれた子どもたちのその後を追う衝撃の社会派ミステリー『罪の声』。その冒頭を収めた試し読み小冊子は、作品の持つ吸引力を凝,194,0,https://books.kuras-plus.com/works/10cdbwe,"index,follow",true,false,false,false,,index,あらすじあり。index対象。
/works/10ffy9d,work,忍者と極道,忍者と極道という異色の組み合わせが繰り広げる激烈バトル漫画。振り切れた過激さと独自のテンションが魅力で、王道とは一線を画す強烈なエンターテインメントを求める読者,83,0,https://books.kuras-plus.com/works/10ffy9d,"index,follow",true,false,false,false,,index,あらすじあり。index対象。
/works/10gwxme,work,Liar game : roots of A : 甲斐谷忍短編集,,0,0,https://books.kuras-plus.com/works/10gwxme,"noindex,follow",false,true,false,false,,noindex,"summary・タグともになし。薄いコンテンツとして noindex,follow（既存方針）。"
/works/10intcr,work,約束のネバーランド,孤児院に隠された衝撃の秘密を知った子どもたちの知恵比べと脱出劇を描くサスペンス漫画。緊迫感あふれる展開と心理戦の面白さで一気読み必至の、頭脳派漫画ファン必読の傑,82,0,https://books.kuras-plus.com/works/10intcr,"index,follow",true,false,false,false,,index,あらすじあり。index対象。
/works/10jlrkf,work,リング,,0,0,https://books.kuras-plus.com/works/10jlrkf,"index,follow",true,false,false,false,,strengthen,タグのみ。あらすじ追記で強化推奨。
/works/10jp6hx,work,DEATH NOTE カラー版,,0,0,https://books.kuras-plus.com/works/10jp6hx,"noindex,follow",false,true,false,false,,noindex,"summary・タグともになし。薄いコンテンツとして noindex,follow（既存方針）。"
/works/10knarm,work,センゴク一統記,,0,0,https://books.kuras-plus.com/works/10knarm,"noindex,follow",false,true,false,false,,noindex,"summary・タグともになし。薄いコンテンツとして noindex,follow（既存方針）。"
/works/10ksc18,work,円 : 劉慈欣短篇集,「三体」の著者・劉慈欣の短篇を集めた作品集。宇宙の壮大さと人間の営みを独自のスケールで描く、SF的想像力に満ちた短篇の数々が読者を圧倒する。,70,0,https://books.kuras-plus.com/works/10ksc18,"index,follow",true,false,false,false,,index,あらすじあり。index対象。
/works/10nw1wi,work,教場,警察学校という閉鎖空間で繰り広げられる、過酷な半年間の訓練。白髪に義眼の鬼教官・風間公親は、適性なき者を容赦なく退校に追い込む。生徒たちは互いを出し抜き、秘密を,177,0,https://books.kuras-plus.com/works/10nw1wi,"index,follow",true,false,false,false,,index,あらすじあり。index対象。
/works/10rgunh,work,まんがで叶える引き寄せの法則,,0,0,https://books.kuras-plus.com/works/10rgunh,"noindex,follow",false,true,false,false,,noindex,"summary・タグともになし。薄いコンテンツとして noindex,follow（既存方針）。"
/works/10u464b,work,美味しんぼ. 61 (よくぞ日本人に生まれけり),,0,0,https://books.kuras-plus.com/works/10u464b,"noindex,follow",false,true,false,false,,noindex,"summary・タグともになし。薄いコンテンツとして noindex,follow（既存方針）。"
/works/10ul2xu,work,バッカーノ!1931 : the grand punk railroad 特急編,,0,0,https://books.kuras-plus.com/works/10ul2xu,"index,follow",true,false,false,false,,strengthen,タグのみ。あらすじ追記で強化推奨。
/works/10wi6nh,work,ろくでなしBLUES,,0,0,https://books.kuras-plus.com/works/10wi6nh,"noindex,follow",false,true,false,false,,noindex,"summary・タグともになし。薄いコンテンツとして noindex,follow（既存方針）。"
/works/10ynw51,work,柔らかい時計,時間をテーマに独自のSF的想像力で描く、荒巻義雄の幻想的な短篇・中篇SF小説集。ダリの絵画から着想を得た表題作をはじめ、日本SFの異才が「時間」の不思議を独特の,90,0,https://books.kuras-plus.com/works/10ynw51,"index,follow",true,false,false,false,,index,あらすじあり。index対象。
/works/1121g17,work,鏡の孤城,学校に行けなくなった中学生の少女が、光る鏡を通じて不思議な城に招かれる。そこには同じ境遇の7人の少年少女が集まっていた。辻村深月が本屋大賞を受賞したファンタジー,135,0,https://books.kuras-plus.com/works/1121g17,"index,follow",true,false,false,false,,index,あらすじあり。index対象。
/works/1122jyy,work,あの花が咲く丘で、君とまた出会えたら。,現代に生きる女子高生・百合が目を覚ますと、そこは太平洋戦争末期の日本だった。出会ったのは、特攻隊員として出撃を控える青年・彰。限られた時間の中で芽生える恋心と、,186,0,https://books.kuras-plus.com/works/1122jyy,"index,follow",true,false,false,false,,index,あらすじあり。index対象。
/works/112h4dv,work,定本百鬼夜行陰,百鬼夜行シリーズの外伝的短編集。京極堂シリーズのサブキャラクターたちにスポットを当てた作品で、シリーズを読んだ後により深く世界観を楽しめる怪奇短編集の決定版。,79,0,https://books.kuras-plus.com/works/112h4dv,"index,follow",true,false,false,false,,index,あらすじあり。index対象。
/works/112p8dw,work,みをつくし料理帖 八朔の雪,,0,0,https://books.kuras-plus.com/works/112p8dw,"index,follow",true,false,false,false,,strengthen,タグのみ。あらすじ追記で強化推奨。
/works/1136xxp,work,ハチミツとクローバー,美大生たちの恋と青春、夢と挫折を繊細に描いた少女漫画の傑作。独特の空気感と登場人物の深みのある感情描写が、大学時代に何かを懸けた経験のある読者の心を揺さぶる。,79,0,https://books.kuras-plus.com/works/1136xxp,"index,follow",true,false,false,false,,index,あらすじあり。index対象。
/works/113bsvf,work,有栖川有栖の本格ミステリ・ライブラリー,有栖川有栖が厳選した本格ミステリの名作を紹介・解説するガイドブック。広大なミステリの世界への入口として、新たな傑作との出会いを導いてくれる贅沢な一冊。,75,0,https://books.kuras-plus.com/works/113bsvf,"index,follow",true,false,false,false,,index,あらすじあり。index対象。
/works/1148i3n,work,さよなら妖精,異国からやってきた少女との出会いと別れを通じて描かれる青春ミステリ。日常に潜む謎と切ない余韻が同居した米澤穂信の初期代表作で、感傷的な読後感が深く残る。,76,0,https://books.kuras-plus.com/works/1148i3n,"index,follow",true,false,false,false,,index,あらすじあり。index対象。
/works/11558ku,work,沈黙,江戸時代初期、キリシタン弾圧下の日本に潜入したポルトガル人司祭ロドリゴ。信徒たちの苦しみを前に、神はなぜ沈黙するのか。遠藤周作が信仰の根源を問うたこの作品は、日,197,0,https://books.kuras-plus.com/works/11558ku,"index,follow",true,false,false,false,,index,あらすじあり。index対象。
/works/116rmhz,work,コミック東野圭吾ミステリー,,0,0,https://books.kuras-plus.com/works/116rmhz,"noindex,follow",false,true,false,false,,noindex,"summary・タグともになし。薄いコンテンツとして noindex,follow（既存方針）。"
/works/117lq6t,work,運命の人に出会う話　プチデザ,,0,0,https://books.kuras-plus.com/works/117lq6t,"noindex,follow",false,true,false,false,,noindex,"summary・タグともになし。薄いコンテンツとして noindex,follow（既存方針）。"
/works/118nzua,work,慟哭,連続幼女誘拐事件を追う捜査一課の刑事と、新興宗教にのめり込んでいく男。二つの物語が交錯するとき、衝撃の真実が明らかになる。貫井徳郎のデビュー作であり、叙述トリッ,140,0,https://books.kuras-plus.com/works/118nzua,"index,follow",true,false,false,false,,index,あらすじあり。index対象。
/works/119d1eq,work,ペリリュー ―楽園のゲルニカ―,太平洋戦争のペリリュー島の戦いを舞台にした戦争漫画。戦場の過酷な現実を丁寧かつ人間的な視点で描いており、歴史や戦争の実態を知りたい読者に深く考えさせる重厚な傑作,89,0,https://books.kuras-plus.com/works/119d1eq,"index,follow",true,false,false,false,,index,あらすじあり。index対象。
/works/119zyc2,work,黄金の人工太陽 : 巨大宇宙SF傑作選,宇宙の壮大なスケールを存分に味わえるSFアンソロジー。人工太陽、巨大構造物、星間文明——想像力の限界を押し広げるビッグアイデアが詰まった傑作群を、名アンソロジス,205,0,https://books.kuras-plus.com/works/119zyc2,"index,follow",true,false,false,false,,index,あらすじあり。index対象。
/works/11a4z9p,work,方舟,地下に閉じ込められた9人のサバイバルをめぐる究極の選択を描くクローズドサークルミステリ。ラストの衝撃と論理的に構築された謎解きが絶妙で、一気読み必至の新世代本格,89,0,https://books.kuras-plus.com/works/11a4z9p,"index,follow",true,false,false,false,,index,あらすじあり。index対象。
/works/11ab8ac,work,嘘喰い,,0,0,https://books.kuras-plus.com/works/11ab8ac,"noindex,follow",false,true,false,false,,noindex,"summary・タグともになし。薄いコンテンツとして noindex,follow（既存方針）。"
/works/11ae252,work,僕たちがやりました,不良少年たちが引き起こした爆破事件が引き金となり予想外の展開へと転がるサスペンス漫画。軽いノリから始まる物語が次第に重くなる独特のトーンが持ち味の大人向け作品。,80,0,https://books.kuras-plus.com/works/11ae252,"index,follow",true,false,false,false,,index,あらすじあり。index対象。
/works/11bz3r8,work,働きマン,出版社で働く女性編集者の仕事への情熱と私生活のバランスを描いた大人向けドラマ漫画。仕事に全力で向き合う姿が共感を呼び、働く女性や社会人読者に深く刺さるリアルな社,90,0,https://books.kuras-plus.com/works/11bz3r8,"index,follow",true,false,false,false,,index,あらすじあり。index対象。
/works/11c9fm7,work,ダンジョンに出会いを求めるのは間違っているだろうか.,迷宮都市オラリオを舞台に、駆け出し冒険者ベルが英雄を目指して成長していく王道冒険ファンタジー。大森藤ノが描くゲーム的な世界観と、ベルのひたむきな成長が読者の心を,131,0,https://books.kuras-plus.com/works/11c9fm7,"index,follow",true,false,false,false,,index,あらすじあり。index対象。
/works/11clkr3,work,文蔵 2014．7,,0,0,https://books.kuras-plus.com/works/11clkr3,"index,follow",true,false,false,false,,strengthen,タグのみ。あらすじ追記で強化推奨。
/works/11cpjey,work,PSYREN,,0,0,https://books.kuras-plus.com/works/11cpjey,"noindex,follow",false,true,false,false,,noindex,"summary・タグともになし。薄いコンテンツとして noindex,follow（既存方針）。"
/works/11cu301,work,詩的私的ジャック　JACK THE POETICAL PRIVATE,密室で発見される女性の遺体、そして現場に残された詩のような暗号。犀川創平と西之園萌絵のコンビが挑むS&Mシリーズ第四作は、森博嗣らしい論理と美学が高密度で結晶し,183,0,https://books.kuras-plus.com/works/11cu301,"index,follow",true,false,false,false,,index,あらすじあり。index対象。
/works/11ds4df,work,ハイスクール!奇面組,奇妙な男子グループと周囲の人々が繰り広げる爆笑の学園ギャグ漫画。ユニークなキャラクター設定と毎回の笑えるオチが昭和の少年漫画ファンに愛された作品で、ギャグ漫画の,87,0,https://books.kuras-plus.com/works/11ds4df,"index,follow",true,false,false,false,,index,あらすじあり。index対象。
/works/11e9q0i,work,【期間限定　試し読み増量版】天国大魔境,,0,0,https://books.kuras-plus.com/works/11e9q0i,"noindex,follow",false,true,false,false,,noindex,"summary・タグともになし。薄いコンテンツとして noindex,follow（既存方針）。"
/works/11elje8,work,超人ロック 完全版 超人の死・前編,,0,0,https://books.kuras-plus.com/works/11elje8,"noindex,follow",false,true,false,false,,noindex,"summary・タグともになし。薄いコンテンツとして noindex,follow（既存方針）。"
/works/11fitjc,work,女のいない男たち,女性を失った男たちの喪失と孤独を描く村上春樹の短編集。喪失感の中に滲む記憶と愛の残像を静かで美しい文体で描き、村上文学の繊細な感受性が凝縮された読み応えのある短,83,0,https://books.kuras-plus.com/works/11fitjc,"index,follow",true,false,false,false,,index,あらすじあり。index対象。
/works/11fmcub,work,名探偵コナン,薬で子どもの体にされた高校生探偵が難事件を解き明かす国民的ミステリ漫画。緻密なトリックと幅広い世代が楽しめるエンタメ性で、長年愛され続ける不朽のシリーズ。,77,0,https://books.kuras-plus.com/works/11fmcub,"index,follow",true,false,false,false,,index,あらすじあり。index対象。
/works/11h0fr3,work,花より男子,,0,0,https://books.kuras-plus.com/works/11h0fr3,"noindex,follow",false,true,false,false,,noindex,"summary・タグともになし。薄いコンテンツとして noindex,follow（既存方針）。"
/works/11lc32h,work,氷菓,「やらなくてもいいことなら、やらない」がモットーの省エネ高校生・折木奉太郎が、好奇心旺盛な千反田えるに巻き込まれ日常の謎を解いていく青春ミステリー。米澤穂信のデ,131,0,https://books.kuras-plus.com/works/11lc32h,"index,follow",true,false,false,false,,index,あらすじあり。index対象。
/works/11lodhk,work,おとなりに銀河,隣に住む個性的な二人の距離が縮まっていく様子を描いたほっこりラブコメ漫画。独特のゆったりとしたテンポと温かいキャラクターたちが、日常系恋愛漫画の好きな読者の心を,88,0,https://books.kuras-plus.com/works/11lodhk,"index,follow",true,false,false,false,,index,あらすじあり。index対象。
/works/11nbdgt,work,スタイルズ荘の怪事件,クリスティーのデビュー作にして名探偵ポワロの初登場作品。田舎の豪邸での毒殺事件を舞台に展開する古典的本格ミステリ。ポワロの「灰色の脳細胞」が輝く推理小説の原点的,84,0,https://books.kuras-plus.com/works/11nbdgt,"index,follow",true,false,false,false,,index,あらすじあり。index対象。
/works/11peycq,work,坊っちゃん,,0,0,https://books.kuras-plus.com/works/11peycq,"index,follow",true,false,false,false,,strengthen,タグのみ。あらすじ追記で強化推奨。
/works/11pi0lu,work,ルパン三世Y ：,,0,0,https://books.kuras-plus.com/works/11pi0lu,"noindex,follow",false,true,false,false,,noindex,"summary・タグともになし。薄いコンテンツとして noindex,follow（既存方針）。"
/works/11qdjmx,work,電子文学論,,0,0,https://books.kuras-plus.com/works/11qdjmx,"index,follow",true,false,false,false,,strengthen,タグのみ。あらすじ追記で強化推奨。
/works/11r4083,work,縦スクロール漫画制作の基礎がわかる本 = I'M CURIOUS ABOUT THE WEBTOON DIRECTING FOR THE NEXT EPISODE : 韓国の人気ウェブトゥーン作家が徹底解説,,0,0,https://books.kuras-plus.com/works/11r4083,"noindex,follow",false,true,false,false,,noindex,"summary・タグともになし。薄いコンテンツとして noindex,follow（既存方針）。"
/works/11t7rsz,work,ワンルームエンジェル,,0,0,https://books.kuras-plus.com/works/11t7rsz,"noindex,follow",false,true,false,false,,noindex,"summary・タグともになし。薄いコンテンツとして noindex,follow（既存方針）。"
/works/11tg6wi,work,拳闘暗黒伝セスタス,,0,0,https://books.kuras-plus.com/works/11tg6wi,"noindex,follow",false,true,false,false,,noindex,"summary・タグともになし。薄いコンテンツとして noindex,follow（既存方針）。"
/works/11vnpzt,work,ひぐらしのなく頃に解　皆殺し編,,0,0,https://books.kuras-plus.com/works/11vnpzt,"noindex,follow",false,true,false,false,,noindex,"summary・タグともになし。薄いコンテンツとして noindex,follow（既存方針）。"
/works/11w9ec6,work,魔人探偵脳噛ネウロ,食として謎を喰らう魔人と人間の少女が探偵コンビを組む異色ミステリー漫画。常識を超えた怪奇な謎とキャラクターの強烈な個性が唯一無二の世界観を作り上げ、ミステリーと,92,0,https://books.kuras-plus.com/works/11w9ec6,"index,follow",true,false,false,false,,index,あらすじあり。index対象。
/works/11zhy3t,work,こんなにスゴイ！ 未来のせかい,空飛ぶ車、宇宙旅行、ロボットとの暮らし——科学技術が切り拓く未来の世界をわくわくするイラストとともに紹介する一冊。増田まもるが最新の科学研究をもとに描く未来像は,189,0,https://books.kuras-plus.com/works/11zhy3t,"index,follow",true,false,false,false,,index,あらすじあり。index対象。
/works/11zxl5u,work,緋色の研究,名探偵シャーロック・ホームズとワトスン博士の初めての出会いを描くコナン・ドイルの記念碑的なデビュー作。探偵小説の原点ともいえる作品で、世界中で愛される推理小説の,87,0,https://books.kuras-plus.com/works/11zxl5u,"index,follow",true,false,false,false,,index,あらすじあり。index対象。
/works/1212l77,work,鳩の撃退法,,0,0,https://books.kuras-plus.com/works/1212l77,"index,follow",true,false,false,false,,strengthen,タグのみ。あらすじ追記で強化推奨。
/works/121sfmu,work,スーパーの裏でヤニ吸うふたり,,0,0,https://books.kuras-plus.com/works/121sfmu,"noindex,follow",false,true,false,false,,noindex,"summary・タグともになし。薄いコンテンツとして noindex,follow（既存方針）。"
/works/121zggo,work,三体Ｘ　観想之宙,劉慈欣の「三体」宇宙を舞台に、ファン作家が書き下ろした公式外伝小説。三体世界の核心に迫る壮大なスケールのSF物語で、原作ファンはもちろん、宇宙の神秘と文明の謎に,90,0,https://books.kuras-plus.com/works/121zggo,"index,follow",true,false,false,false,,index,あらすじあり。index対象。
/works/1234ftj,work,チェーザレ破壊の創造者,,0,0,https://books.kuras-plus.com/works/1234ftj,"noindex,follow",false,true,false,false,,noindex,"summary・タグともになし。薄いコンテンツとして noindex,follow（既存方針）。"
/works/1247bp1,work,金田一少年の事件簿　２０周年記念シリーズ,,0,0,https://books.kuras-plus.com/works/1247bp1,"noindex,follow",false,true,false,false,,noindex,"summary・タグともになし。薄いコンテンツとして noindex,follow（既存方針）。"
/works/1248p8i,work,平和の国の島崎へ,,0,0,https://books.kuras-plus.com/works/1248p8i,"noindex,follow",false,true,false,false,,noindex,"summary・タグともになし。薄いコンテンツとして noindex,follow（既存方針）。"
/works/124bv6r,work,マンガでわかる実践MOT！,,0,0,https://books.kuras-plus.com/works/124bv6r,"noindex,follow",false,true,false,false,,noindex,"summary・タグともになし。薄いコンテンツとして noindex,follow（既存方針）。"
/works/12532xp,work,僕だけがいない街,タイムリープを駆使して過去の事件を防ごうとする青年を描くサスペンス漫画。緻密な伏線と息をのむ展開が絡み合う、大人も子どもも夢中になるスリリングな傑作。,75,0,https://books.kuras-plus.com/works/12532xp,"index,follow",true,false,false,false,,index,あらすじあり。index対象。
/works/1256yu3,work,【期間限定　無料お試し版】ピンポン,,0,0,https://books.kuras-plus.com/works/1256yu3,"noindex,follow",false,true,false,false,,noindex,"summary・タグともになし。薄いコンテンツとして noindex,follow（既存方針）。"
/works/125bwha,work,デッドマウント・デスプレイ,,0,0,https://books.kuras-plus.com/works/125bwha,"noindex,follow",false,true,false,false,,noindex,"summary・タグともになし。薄いコンテンツとして noindex,follow（既存方針）。"
/works/1268r9q,work,クライマーズ・ハイ,一九八五年八月十二日、日航ジャンボ機が御巣鷹山に墜落した。地元紙の遊軍記者・悠木和雅は、未曾有の大事故の全権デスクに指名される。締め切りに追われる編集局の熱狂、,195,0,https://books.kuras-plus.com/works/1268r9q,"index,follow",true,false,false,false,,index,あらすじあり。index対象。
/works/126rksb,work,ＤＥＡＲ　ＢＯＹＳ　ＡＣＴ　３,,0,0,https://books.kuras-plus.com/works/126rksb,"noindex,follow",false,true,false,false,,noindex,"summary・タグともになし。薄いコンテンツとして noindex,follow（既存方針）。"
/works/1277cjk,work,百姓貴族,,0,0,https://books.kuras-plus.com/works/1277cjk,"noindex,follow",false,true,false,false,,noindex,"summary・タグともになし。薄いコンテンツとして noindex,follow（既存方針）。"
/works/127eok0,work,3×3EYES,,0,0,https://books.kuras-plus.com/works/127eok0,"noindex,follow",false,true,false,false,,noindex,"summary・タグともになし。薄いコンテンツとして noindex,follow（既存方針）。"
/works/127kkds,work,名前探しの放課後（上）,高校生が「クラスメートの自死を防ぐ」使命を帯びて奔走する青春ミステリの上巻。学校という閉鎖的な空間での人間関係と謎解きが絡み合う、辻村深月らしい感動とサスペンス,88,0,https://books.kuras-plus.com/works/127kkds,"index,follow",true,false,false,false,,index,あらすじあり。index対象。
/works/127zlf6,work,人魚の眠る家,プールの事故で脳死状態になった幼い娘。離婚を控えていた夫婦は、最先端技術で娘の体を動かし続けるという選択をする。「この子は生きている」と信じる母の愛は、やがて周,190,0,https://books.kuras-plus.com/works/127zlf6,"index,follow",true,false,false,false,,index,あらすじあり。index対象。
/works/1285mkv,work,じゃりン子チエ【新訂版】 ：,,0,0,https://books.kuras-plus.com/works/1285mkv,"noindex,follow",false,true,false,false,,noindex,"summary・タグともになし。薄いコンテンツとして noindex,follow（既存方針）。"
/works/12aydez,work,ラッシュライフ,複数の登場人物の物語が絡み合い、最後に一つの大きな絵を描く伊坂幸太郎の群像劇ミステリ。パズルのように物語が組み上がる快感と洒脱な会話が魅力で、読了後の爽快感が格,85,0,https://books.kuras-plus.com/works/12aydez,"index,follow",true,false,false,false,,index,あらすじあり。index対象。
/works/12b5js9,work,迷宮ブラックカンパニー,,0,0,https://books.kuras-plus.com/works/12b5js9,"noindex,follow",false,true,false,false,,noindex,"summary・タグともになし。薄いコンテンツとして noindex,follow（既存方針）。"
/works/12ca8ym,work,衛宮さんちの今日のごはん (1),,0,0,https://books.kuras-plus.com/works/12ca8ym,"noindex,follow",false,true,false,false,,noindex,"summary・タグともになし。薄いコンテンツとして noindex,follow（既存方針）。"
/works/12cfkzw,work,透明なゆりかご～産婦人科医院看護師見習い日記～,,0,0,https://books.kuras-plus.com/works/12cfkzw,"noindex,follow",false,true,false,false,,noindex,"summary・タグともになし。薄いコンテンツとして noindex,follow（既存方針）。"
/works/12cyu4a,work,【話販売】運命の人に出会う話　第１３話　誕生日（前半）,,0,0,https://books.kuras-plus.com/works/12cyu4a,"noindex,follow",false,true,false,false,,noindex,"summary・タグともになし。薄いコンテンツとして noindex,follow（既存方針）。"
/works/12dp8ja,work,銀魂THE FINAL : アニメコミックス,,0,0,https://books.kuras-plus.com/works/12dp8ja,"noindex,follow",false,true,false,false,,noindex,"summary・タグともになし。薄いコンテンツとして noindex,follow（既存方針）。"
/works/12dqktl,work,それでも歩は寄せてくる,将棋部の後輩男子に毎回求婚される先輩女子の日常を描く4コマラブコメ漫画。将棋を絡めた素朴なギャグとほのかな恋心が温かく、短時間でサクサク読める癒し系作品。,77,0,https://books.kuras-plus.com/works/12dqktl,"index,follow",true,false,false,false,,index,あらすじあり。index対象。
/works/12fg7if,work,元悪役令嬢とS級冒険者のほのぼの街暮らし~不遇なキャラに転生してたけど、理想の美女になれたからプラマイゼロだよね~@COMIC,,0,0,https://books.kuras-plus.com/works/12fg7if,"noindex,follow",false,true,false,false,,noindex,"summary・タグともになし。薄いコンテンツとして noindex,follow（既存方針）。"
/works/12gkr96,work,Mr.FULLSWING,野球の天才・椿一球を中心に高校球児たちの青春と成長を描くギャグテイストの野球漫画。笑いとスポーツの熱さを絶妙に融合させた、少年ジャンプらしいエンタメ野球コメディ,81,0,https://books.kuras-plus.com/works/12gkr96,"index,follow",true,false,false,false,,index,あらすじあり。index対象。
/works/12gyi5r,work,秋期限定栗きんとん事件 上,米澤穂信の「小市民シリーズ」第三作・上巻。お互いの「悪い部分」を封印しようと誓った二人の主人公が秋の日常に巻き込まれる事件を描く、甘くほろ苦い青春ミステリ。,78,0,https://books.kuras-plus.com/works/12gyi5r,"index,follow",true,false,false,false,,index,あらすじあり。index対象。
/works/12hk9nc,work,グルメ学園トリコ,,0,0,https://books.kuras-plus.com/works/12hk9nc,"noindex,follow",false,true,false,false,,noindex,"summary・タグともになし。薄いコンテンツとして noindex,follow（既存方針）。"
/works/12l8u9r,work,不哭不哭，痛痛飛走吧,,0,0,https://books.kuras-plus.com/works/12l8u9r,"index,follow",true,false,false,false,,strengthen,タグのみ。あらすじ追記で強化推奨。
/works/12lrnyh,work,ReLIFE,,0,0,https://books.kuras-plus.com/works/12lrnyh,"noindex,follow",false,true,false,false,,noindex,"summary・タグともになし。薄いコンテンツとして noindex,follow（既存方針）。"
/works/12lt7gf,work,スプートニクの恋人,女性同士の恋愛と謎の失踪を軸に展開する村上春樹の長編。現実と幻想が溶け合う独特の世界観と孤独への深い洞察が光り、村上文学特有の静謐で詩的な語りが心に残る一冊。,79,0,https://books.kuras-plus.com/works/12lt7gf,"index,follow",true,false,false,false,,index,あらすじあり。index対象。
/works/12mb70b,work,鞄図書館 = Stories of the Library in a Bag Volume3,,0,0,https://books.kuras-plus.com/works/12mb70b,"noindex,follow",false,true,false,false,,noindex,"summary・タグともになし。薄いコンテンツとして noindex,follow（既存方針）。"
/works/12n7ldn,work,吾輩は猫である,,0,0,https://books.kuras-plus.com/works/12n7ldn,"index,follow",true,false,false,false,,strengthen,タグのみ。あらすじ追記で強化推奨。
/works/12rxeh4,work,海辺のカフカ,15歳の少年「カフカ」が家出をして四国の図書館に身を寄せる物語と、猫と話せる老人ナカタさんの物語が交錯する村上春樹の長編小説。現実と幻想が入り混じる不思議な世界,133,0,https://books.kuras-plus.com/works/12rxeh4,"index,follow",true,false,false,false,,index,あらすじあり。index対象。
/works/12s50ay,work,どちらかが彼女を殺した,犯人の名を読者に提示しながら真実を明かさない東野圭吾流の倒叙ミステリ。読者が自ら推理を進めながら読む参加型の趣向が斬新で、ミステリの新たな楽しみ方を提供する実験,86,0,https://books.kuras-plus.com/works/12s50ay,"index,follow",true,false,false,false,,index,あらすじあり。index対象。
/works/12t3gga,work,ダンジョンに出会いを求めるのは間違っているだろうか : メモリア・フレーゼ : 聖夜の夢想歌,,0,0,https://books.kuras-plus.com/works/12t3gga,"noindex,follow",false,true,false,false,,noindex,"summary・タグともになし。薄いコンテンツとして noindex,follow（既存方針）。"
/works/12toa9m,work,ソロモンの犬,大学生たちの夏の事故をめぐる悲しみと謎を丁寧に描いた道尾秀介のミステリ小説。心理描写の巧みさと叙情的な文体が生み出す余韻が心に残る、読み終えた後に深く考えさせら,85,0,https://books.kuras-plus.com/works/12toa9m,"index,follow",true,false,false,false,,index,あらすじあり。index対象。
/works/12um4f3,work,八男って、それはないでしょう！,,0,0,https://books.kuras-plus.com/works/12um4f3,"noindex,follow",false,true,false,false,,noindex,"summary・タグともになし。薄いコンテンツとして noindex,follow（既存方針）。"
/works/12vm7mq,work,しゃばけ,,0,0,https://books.kuras-plus.com/works/12vm7mq,"index,follow",true,false,false,false,,strengthen,タグのみ。あらすじ追記で強化推奨。
/works/12wl2nz,work,ゆるキャン△アニメコミック,,0,0,https://books.kuras-plus.com/works/12wl2nz,"noindex,follow",false,true,false,false,,noindex,"summary・タグともになし。薄いコンテンツとして noindex,follow（既存方針）。"
/works/12wnl5u,work,ハヤテのごとく！ 完全版,,0,0,https://books.kuras-plus.com/works/12wnl5u,"noindex,follow",false,true,false,false,,noindex,"summary・タグともになし。薄いコンテンツとして noindex,follow（既存方針）。"
/works/12xra9b,work,ママレード・ボーイ,,0,0,https://books.kuras-plus.com/works/12xra9b,"noindex,follow",false,true,false,false,,noindex,"summary・タグともになし。薄いコンテンツとして noindex,follow（既存方針）。"
/works/12xtkew,work,戦国番狂わせ七番勝負,,0,0,https://books.kuras-plus.com/works/12xtkew,"noindex,follow",false,true,false,false,,noindex,"summary・タグともになし。薄いコンテンツとして noindex,follow（既存方針）。"
/works/12y9hbb,work,なるたる,少女と「竜の子」と呼ばれる不思議な生き物の交流から始まる、見た目に反して深く重いダークファンタジー漫画。可愛らしい絵柄の奥に潜む深い問いかけが心に刺さる問題作。,80,0,https://books.kuras-plus.com/works/12y9hbb,"index,follow",true,false,false,false,,index,あらすじあり。index対象。
/works/12yb0th,work,虹色デイズ,,0,0,https://books.kuras-plus.com/works/12yb0th,"noindex,follow",false,true,false,false,,noindex,"summary・タグともになし。薄いコンテンツとして noindex,follow（既存方針）。"
/works/12yxlsz,work,アド・アストラ : スキピオとハンニバル,,0,0,https://books.kuras-plus.com/works/12yxlsz,"noindex,follow",false,true,false,false,,noindex,"summary・タグともになし。薄いコンテンツとして noindex,follow（既存方針）。"
/works/130uht2,work,逆転裁判,,0,0,https://books.kuras-plus.com/works/130uht2,"noindex,follow",false,true,false,false,,noindex,"summary・タグともになし。薄いコンテンツとして noindex,follow（既存方針）。"
/works/1314k6c,work,switch : NEW ERA!BASKETBALL COMIC.,,0,0,https://books.kuras-plus.com/works/1314k6c,"noindex,follow",false,true,false,false,,noindex,"summary・タグともになし。薄いコンテンツとして noindex,follow（既存方針）。"
/works/133jkjs,work,何者,就職活動に挑む大学生五人の群像劇。SNSで自分を演出し、互いを値踏みし合う彼らの姿を、朝井リョウは冷徹な筆致で描き出す。直木賞を受賞した本作は、「何者かになりた,198,0,https://books.kuras-plus.com/works/133jkjs,"index,follow",true,false,false,false,,index,あらすじあり。index対象。
/works/1389kem,work,忘却バッテリー,天才捕手だったが記憶を失った少年と、かつてのバッテリーを組んだ元エース投手の再会を描く野球漫画。ユーモアと熱量が絶妙なバランスで融合した、スポーツと青春と笑いが,88,0,https://books.kuras-plus.com/works/1389kem,"index,follow",true,false,false,false,,index,あらすじあり。index対象。
/works/138ati0,work,魔法陣グルグル,勇者と魔法少女がドジながらも魔王を倒す旅を描く王道パロディファンタジーギャグ漫画。ほのぼのとした雰囲気と愛らしいキャラクターが詰まった、家族みんなで楽しめる名作,85,0,https://books.kuras-plus.com/works/138ati0,"index,follow",true,false,false,false,,index,あらすじあり。index対象。
/works/138oxfm,work,【期間限定　試し読み増量版】忍者と極道,,0,0,https://books.kuras-plus.com/works/138oxfm,"noindex,follow",false,true,false,false,,noindex,"summary・タグともになし。薄いコンテンツとして noindex,follow（既存方針）。"
/works/138tggn,work,バキ道,,0,0,https://books.kuras-plus.com/works/138tggn,"noindex,follow",false,true,false,false,,noindex,"summary・タグともになし。薄いコンテンツとして noindex,follow（既存方針）。"
/works/1392eed,work,デスノート,,0,0,https://books.kuras-plus.com/works/1392eed,"noindex,follow",false,true,false,false,,noindex,"summary・タグともになし。薄いコンテンツとして noindex,follow（既存方針）。"
/works/13ar4t7,work,ＧＡ文庫＆ＧＡノベル２０２０年９月の新刊　全作品立読み（合本版）,,0,0,https://books.kuras-plus.com/works/13ar4t7,"index,follow",true,false,false,false,,strengthen,タグのみ。あらすじ追記で強化推奨。
/works/13avem1,work,文芸年鑑,日本の文芸界の一年を総覧する公式記録。その年に発表された小説、評論、詩歌、戯曲などを網羅的に収録し、文壇の動向を俯瞰できる貴重な資料集である。受賞作品の一覧、作,211,0,https://books.kuras-plus.com/works/13avem1,"index,follow",true,false,false,false,,index,あらすじあり。index対象。
/works/13cs9je,work,セーラー服と機関銃,父の死により、女子高生の星泉はヤクザ組織の組長を継ぐことになる。わずか四人の組員とともに、巨大な敵組織に立ち向かう少女の姿は痛快そのもの。「カ・イ・カ・ン」の名,167,0,https://books.kuras-plus.com/works/13cs9je,"index,follow",true,false,false,false,,index,あらすじあり。index対象。
/works/13df8fh,work,ゲゲゲの鬼太郎,,0,0,https://books.kuras-plus.com/works/13df8fh,"noindex,follow",false,true,false,false,,noindex,"summary・タグともになし。薄いコンテンツとして noindex,follow（既存方針）。"
/works/13e43d4,work,闇に消えた花嫁,赤川次郎が贈るサスペンスミステリ。日常に潜む謎と軽妙なテンポで物語が展開し、一気読み必至。幅広い世代に愛される著者らしいエンタメ性の高い作品。,71,0,https://books.kuras-plus.com/works/13e43d4,"index,follow",true,false,false,false,,index,あらすじあり。index対象。
/works/13eliwg,work,修羅の門第弐門,,0,0,https://books.kuras-plus.com/works/13eliwg,"noindex,follow",false,true,false,false,,noindex,"summary・タグともになし。薄いコンテンツとして noindex,follow（既存方針）。"
/works/13fere3,work,時代小説で読む！ 北海道の幕末・維新,,0,0,https://books.kuras-plus.com/works/13fere3,"noindex,follow",false,true,false,false,,noindex,"summary・タグともになし。薄いコンテンツとして noindex,follow（既存方針）。"
/works/13ftpyv,work,少女終末旅行,文明が滅びた世界の廃墟を二人の少女が旅し続ける終末SFコミック。静謐でどこか哲学的な雰囲気と、二人の穏やかな関係性が独特の余韻を生む。静かで深みのある漫画を求め,87,0,https://books.kuras-plus.com/works/13ftpyv,"index,follow",true,false,false,false,,index,あらすじあり。index対象。
/works/13g0kwn,work,花の慶次,,0,0,https://books.kuras-plus.com/works/13g0kwn,"noindex,follow",false,true,false,false,,noindex,"summary・タグともになし。薄いコンテンツとして noindex,follow（既存方針）。"
/works/13g58e0,work,2022ザ・ベストミステリーズ,,0,0,https://books.kuras-plus.com/works/13g58e0,"index,follow",true,false,false,false,,strengthen,タグのみ。あらすじ追記で強化推奨。
/works/13i1mza,work,Sunny,児童養護施設で暮らす子供たちの日常と心の機微を描いた人間ドラマ漫画。傷を抱えながらも逞しく生きる子供たちのリアルな姿と感情が静かに胸に迫る作品。,72,0,https://books.kuras-plus.com/works/13i1mza,"index,follow",true,false,false,false,,index,あらすじあり。index対象。
/works/13id9vk,work,税金で買った本,,0,0,https://books.kuras-plus.com/works/13id9vk,"noindex,follow",false,true,false,false,,noindex,"summary・タグともになし。薄いコンテンツとして noindex,follow（既存方針）。"
/works/13jkti1,work,マンガでわかる元素118 : 元素の発見者から意外な歴史、最先端の応用テクノロジーまで,,0,0,https://books.kuras-plus.com/works/13jkti1,"noindex,follow",false,true,false,false,,noindex,"summary・タグともになし。薄いコンテンツとして noindex,follow（既存方針）。"
/works/13kaj6m,work,「カラスの親指」シリーズ　合本版,詐欺師コンビが繰り広げる、痛快でほろ苦い騙しの物語。道尾秀介が仕掛ける巧みなミステリーの技巧は、読者の予想を幾重にも裏切りながら、最後に深い余韻を残す。合本版で,190,0,https://books.kuras-plus.com/works/13kaj6m,"index,follow",true,false,false,false,,index,あらすじあり。index対象。
/works/13lc6sd,work,悪魔の花嫁　最終章,,0,0,https://books.kuras-plus.com/works/13lc6sd,"noindex,follow",false,true,false,false,,noindex,"summary・タグともになし。薄いコンテンツとして noindex,follow（既存方針）。"
/works/13lsawo,work,学校怪談（14）,,0,0,https://books.kuras-plus.com/works/13lsawo,"noindex,follow",false,true,false,false,,noindex,"summary・タグともになし。薄いコンテンツとして noindex,follow（既存方針）。"
/works/13pvdrg,work,小説君の名は。,,0,0,https://books.kuras-plus.com/works/13pvdrg,"index,follow",true,false,false,false,,strengthen,タグのみ。あらすじ追記で強化推奨。
/works/13qk5v8,work,新クロサギ : 戦慓の詐欺サスペンス. 1 (二重詐欺),,0,0,https://books.kuras-plus.com/works/13qk5v8,"noindex,follow",false,true,false,false,,noindex,"summary・タグともになし。薄いコンテンツとして noindex,follow（既存方針）。"
/works/13r7gfr,work,ハンターキラー美奈,,0,0,https://books.kuras-plus.com/works/13r7gfr,"noindex,follow",false,true,false,false,,noindex,"summary・タグともになし。薄いコンテンツとして noindex,follow（既存方針）。"
/works/13uwp7i,work,有栖川有栖の密室大図鑑,本格ミステリの名手・有栖川有栖が古今東西の密室トリックを徹底解説した図鑑。ミステリファン必携の一冊で、謎解きの醍醐味と知的興奮を存分に味わえる。,72,0,https://books.kuras-plus.com/works/13uwp7i,"index,follow",true,false,false,false,,index,あらすじあり。index対象。
/works/13wamed,work,西の魔女が死んだ,中学校に馴染めない少女が田舎のおばあちゃんと過ごす夏を描いた成長物語。「魔女修行」を通じて自立や生きる力を学ぶ主人公の姿が、静かで美しい自然描写とともに心に深く,87,0,https://books.kuras-plus.com/works/13wamed,"index,follow",true,false,false,false,,index,あらすじあり。index対象。
/works/13x7uf1,work,金田一少年の事件簿外伝　犯人たちの事件簿,,0,0,https://books.kuras-plus.com/works/13x7uf1,"noindex,follow",false,true,false,false,,noindex,"summary・タグともになし。薄いコンテンツとして noindex,follow（既存方針）。"
/works/13yner9,work,ワールドトリガー,異次元からの侵略者と戦うボーダーという組織を舞台にした戦術バトル漫画。キャラクター数の多さと緻密な戦略描写が際立ち、頭脳戦が好きな読者に深く刺さる作品。,76,0,https://books.kuras-plus.com/works/13yner9,"index,follow",true,false,false,false,,index,あらすじあり。index対象。
/works/13zwbr4,work,I”s(アイズ)1,幼い頃の約束を胸に恋する少年の青春ラブコメ漫画。桂正和ならではの美麗な画力と甘酸っぱい恋愛描写が魅力で、純粋な青春漫画と美しいキャラクターデザインを楽しみたい読,88,0,https://books.kuras-plus.com/works/13zwbr4,"index,follow",true,false,false,false,,index,あらすじあり。index対象。
/works/141cvil,work,エンジェルハート,,0,0,https://books.kuras-plus.com/works/141cvil,"noindex,follow",false,true,false,false,,noindex,"summary・タグともになし。薄いコンテンツとして noindex,follow（既存方針）。"
/works/141lqqr,work,西の善き魔女,,0,0,https://books.kuras-plus.com/works/141lqqr,"index,follow",true,false,false,false,,strengthen,タグのみ。あらすじ追記で強化推奨。
/works/143jzel,work,capeta,カートレースに魅せられた少年・片平太陽がトップドライバーを目指す成長を描くモータースポーツ漫画。速さへの純粋な情熱とレースの緊迫感が、読む者の胸を熱くする傑作ス,86,0,https://books.kuras-plus.com/works/143jzel,"index,follow",true,false,false,false,,index,あらすじあり。index対象。
/works/144zihj,work,独白するユニバーサル横メルカトル,,0,0,https://books.kuras-plus.com/works/144zihj,"index,follow",true,false,false,false,,strengthen,タグのみ。あらすじ追記で強化推奨。
/works/145egd2,work,誰にでもできる恋愛,,0,0,https://books.kuras-plus.com/works/145egd2,"index,follow",true,false,false,false,,strengthen,タグのみ。あらすじ追記で強化推奨。
/works/146wdn2,work,超人ロック 完全版 ロード・レオン,,0,0,https://books.kuras-plus.com/works/146wdn2,"noindex,follow",false,true,false,false,,noindex,"summary・タグともになし。薄いコンテンツとして noindex,follow（既存方針）。"
/works/148kkn4,work,いちご100％ モノクロ版,,0,0,https://books.kuras-plus.com/works/148kkn4,"noindex,follow",false,true,false,false,,noindex,"summary・タグともになし。薄いコンテンツとして noindex,follow（既存方針）。"
/works/14ajvzy,work,私の推しは悪役令嬢。　連載版:,,0,0,https://books.kuras-plus.com/works/14ajvzy,"noindex,follow",false,true,false,false,,noindex,"summary・タグともになし。薄いコンテンツとして noindex,follow（既存方針）。"
/works/14bnz1z,work,紛争でしたら八田まで,,0,0,https://books.kuras-plus.com/works/14bnz1z,"noindex,follow",false,true,false,false,,noindex,"summary・タグともになし。薄いコンテンツとして noindex,follow（既存方針）。"
/works/14bp3nt,work,闇の守り人,女用心棒バルサは、故郷カンバルへと帰還する。そこで待っていたのは、かつて自分と養父ジグロの運命を狂わせた闇の記憶だった。「守り人」シリーズ第二作は、バルサの壮絶,176,0,https://books.kuras-plus.com/works/14bp3nt,"index,follow",true,false,false,false,,index,あらすじあり。index対象。
/works/14cbkc6,work,暁のヨナ【YONA MEMORIAL イラスト集付き特装版】,,0,0,https://books.kuras-plus.com/works/14cbkc6,"noindex,follow",false,true,false,false,,noindex,"summary・タグともになし。薄いコンテンツとして noindex,follow（既存方針）。"
/works/14e7y6a,work,ダンス・ダンス・ダンス,「羊をめぐる冒険」の続編として80年代日本の消費社会を舞台に展開する村上春樹の長編小説。喪失感と孤独の中を彷徨う主人公の内面世界を独特の文体で描く、村上文学の転,87,0,https://books.kuras-plus.com/works/14e7y6a,"index,follow",true,false,false,false,,index,あらすじあり。index対象。
/works/14ekgck,work,現代少女とその教育,近代日本における少女の教育をめぐる議論と実践を考察した貴重な論考。沼田笠峰が当時の社会状況を踏まえながら、少女たちに何を教え、どう育てるべきかを真摯に問いかける,190,0,https://books.kuras-plus.com/works/14ekgck,"index,follow",true,false,false,false,,index,あらすじあり。index対象。
/works/14h59th,work,YAIBA,,0,0,https://books.kuras-plus.com/works/14h59th,"noindex,follow",false,true,false,false,,noindex,"summary・タグともになし。薄いコンテンツとして noindex,follow（既存方針）。"
/works/14ipusi,work,ダイヤのA,,0,0,https://books.kuras-plus.com/works/14ipusi,"noindex,follow",false,true,false,false,,noindex,"summary・タグともになし。薄いコンテンツとして noindex,follow（既存方針）。"
/works/14l2jos,work,文蔵 2012.6,,0,0,https://books.kuras-plus.com/works/14l2jos,"index,follow",true,false,false,false,,strengthen,タグのみ。あらすじ追記で強化推奨。
/works/14ldl07,work,どうせ、恋してしまうんだ。,恋に不器用な登場人物たちが繰り広げる甘くもどかしいラブコメ漫画。恋愛の初々しさとじれったさが丁寧に描かれており、胸キュンなロマンスを求める少女漫画読者にぴったり,84,0,https://books.kuras-plus.com/works/14ldl07,"index,follow",true,false,false,false,,index,あらすじあり。index対象。
/works/14mhy4q,work,ぼくらの,謎の巨大ロボットを操ることになった子どもたちの過酷な運命を描くSFドラマ漫画。重いテーマと登場人物たちの人間的な葛藤が深く心に刺さる、ダークで哲学的な名作。大人,91,0,https://books.kuras-plus.com/works/14mhy4q,"index,follow",true,false,false,false,,index,あらすじあり。index対象。
/works/14n79l0,work,魔法使いの嫁,幻想的な世界観と少女の成長が紡ぐ美しいファンタジー,25,0,https://books.kuras-plus.com/works/14n79l0,"index,follow",true,false,false,false,,index,あらすじあり。index対象。
/works/14osl1d,work,大ダーク,独特のダークファンタジー世界を舞台にした林田球の意欲作。不思議な生き物たちが息づく不条理で美しい世界観が魅力で、個性的なアート性の高い漫画を求める読者を存分に満,85,0,https://books.kuras-plus.com/works/14osl1d,"index,follow",true,false,false,false,,index,あらすじあり。index対象。
/works/14ot26j,work,チ。 ―地球の運動について―【単話】,,0,0,https://books.kuras-plus.com/works/14ot26j,"noindex,follow",false,true,false,false,,noindex,"summary・タグともになし。薄いコンテンツとして noindex,follow（既存方針）。"
/works/14ufh47,work,ぼくは明日、昨日のきみとデートする,ある秘密を抱えた時間軸が逆方向に流れるヒロインとの、切なくも美しい純愛ラブストーリー。読み進めるほどに明かされる設定の妙と、あふれ出る感動が涙を誘う、映画化もさ,89,0,https://books.kuras-plus.com/works/14ufh47,"index,follow",true,false,false,false,,index,あらすじあり。index対象。
/works/14w1n6c,work,もっとすごい!!「このミステリーがすごい!」,,0,0,https://books.kuras-plus.com/works/14w1n6c,"index,follow",true,false,false,false,,strengthen,タグのみ。あらすじ追記で強化推奨。
/works/14wjc1d,work,少女Null,,0,0,https://books.kuras-plus.com/works/14wjc1d,"noindex,follow",false,true,false,false,,noindex,"summary・タグともになし。薄いコンテンツとして noindex,follow（既存方針）。"
/works/14x6v1k,work,婚約破棄された令嬢を拾った俺が、イケナイことを教え込む : 美味しいものを食べさせておしゃれをさせて、世界一幸せな少女にプロデュース!,,0,0,https://books.kuras-plus.com/works/14x6v1k,"index,follow",true,false,false,false,,strengthen,タグのみ。あらすじ追記で強化推奨。
/works/14zf6o9,work,覚悟のススメ（2）,,0,0,https://books.kuras-plus.com/works/14zf6o9,"noindex,follow",false,true,false,false,,noindex,"summary・タグともになし。薄いコンテンツとして noindex,follow（既存方針）。"
/works/1506bc5,work,あしたのジョー,孤独な流れ者の少年がボクシングで自己を燃やし尽くす昭和の伝説的スポーツ漫画。燃え上がる情熱と青春の絶唱、人間の純粋さが描かれた国民的名作で、スポ根・青春ドラマの,95,0,https://books.kuras-plus.com/works/1506bc5,"index,follow",true,false,false,false,,index,あらすじあり。index対象。
/works/151yuzi,work,少女Null,特殊な能力を持つ少女を巡る謎と戦いを描くSFアクション漫画。独特の世界観と少女の秘密が物語を引っ張り、読み進めるほど深まる伏線と謎解きが楽しめる注目作。,76,0,https://books.kuras-plus.com/works/151yuzi,"index,follow",true,false,false,false,,index,あらすじあり。index対象。
/works/152bgmg,work,では人類、ごきげんよう,,0,0,https://books.kuras-plus.com/works/152bgmg,"index,follow",true,false,false,false,,strengthen,タグのみ。あらすじ追記で強化推奨。
/works/1540v1f,work,呪術廻戦,スタイリッシュな呪術バトルと濃密なキャラが魅力,23,0,https://books.kuras-plus.com/works/1540v1f,"index,follow",true,false,false,false,,index,あらすじあり。index対象。
/works/154nqi5,work,葬送のフリーレン,魔王を倒した後の世界を、長命のエルフ・フリーレンが仲間の記憶を辿りながら旅し続けるファンタジー漫画。過ぎ去った時間と人の記憶をテーマに、静謐で深い感動が積み重な,87,0,https://books.kuras-plus.com/works/154nqi5,"index,follow",true,false,false,false,,index,あらすじあり。index対象。
/works/1551akb,work,変な家,,0,0,https://books.kuras-plus.com/works/1551akb,"noindex,follow",false,true,false,false,,noindex,"summary・タグともになし。薄いコンテンツとして noindex,follow（既存方針）。"
/works/1558cm4,work,ワカコ酒,,0,0,https://books.kuras-plus.com/works/1558cm4,"index,follow",true,false,false,false,,strengthen,タグのみ。あらすじ追記で強化推奨。
/works/155q5pb,work,東京ミュウミュウなかよし60周年記念版,,0,0,https://books.kuras-plus.com/works/155q5pb,"noindex,follow",false,true,false,false,,noindex,"summary・タグともになし。薄いコンテンツとして noindex,follow（既存方針）。"
/works/156ms69,work,マンガでわかる超ひも理論 : 宇宙のあらゆる謎を解き明かす究極の理論とは?,,0,0,https://books.kuras-plus.com/works/156ms69,"noindex,follow",false,true,false,false,,noindex,"summary・タグともになし。薄いコンテンツとして noindex,follow（既存方針）。"
/works/156ola2,work,パタリロ！,,0,0,https://books.kuras-plus.com/works/156ola2,"noindex,follow",false,true,false,false,,noindex,"summary・タグともになし。薄いコンテンツとして noindex,follow（既存方針）。"
/works/156varz,work,ブルーロック,日本サッカーを変えるため、「世界一のエゴイストストライカー」を育成する極限のサッカー漫画。自己を極限まで高める熱い競争と心理戦が繰り広げられる、勝負の世界を描く,92,0,https://books.kuras-plus.com/works/156varz,"index,follow",true,false,false,false,,index,あらすじあり。index対象。
/works/156z0cp,work,世紀末リーダー伝たけし!ワイド判,,0,0,https://books.kuras-plus.com/works/156z0cp,"noindex,follow",false,true,false,false,,noindex,"summary・タグともになし。薄いコンテンツとして noindex,follow（既存方針）。"
/works/15707lt,work,村上春樹と小説の現在,日本近代文学会が村上春樹という現象を学術的に分析した論文集。文学研究の最前線から、春樹作品のテクスト分析、翻訳文学との関係、グローバルな受容、ポストモダン文学と,210,0,https://books.kuras-plus.com/works/15707lt,"index,follow",true,false,false,false,,index,あらすじあり。index対象。
/works/1576bb9,work,魔入りました!入間くん,,0,0,https://books.kuras-plus.com/works/1576bb9,"noindex,follow",false,true,false,false,,noindex,"summary・タグともになし。薄いコンテンツとして noindex,follow（既存方針）。"
/works/1580948,work,スレイヤーズ!,,0,0,https://books.kuras-plus.com/works/1580948,"index,follow",true,false,false,false,,strengthen,タグのみ。あらすじ追記で強化推奨。
/works/159vnzt,work,ピーチガール,,0,0,https://books.kuras-plus.com/works/159vnzt,"noindex,follow",false,true,false,false,,noindex,"summary・タグともになし。薄いコンテンツとして noindex,follow（既存方針）。"
/works/159w0be,work,漂流教室,突然荒廃した未来世界に飛ばされた小学校の児童たちのサバイバルを描く楳図かずおの古典的名作。子どもたちの恐怖と生への意志を描いた、時代を超えて読まれるホラー漫画の,84,0,https://books.kuras-plus.com/works/159w0be,"index,follow",true,false,false,false,,index,あらすじあり。index対象。
/works/15avs27,work,ポーの一族 青のパンドラ,,0,0,https://books.kuras-plus.com/works/15avs27,"noindex,follow",false,true,false,false,,noindex,"summary・タグともになし。薄いコンテンツとして noindex,follow（既存方針）。"
/works/15e3eus,work,巨人の星,,0,0,https://books.kuras-plus.com/works/15e3eus,"noindex,follow",false,true,false,false,,noindex,"summary・タグともになし。薄いコンテンツとして noindex,follow（既存方針）。"
/works/15ea61x,work,魔女の旅々,,0,0,https://books.kuras-plus.com/works/15ea61x,"noindex,follow",false,true,false,false,,noindex,"summary・タグともになし。薄いコンテンツとして noindex,follow（既存方針）。"
/works/15etwlo,work,ABC殺人事件,,0,0,https://books.kuras-plus.com/works/15etwlo,"index,follow",true,false,false,false,,strengthen,タグのみ。あらすじ追記で強化推奨。
/works/15gm9sp,work,『指輪物語』の真実,,0,0,https://books.kuras-plus.com/works/15gm9sp,"index,follow",true,false,false,false,,strengthen,タグのみ。あらすじ追記で強化推奨。
/works/15gr0br,work,86,,0,0,https://books.kuras-plus.com/works/15gr0br,"noindex,follow",false,true,false,false,,noindex,"summary・タグともになし。薄いコンテンツとして noindex,follow（既存方針）。"
/works/15h33mf,work,村上春樹が英語で楽しく読める本,村上春樹の作品を英語で読んでみたい——そんな願いを叶える実践的な語学ガイド。日本語原文と英訳を照らし合わせながら、翻訳のニュアンスの違いや英語表現の面白さを味わ,213,0,https://books.kuras-plus.com/works/15h33mf,"index,follow",true,false,false,false,,index,あらすじあり。index対象。
/works/15hw21i,work,危険なビーナス,獣医師の伯朗のもとに、行方不明の弟の妻と名乗る美女・楓が現れた。弟を探すうちに浮かび上がる莫大な遺産と一族の秘密。楓は本当に味方なのか、それとも——。東野圭吾が,178,0,https://books.kuras-plus.com/works/15hw21i,"index,follow",true,false,false,false,,index,あらすじあり。index対象。
/works/15hwuis,work,とある魔術の禁書目録(インデックス)外典書庫.,,0,0,https://books.kuras-plus.com/works/15hwuis,"noindex,follow",false,true,false,false,,noindex,"summary・タグともになし。薄いコンテンツとして noindex,follow（既存方針）。"
/works/15jo9zz,work,蹴りたい背中,クラスの中で浮いている女子高生ハツと、同じく孤立しているアイドルオタクの男子にな川。二人の奇妙な関係を瑞々しい感性で描いた綿矢りさの芥川賞受賞作。当時史上最年少,135,0,https://books.kuras-plus.com/works/15jo9zz,"index,follow",true,false,false,false,,index,あらすじあり。index対象。
/works/15m8h7k,work,鹿の王,謎の疫病から生き延びた戦士ヴァンと、その治療法を追う医師ホッサルの物語。上橋菜穂子が本屋大賞を受賞した医療ファンタジーであり、疫病・免疫・民族対立という現代的テ,133,0,https://books.kuras-plus.com/works/15m8h7k,"index,follow",true,false,false,false,,index,あらすじあり。index対象。
/works/15maxxi,work,ラットマン,クライミングサークルの仲間をめぐる事故と秘密を描いた道尾秀介の心理サスペンス小説。人間の記憶の不確かさと巧みな叙述の罠が読者を翻弄する、どんでん返しが鮮烈なミス,83,0,https://books.kuras-plus.com/works/15maxxi,"index,follow",true,false,false,false,,index,あらすじあり。index対象。
/works/15mpgkj,work,ハピネス,,0,0,https://books.kuras-plus.com/works/15mpgkj,"noindex,follow",false,true,false,false,,noindex,"summary・タグともになし。薄いコンテンツとして noindex,follow（既存方針）。"
/works/15n7bb7,work,MIX,,0,0,https://books.kuras-plus.com/works/15n7bb7,"noindex,follow",false,true,false,false,,noindex,"summary・タグともになし。薄いコンテンツとして noindex,follow（既存方針）。"
/works/15o6r6z,work,このミステリーがすごい! : 2021年のミステリー&エンターテインメントベスト20 2022年版,,0,0,https://books.kuras-plus.com/works/15o6r6z,"index,follow",true,false,false,false,,strengthen,タグのみ。あらすじ追記で強化推奨。
/works/15pblwc,work,創作講座料理を作るように小説を書こう,,0,0,https://books.kuras-plus.com/works/15pblwc,"index,follow",true,false,false,false,,strengthen,タグのみ。あらすじ追記で強化推奨。
/works/15sfyjl,work,最果てのパラディン,,0,0,https://books.kuras-plus.com/works/15sfyjl,"noindex,follow",false,true,false,false,,noindex,"summary・タグともになし。薄いコンテンツとして noindex,follow（既存方針）。"
/works/15ther4,work,SLAM DUNK,バスケットボールに出会い急成長する不良少年・桜木花道を描く井上雄彦の伝説的スポーツ漫画。熱いバスケット描写と個性豊かなキャラクターが世代を超えて読み継がれる不朽,84,0,https://books.kuras-plus.com/works/15ther4,"index,follow",true,false,false,false,,index,あらすじあり。index対象。
/works/15uit7a,work,陰摩羅鬼の瑕(3)【電子百鬼夜行】,孤島の城に伝わる花嫁の死の謎を京極堂が解く百鬼夜行シリーズ長編の分冊電子版第3巻。閉鎖的な舞台と怪異の謎が融合した、京極夏彦ならではの重厚で深みある本格怪奇ミス,83,0,https://books.kuras-plus.com/works/15uit7a,"index,follow",true,false,false,false,,index,あらすじあり。index対象。
/works/15vhr51,work,ありふれた職業で世界最強零,,0,0,https://books.kuras-plus.com/works/15vhr51,"noindex,follow",false,true,false,false,,noindex,"summary・タグともになし。薄いコンテンツとして noindex,follow（既存方針）。"
/works/15vvigi,work,フラジャイル 病理医岸京一郎の所見,,0,0,https://books.kuras-plus.com/works/15vvigi,"noindex,follow",false,true,false,false,,noindex,"summary・タグともになし。薄いコンテンツとして noindex,follow（既存方針）。"
/works/15x8w1x,work,ざんねんな偉人伝,,0,0,https://books.kuras-plus.com/works/15x8w1x,"index,follow",true,false,false,false,,strengthen,タグのみ。あらすじ追記で強化推奨。
/works/15yerji,work,とらドラ!,,0,0,https://books.kuras-plus.com/works/15yerji,"noindex,follow",false,true,false,false,,noindex,"summary・タグともになし。薄いコンテンツとして noindex,follow（既存方針）。"
/works/15ynkm9,work,友情,作家志望の青年・野島は、親友の大宮とともに文学を語り合う日々を送っていた。だが、野島が恋した女性・杉子に、大宮もまた惹かれていく。友情と恋愛のあいだで揺れる三人,180,0,https://books.kuras-plus.com/works/15ynkm9,"index,follow",true,false,false,false,,index,あらすじあり。index対象。
/works/1617sed,work,サンクチュアリ,,0,0,https://books.kuras-plus.com/works/1617sed,"noindex,follow",false,true,false,false,,noindex,"summary・タグともになし。薄いコンテンツとして noindex,follow（既存方針）。"
/works/161euj1,work,エヴァンゲリオン,,0,0,https://books.kuras-plus.com/works/161euj1,"noindex,follow",false,true,false,false,,noindex,"summary・タグともになし。薄いコンテンツとして noindex,follow（既存方針）。"
/works/162n661,work,成瀬は天下を取りにいく（新潮文庫）,滋賀県を舞台に自分だけのルールで生きる個性的な少女・成瀬あかりの痛快な青春を描く小説。自由奔放でまっすぐな主人公に思わず笑いながらも元気をもらえる、爽快感抜群の,87,0,https://books.kuras-plus.com/works/162n661,"index,follow",true,false,false,false,,index,あらすじあり。index対象。
/works/165454v,work,デューン砂の惑星,砂に覆われた惑星アラキスを舞台に、宇宙規模の権力闘争と一人の青年の運命が壮大に描かれる。フランク・ハーバートが創造したこの世界は、生態学・宗教・政治が複雑に絡み,188,0,https://books.kuras-plus.com/works/165454v,"index,follow",true,false,false,false,,index,あらすじあり。index対象。
/works/165a22y,work,変な家,,0,0,https://books.kuras-plus.com/works/165a22y,"noindex,follow",false,true,false,false,,noindex,"summary・タグともになし。薄いコンテンツとして noindex,follow（既存方針）。"
/works/165snx6,work,少女まんがは吸血鬼でできている : 古典バンパイア・コミックガイド,,0,0,https://books.kuras-plus.com/works/165snx6,"noindex,follow",false,true,false,false,,noindex,"summary・タグともになし。薄いコンテンツとして noindex,follow（既存方針）。"
/works/168hafv,work,毎度！浦安鉄筋家族,,0,0,https://books.kuras-plus.com/works/168hafv,"noindex,follow",false,true,false,false,,noindex,"summary・タグともになし。薄いコンテンツとして noindex,follow（既存方針）。"
/works/169eaix,work,ゆびさきと恋々,耳の聞こえない女子大生と男性の手話を通じた純粋な恋愛を描いた少女漫画。丁寧に描かれる手話の表現と心の機微が美しく、静かでピュアな恋愛漫画を求める読者の心に深く響,84,0,https://books.kuras-plus.com/works/169eaix,"index,follow",true,false,false,false,,index,あらすじあり。index対象。
/works/16a2phy,work,ちはやふる,百人一首の競技かるたに青春を賭ける少女の情熱と成長を描いた少女漫画。スポーツ漫画の熱さと恋愛の切なさが見事に融合した、女性はもちろん男性読者にも刺さる傑作。,78,0,https://books.kuras-plus.com/works/16a2phy,"index,follow",true,false,false,false,,index,あらすじあり。index対象。
/works/16a92zo,work,トニカクカワイイ,,0,0,https://books.kuras-plus.com/works/16a92zo,"noindex,follow",false,true,false,false,,noindex,"summary・タグともになし。薄いコンテンツとして noindex,follow（既存方針）。"
/works/16aho04,work,ハイスクール奇面組,,0,0,https://books.kuras-plus.com/works/16aho04,"noindex,follow",false,true,false,false,,noindex,"summary・タグともになし。薄いコンテンツとして noindex,follow（既存方針）。"
/works/16bb4r3,work,超人ロック 完全版 黄金の牙,,0,0,https://books.kuras-plus.com/works/16bb4r3,"noindex,follow",false,true,false,false,,noindex,"summary・タグともになし。薄いコンテンツとして noindex,follow（既存方針）。"
/works/16e7f4q,work,マギアレコード魔法少女まどか☆マギカ外伝,,0,0,https://books.kuras-plus.com/works/16e7f4q,"noindex,follow",false,true,false,false,,noindex,"summary・タグともになし。薄いコンテンツとして noindex,follow（既存方針）。"
/works/16fbq2j,work,高い城の男,第二次世界大戦で枢軸国側が勝利した世界を描く歴史改変SFの金字塔。日本とドイツに分割統治されたアメリカで、人々は「もう一つの歴史」を記した禁書に導かれる。ヒュー,120,0,https://books.kuras-plus.com/works/16fbq2j,"index,follow",true,false,false,false,,index,あらすじあり。index対象。
/works/16ffa3r,work,本好きの下剋上 第一部,本を愛する司書が死後、本のない異世界の少女に転生。本を作るために奮闘する「なろう系」の代表的作品。異世界転生ものでありながら、製紙・印刷技術の発展を軸にした知的,132,0,https://books.kuras-plus.com/works/16ffa3r,"index,follow",true,false,false,false,,index,あらすじあり。index対象。
/works/16fgilm,work,ホイッスル!W,,0,0,https://books.kuras-plus.com/works/16fgilm,"noindex,follow",false,true,false,false,,noindex,"summary・タグともになし。薄いコンテンツとして noindex,follow（既存方針）。"
/works/16g796a,work,聖闘士星矢,女神アテナを守る聖闘士たちが神々と戦う壮大なバトルファンタジー漫画。コスモと呼ばれる宇宙エネルギーを駆使した熱い戦いと友情が魅力で、80〜90年代を代表する少年,89,0,https://books.kuras-plus.com/works/16g796a,"index,follow",true,false,false,false,,index,あらすじあり。index対象。
/works/16gxi1h,work,ハカイジュウ（7）,,0,0,https://books.kuras-plus.com/works/16gxi1h,"noindex,follow",false,true,false,false,,noindex,"summary・タグともになし。薄いコンテンツとして noindex,follow（既存方針）。"
/works/16hy311,work,ロードス島戦記,テーブルトークRPGから生まれた日本ファンタジーラノベの原点。呪われた島ロードスを舞台に、若き騎士パーンと仲間たちが壮大な冒険を繰り広げる。水野良が創り上げた精,144,0,https://books.kuras-plus.com/works/16hy311,"index,follow",true,false,false,false,,index,あらすじあり。index対象。
/works/16k2czk,work,盾の勇者の成り上がり,濡れ衣を着せられ孤立した盾の勇者が逆境を乗り越え成り上がるダーク異世界ファンタジー漫画。主人公の不屈の精神と社会への不満が共鳴する、王道とは一味違う異世界漫画。,80,0,https://books.kuras-plus.com/works/16k2czk,"index,follow",true,false,false,false,,index,あらすじあり。index対象。
/works/16o8jym,work,アナイス・ニンによる文学的思考　小説と日記、作家と創意,,0,0,https://books.kuras-plus.com/works/16o8jym,"index,follow",true,false,false,false,,strengthen,タグのみ。あらすじ追記で強化推奨。
/works/16pbpb1,work,お隣の天使様にいつの間にか駄目人間にされていた件11,一人暮らしの地味な男子高校生と、隣に住む学校一の美少女との甘い日常を描く人気ラブコメシリーズの続刊。ほのぼのとした癒しの雰囲気に、じんわりと育つ恋心が心地よい。,80,0,https://books.kuras-plus.com/works/16pbpb1,"index,follow",true,false,false,false,,index,あらすじあり。index対象。
/works/16s0fva,work,ヤングブラック・ジャック,,0,0,https://books.kuras-plus.com/works/16s0fva,"noindex,follow",false,true,false,false,,noindex,"summary・タグともになし。薄いコンテンツとして noindex,follow（既存方針）。"
/works/16t4ckh,work,異世界薬局 (12),,0,0,https://books.kuras-plus.com/works/16t4ckh,"noindex,follow",false,true,false,false,,noindex,"summary・タグともになし。薄いコンテンツとして noindex,follow（既存方針）。"
/works/16tdzy9,work,orange ：,,0,0,https://books.kuras-plus.com/works/16tdzy9,"noindex,follow",false,true,false,false,,noindex,"summary・タグともになし。薄いコンテンツとして noindex,follow（既存方針）。"
/works/16tj1kh,work,涼宮ハルヒの憂鬱,「ただの人間には興味ありません」。非日常を求める型破りな女子高生・涼宮ハルヒと、彼女に振り回される語り手キョンの物語。谷川流のデビュー作にしてライトノベルの歴史,139,0,https://books.kuras-plus.com/works/16tj1kh,"index,follow",true,false,false,false,,index,あらすじあり。index対象。
/works/16tyr7d,work,ブラッククローバー,魔法が使えない少年アスタが魔法帝を目指す王道ファンタジーバトル漫画。諦めない根性と仲間との絆を熱く描き、ジャンプ漫画の王道を爽快に駆け抜ける少年漫画。,75,0,https://books.kuras-plus.com/works/16tyr7d,"index,follow",true,false,false,false,,index,あらすじあり。index対象。
/works/16w24kt,work,スーパーボールガールズ【単話】,,0,0,https://books.kuras-plus.com/works/16w24kt,"noindex,follow",false,true,false,false,,noindex,"summary・タグともになし。薄いコンテンツとして noindex,follow（既存方針）。"
/works/16w9y3l,work,シャーマンキング０,,0,0,https://books.kuras-plus.com/works/16w9y3l,"noindex,follow",false,true,false,false,,noindex,"summary・タグともになし。薄いコンテンツとして noindex,follow（既存方針）。"
/works/171kqcf,work,凍りのくじら,ドラえもんに登場する道具をモチーフに、孤独を抱えた少女の心の旅を描く青春ファンタジー。辻村深月らしい繊細な感情描写と巧みな伏線が光り、涙と感動で包まれる読後感が,87,0,https://books.kuras-plus.com/works/171kqcf,"index,follow",true,false,false,false,,index,あらすじあり。index対象。
/works/172aaiw,work,斉木楠雄のΨ難 : EXTRA STORY OF PSYCHICS,,0,0,https://books.kuras-plus.com/works/172aaiw,"noindex,follow",false,true,false,false,,noindex,"summary・タグともになし。薄いコンテンツとして noindex,follow（既存方針）。"
/works/172dzzm,work,千歳くんはラムネ瓶のなか,,0,0,https://books.kuras-plus.com/works/172dzzm,"index,follow",true,false,false,false,,strengthen,タグのみ。あらすじ追記で強化推奨。
/works/174dph3,work,変な家(6),,0,0,https://books.kuras-plus.com/works/174dph3,"noindex,follow",false,true,false,false,,noindex,"summary・タグともになし。薄いコンテンツとして noindex,follow（既存方針）。"
/works/17501fi,work,ガリレオの苦悩,天才物理学者・湯川学のもとに、今度は彼を名指しで挑発する犯罪者が現れた。科学の力で事件を解明してきたガリレオが、初めて個人的な苦悩に直面する。シリーズの転換点と,187,0,https://books.kuras-plus.com/works/17501fi,"index,follow",true,false,false,false,,index,あらすじあり。index対象。
/works/176i5nw,work,宮本武蔵.,,0,0,https://books.kuras-plus.com/works/176i5nw,"noindex,follow",false,true,false,false,,noindex,"summary・タグともになし。薄いコンテンツとして noindex,follow（既存方針）。"
/works/177cu3k,work,乙嫁語り.,,0,0,https://books.kuras-plus.com/works/177cu3k,"noindex,follow",false,true,false,false,,noindex,"summary・タグともになし。薄いコンテンツとして noindex,follow（既存方針）。"
/works/17999gw,work,プロミス・シンデレラ【単話】,,0,0,https://books.kuras-plus.com/works/17999gw,"noindex,follow",false,true,false,false,,noindex,"summary・タグともになし。薄いコンテンツとして noindex,follow（既存方針）。"
/works/179tnx8,work,ドラゴンクエスト ダイの大冒険,,0,0,https://books.kuras-plus.com/works/179tnx8,"noindex,follow",false,true,false,false,,noindex,"summary・タグともになし。薄いコンテンツとして noindex,follow（既存方針）。"
/works/17be0xh,work,アガサ・クリスティー,毒殺トリックの天才アガサ・クリスティーの作品を、科学の視点から読み解くユニークな一冊。キャサリン・ハーカップが化学者の目でクリスティー作品に登場する毒物を分析し,211,0,https://books.kuras-plus.com/works/17be0xh,"index,follow",true,false,false,false,,index,あらすじあり。index対象。
/works/17cb6xc,work,ソードアート・オンラインプログレッシブ = SWORD ART ONLINE PROGRESSIVE,,0,0,https://books.kuras-plus.com/works/17cb6xc,"noindex,follow",false,true,false,false,,noindex,"summary・タグともになし。薄いコンテンツとして noindex,follow（既存方針）。"
/works/17crjkz,work,左ききのエレン,,0,0,https://books.kuras-plus.com/works/17crjkz,"noindex,follow",false,true,false,false,,noindex,"summary・タグともになし。薄いコンテンツとして noindex,follow（既存方針）。"
/works/17d3f5x,work,真の仲間じゃないと勇者のパーティーを追い出されたので、辺境でスローライフすることにしました,,0,0,https://books.kuras-plus.com/works/17d3f5x,"index,follow",true,false,false,false,,strengthen,タグのみ。あらすじ追記で強化推奨。
/works/17dkm44,work,魔術士オーフェンはぐれ旅MAX,,0,0,https://books.kuras-plus.com/works/17dkm44,"noindex,follow",false,true,false,false,,noindex,"summary・タグともになし。薄いコンテンツとして noindex,follow（既存方針）。"
/works/17dy2rn,work,マンガでわかる虚数・複素数,,0,0,https://books.kuras-plus.com/works/17dy2rn,"noindex,follow",false,true,false,false,,noindex,"summary・タグともになし。薄いコンテンツとして noindex,follow（既存方針）。"
/works/17hkl5f,work,将国のアルタイル,,0,0,https://books.kuras-plus.com/works/17hkl5f,"noindex,follow",false,true,false,false,,noindex,"summary・タグともになし。薄いコンテンツとして noindex,follow（既存方針）。"
/works/17ibue8,work,転生王女と天才令嬢の魔法革命【ノベル分冊版】,,0,0,https://books.kuras-plus.com/works/17ibue8,"noindex,follow",false,true,false,false,,noindex,"summary・タグともになし。薄いコンテンツとして noindex,follow（既存方針）。"
/works/17kdws1,work,妻、小学生になる。,亡くなった妻が小学生に転生して戻ってくるという設定のハートフルファンタジー漫画。家族の絆と別れ、再会の温かさが丁寧に描かれ、感動とほっこりを同時に味わいたい読者,87,0,https://books.kuras-plus.com/works/17kdws1,"index,follow",true,false,false,false,,index,あらすじあり。index対象。
/works/17koloo,work,凪のお暇 8,,0,0,https://books.kuras-plus.com/works/17koloo,"noindex,follow",false,true,false,false,,noindex,"summary・タグともになし。薄いコンテンツとして noindex,follow（既存方針）。"
/works/17mfsmk,work,超人ロック冬の虹,,0,0,https://books.kuras-plus.com/works/17mfsmk,"noindex,follow",false,true,false,false,,noindex,"summary・タグともになし。薄いコンテンツとして noindex,follow（既存方針）。"
/works/17mg8aw,work,れっつ! ハイキュー!?,,0,0,https://books.kuras-plus.com/works/17mg8aw,"noindex,follow",false,true,false,false,,noindex,"summary・タグともになし。薄いコンテンツとして noindex,follow（既存方針）。"
/works/17mnibv,work,ノーブルチルドレンの残酷,高貴な血筋に生まれた子どもたちが背負う、残酷な運命と歪んだ世界。特権と束縛の狭間で彼らが見せる人間性の光と影が、容赦なく描き出される。美しくも痛々しい文章は、読,190,0,https://books.kuras-plus.com/works/17mnibv,"index,follow",true,false,false,false,,index,あらすじあり。index対象。
/works/17no3b4,work,鉄鍋のジャン,,0,0,https://books.kuras-plus.com/works/17no3b4,"noindex,follow",false,true,false,false,,noindex,"summary・タグともになし。薄いコンテンツとして noindex,follow（既存方針）。"
/works/17obqek,work,村上春樹ー「小説」の終わり,村上春樹は「小説」というジャンルをどこへ向かわせようとしているのか——紺野馨が鋭い批評眼で春樹文学の本質と限界に迫る刺激的な論考。ファンブックとは一線を画す厳し,213,0,https://books.kuras-plus.com/works/17obqek,"index,follow",true,false,false,false,,index,あらすじあり。index対象。
/works/17otkk9,work,NARUTO―ナルト―,忍者の世界で夢と友情を貫く感動の成長物語,20,0,https://books.kuras-plus.com/works/17otkk9,"index,follow",true,false,false,false,,index,あらすじあり。index対象。
/works/17oy7j6,work,フットボールネーション,,0,0,https://books.kuras-plus.com/works/17oy7j6,"noindex,follow",false,true,false,false,,noindex,"summary・タグともになし。薄いコンテンツとして noindex,follow（既存方針）。"
/works/17rjigv,work,月と六ペンス,,0,0,https://books.kuras-plus.com/works/17rjigv,"noindex,follow",false,true,false,false,,noindex,"summary・タグともになし。薄いコンテンツとして noindex,follow（既存方針）。"
/works/17tclb4,work,管理栄養士のためのブラッシュアップ実践マニュアル,管理栄養士として現場で求められるスキルを磨き上げるための実践ガイド。栄養指導や給食管理の基本から、チーム医療における多職種連携の進め方まで、日々の業務に即した具,191,0,https://books.kuras-plus.com/works/17tclb4,"index,follow",true,false,false,false,,index,あらすじあり。index対象。
/works/17ul0qn,work,花の慶次 ―雲のかなたに― 新装版,,0,0,https://books.kuras-plus.com/works/17ul0qn,"noindex,follow",false,true,false,false,,noindex,"summary・タグともになし。薄いコンテンツとして noindex,follow（既存方針）。"
/works/17w7jd0,work,七海みなみは輝きたい弱キャラ友崎くん外伝,,0,0,https://books.kuras-plus.com/works/17w7jd0,"noindex,follow",false,true,false,false,,noindex,"summary・タグともになし。薄いコンテンツとして noindex,follow（既存方針）。"
/works/17wx65z,work,舞妓さんちのまかないさん,京都の花街を舞台に、舞妓の家で料理を作る少女の日常を描いたグルメ漫画。丁寧に描かれるご飯の温かさと花街の美しい文化が融合した、心がほっとするライフスタイル系漫画,81,0,https://books.kuras-plus.com/works/17wx65z,"index,follow",true,false,false,false,,index,あらすじあり。index対象。
/works/17xlqsc,work,ダイヤモンドの功罪,野球の天才少年が持つ圧倒的な才能がもたらす光と影を描いた作品。スポーツ漫画でありながら、才能と向き合う人間の苦悩や周囲への影響を深く掘り下げた重厚な読み応えが特,82,0,https://books.kuras-plus.com/works/17xlqsc,"index,follow",true,false,false,false,,index,あらすじあり。index対象。
/works/17xtnpq,work,青のフラッグ,,0,0,https://books.kuras-plus.com/works/17xtnpq,"noindex,follow",false,true,false,false,,noindex,"summary・タグともになし。薄いコンテンツとして noindex,follow（既存方針）。"
/works/17yuuxm,work,ハンドレッド = HUNDRED,未知の生命体サベージに対抗できる唯一の武器「ハンドレッド」。その適合者として戦艦都市型学園に編入した主人公を待つのは、熾烈なバトルと個性豊かなヒロインたちとの出,200,0,https://books.kuras-plus.com/works/17yuuxm,"index,follow",true,false,false,false,,index,あらすじあり。index対象。
/works/17zi00v,work,ハイスクール・オブ・ザ・デッド,,0,0,https://books.kuras-plus.com/works/17zi00v,"noindex,follow",false,true,false,false,,noindex,"summary・タグともになし。薄いコンテンツとして noindex,follow（既存方針）。"
/works/180nlsu,work,マンガでわかる人間関係の心理学 : 人と会うのが好きになる!悩みがフッと軽くなる,,0,0,https://books.kuras-plus.com/works/180nlsu,"noindex,follow",false,true,false,false,,noindex,"summary・タグともになし。薄いコンテンツとして noindex,follow（既存方針）。"
/works/1836kz7,work,作家名から引く短編小説作品総覧 日本のミステリー,,0,0,https://books.kuras-plus.com/works/1836kz7,"index,follow",true,false,false,false,,strengthen,タグのみ。あらすじ追記で強化推奨。
/works/183tss9,work,［超短編シナリオ］を書いて小説とシナリオをものにする本,,0,0,https://books.kuras-plus.com/works/183tss9,"index,follow",true,false,false,false,,strengthen,タグのみ。あらすじ追記で強化推奨。
/works/1844j7n,work,リングにかけろ2,,0,0,https://books.kuras-plus.com/works/1844j7n,"noindex,follow",false,true,false,false,,noindex,"summary・タグともになし。薄いコンテンツとして noindex,follow（既存方針）。"
/works/185rtpm,work,アルスラーン戦記,,0,0,https://books.kuras-plus.com/works/185rtpm,"index,follow",true,false,false,false,,strengthen,タグのみ。あらすじ追記で強化推奨。
/works/1862n07,work,蒲生邸事件,タイムスリップした青年が二・二六事件の夜に遭遇する謎を描いた宮部みゆきの歴史SFミステリ。歴史の「もしも」をミステリとSFで鮮やかに描いた、宮部みゆきの幅広い才,87,0,https://books.kuras-plus.com/works/1862n07,"index,follow",true,false,false,false,,index,あらすじあり。index対象。
/works/186n4r1,work,ハコヅメ〜交番女子の逆襲〜,,0,0,https://books.kuras-plus.com/works/186n4r1,"noindex,follow",false,true,false,false,,noindex,"summary・タグともになし。薄いコンテンツとして noindex,follow（既存方針）。"
/works/187e0c1,work,もうひとつのピアノの森整う音,,0,0,https://books.kuras-plus.com/works/187e0c1,"noindex,follow",false,true,false,false,,noindex,"summary・タグともになし。薄いコンテンツとして noindex,follow（既存方針）。"
/works/18a0gxr,work,兇人邸の殺人,「屍人荘の殺人」シリーズ第三弾。奇怪な洋館を舞台に、超常的な恐怖と鮮やかな謎解きが絡み合う本格ホラーミステリ。斬新な設定とロジカルな推理が読書欲を刺激する。,78,0,https://books.kuras-plus.com/works/18a0gxr,"index,follow",true,false,false,false,,index,あらすじあり。index対象。
/works/18bwyqn,work,村上海賊の娘,戦国時代、瀬戸内海を支配した村上海賊の娘・景が、織田信長との海戦「木津川合戦」に挑む壮大な歴史小説。和田竜が本屋大賞を受賞した歴史エンターテインメントの傑作。勇,122,0,https://books.kuras-plus.com/works/18bwyqn,"index,follow",true,false,false,false,,index,あらすじあり。index対象。
/works/18c6iis,work,愚者のエンドロール,古典部シリーズ第二弾。文化祭で上映する映画の「謎のエンディング」を推理する青春ミステリ。千反田えると折木奉太郎の絶妙な掛け合いと、ほろ苦い読後感が光る青春本格ミ,84,0,https://books.kuras-plus.com/works/18c6iis,"index,follow",true,false,false,false,,index,あらすじあり。index対象。
/works/18ce4sy,work,おおきく振りかぶって,,0,0,https://books.kuras-plus.com/works/18ce4sy,"noindex,follow",false,true,false,false,,noindex,"summary・タグともになし。薄いコンテンツとして noindex,follow（既存方針）。"
/works/18clv9f,work,天と地の守り人,新ヨゴ皇国に迫る戦乱と天変地異。皇太子チャグムは国を救うため命がけの外交に挑み、バルサもまた最後の戦いに向かう。「守り人」シリーズ完結編となる本作は、全三巻の壮,172,0,https://books.kuras-plus.com/works/18clv9f,"index,follow",true,false,false,false,,index,あらすじあり。index対象。
/works/18d5e17,work,ふつうの軽音部【期間限定試し読み増量】,,0,0,https://books.kuras-plus.com/works/18d5e17,"noindex,follow",false,true,false,false,,noindex,"summary・タグともになし。薄いコンテンツとして noindex,follow（既存方針）。"
/works/18erogc,work,ぜんしゅの跫(あしおと),,0,0,https://books.kuras-plus.com/works/18erogc,"index,follow",true,false,false,false,,strengthen,タグのみ。あらすじ追記で強化推奨。
/works/18f028s,work,消えた初恋,「好きな人への思いが勘違いだったかも」というユニークな設定から始まる青春ラブコメ漫画。すれ違いと恋愛の不思議さを軽快に描いた作品で、ティーン向け恋愛漫画が好きな,86,0,https://books.kuras-plus.com/works/18f028s,"index,follow",true,false,false,false,,index,あらすじあり。index対象。
/works/18f49zs,work,ベイビーステップ,テニスの素人だった努力家の少年が、緻密なデータ分析と圧倒的な練習量でプロを目指すスポーツ漫画。現実的なテニス描写とキャラクターの成長が丁寧に描かれる。,75,0,https://books.kuras-plus.com/works/18f49zs,"index,follow",true,false,false,false,,index,あらすじあり。index対象。
/works/18f5lsv,work,望まぬ不死の冒険者,,0,0,https://books.kuras-plus.com/works/18f5lsv,"index,follow",true,false,false,false,,strengthen,タグのみ。あらすじ追記で強化推奨。
/works/18g57r2,work,ライチ☆光クラブ,,0,0,https://books.kuras-plus.com/works/18g57r2,"noindex,follow",false,true,false,false,,noindex,"summary・タグともになし。薄いコンテンツとして noindex,follow（既存方針）。"
/works/18gyq7b,work,パラレルワールド・ラブストーリー,親友の恋人を好きになってしまった研究者・崇史。ある朝目覚めると、彼女は自分の恋人になっていた。記憶と現実、どちらが本物なのか。脳科学研究という設定を軸に、二つの,188,0,https://books.kuras-plus.com/works/18gyq7b,"index,follow",true,false,false,false,,index,あらすじあり。index対象。
/works/18junhs,work,ポプテピピック【分冊版】　（11）,,0,0,https://books.kuras-plus.com/works/18junhs,"noindex,follow",false,true,false,false,,noindex,"summary・タグともになし。薄いコンテンツとして noindex,follow（既存方針）。"
/works/18k3ig1,work,ゴブリンスレイヤー:デイ・イン・ザ・ライフ,,0,0,https://books.kuras-plus.com/works/18k3ig1,"noindex,follow",false,true,false,false,,noindex,"summary・タグともになし。薄いコンテンツとして noindex,follow（既存方針）。"
/works/18k45b9,work,ブロードキャスト,陸上部への入部を断念し、放送部に入ることになった高校生・町田圭祐。不本意なスタートだったが、NHK杯全国高校放送コンテストを目指す仲間たちとの日々は、彼の世界を,172,0,https://books.kuras-plus.com/works/18k45b9,"index,follow",true,false,false,false,,index,あらすじあり。index対象。
/works/18k6hbr,work,らんま1/2〔新装版〕,水をかぶると女になってしまう少年・乱馬と許嫁・あかねの騒動を描く高橋留美子の名作ラブコメ漫画。豊かなキャラクター群とテンポよい恋愛コメディが今も色褪せない傑作。,80,0,https://books.kuras-plus.com/works/18k6hbr,"index,follow",true,false,false,false,,index,あらすじあり。index対象。
/works/18kae2n,work,槍の勇者のやり直し 7,,0,0,https://books.kuras-plus.com/works/18kae2n,"noindex,follow",false,true,false,false,,noindex,"summary・タグともになし。薄いコンテンツとして noindex,follow（既存方針）。"
/works/18kkf0x,work,火の鳥: 黎明編,不死の鳥・火の鳥を軸に人類の歴史と生命の本質を描いた手塚治虫の畢生の大作の序章。壮大なスケールと深いテーマが詰まった漫画の最高峰で、人間の本質と歴史を深く考えた,92,0,https://books.kuras-plus.com/works/18kkf0x,"index,follow",true,false,false,false,,index,あらすじあり。index対象。
/works/18ktqmu,work,ＧＴＯ　パラダイス・ロスト,,0,0,https://books.kuras-plus.com/works/18ktqmu,"noindex,follow",false,true,false,false,,noindex,"summary・タグともになし。薄いコンテンツとして noindex,follow（既存方針）。"
/works/18m32mn,work,薬屋のひとりごと,古代中国風の後宮を舞台に、薬師の知識を持つ少女・猫猫が謎を解き明かしていく宮廷ミステリー漫画。美麗な画と緻密な医学・薬学の知識、主人公の飄々としたキャラクターが,87,0,https://books.kuras-plus.com/works/18m32mn,"index,follow",true,false,false,false,,index,あらすじあり。index対象。
/works/18movdp,work,バイリンガル版デラックス君と宇宙を歩くために,,0,0,https://books.kuras-plus.com/works/18movdp,"noindex,follow",false,true,false,false,,noindex,"summary・タグともになし。薄いコンテンツとして noindex,follow（既存方針）。"
/works/18omypx,work,まんがでわかる みんなのスポーツ・コンプライアンス入門,,0,0,https://books.kuras-plus.com/works/18omypx,"noindex,follow",false,true,false,false,,noindex,"summary・タグともになし。薄いコンテンツとして noindex,follow（既存方針）。"
/works/18q1041,work,殺人よ、こんにちは,赤川次郎の軽快なタッチで描かれるユーモアミステリ。日常の中にさらりと現れる殺人事件を、肩の力を抜いて楽しめるエンタメ感覚で描いた読みやすい娯楽作品。,74,0,https://books.kuras-plus.com/works/18q1041,"index,follow",true,false,false,false,,index,あらすじあり。index対象。
/works/18qflib,work,恋愛は少女マンガで教わった,,0,0,https://books.kuras-plus.com/works/18qflib,"noindex,follow",false,true,false,false,,noindex,"summary・タグともになし。薄いコンテンツとして noindex,follow（既存方針）。"
/works/18rjydu,work,蟲師,,0,0,https://books.kuras-plus.com/works/18rjydu,"noindex,follow",false,true,false,false,,noindex,"summary・タグともになし。薄いコンテンツとして noindex,follow（既存方針）。"
/works/18ursaw,work,多重人格探偵サイコ,,0,0,https://books.kuras-plus.com/works/18ursaw,"noindex,follow",false,true,false,false,,noindex,"summary・タグともになし。薄いコンテンツとして noindex,follow（既存方針）。"
/works/18uz57p,work,食糧人類－Ｓｔａｒｖｉｎｇ　Ａｎｏｎｙｍｏｕｓ－,,0,0,https://books.kuras-plus.com/works/18uz57p,"noindex,follow",false,true,false,false,,noindex,"summary・タグともになし。薄いコンテンツとして noindex,follow（既存方針）。"
/works/18w5qgg,work,アド・アストラ,,0,0,https://books.kuras-plus.com/works/18w5qgg,"noindex,follow",false,true,false,false,,noindex,"summary・タグともになし。薄いコンテンツとして noindex,follow（既存方針）。"
/works/18wsplz,work,ヘルク,,0,0,https://books.kuras-plus.com/works/18wsplz,"noindex,follow",false,true,false,false,,noindex,"summary・タグともになし。薄いコンテンツとして noindex,follow（既存方針）。"
/works/18xhubx,work,侵略！イカ娘,,0,0,https://books.kuras-plus.com/works/18xhubx,"noindex,follow",false,true,false,false,,noindex,"summary・タグともになし。薄いコンテンツとして noindex,follow（既存方針）。"
/works/18xl33d,work,テセウスの船,連続殺人犯の息子という烙印を背負った男が過去に遡り事件の真実を変えようとするサスペンス漫画。タイムスリップと社会の偏見をテーマにした緊張感あふれるミステリ作品。,80,0,https://books.kuras-plus.com/works/18xl33d,"index,follow",true,false,false,false,,index,あらすじあり。index対象。
/works/18xz6nq,work,犬はどこだ,脱サラして探偵事務所を開いた紺屋長一郎。犬探し専門のつもりが、舞い込んだ依頼は失踪人捜索と古文書の解読という、まったく畑違いの二件だった。助手の漢名泥努とともに,187,0,https://books.kuras-plus.com/works/18xz6nq,"index,follow",true,false,false,false,,index,あらすじあり。index対象。
/works/18ydy4e,work,うえきの法則プラス,,0,0,https://books.kuras-plus.com/works/18ydy4e,"noindex,follow",false,true,false,false,,noindex,"summary・タグともになし。薄いコンテンツとして noindex,follow（既存方針）。"
/works/18ywidc,work,サンケンロック,,0,0,https://books.kuras-plus.com/works/18ywidc,"noindex,follow",false,true,false,false,,noindex,"summary・タグともになし。薄いコンテンツとして noindex,follow（既存方針）。"
/works/18zk79i,work,ゆうきまさみのまだまだはてしない物語,『パトレイバー』や『鉄腕バーディー』で知られる漫画家ゆうきまさみが贈る、自由奔放なファンタジー作品集。独特のユーモアセンスと軽やかな語り口で紡がれる物語は、漫画,175,0,https://books.kuras-plus.com/works/18zk79i,"index,follow",true,false,false,false,,index,あらすじあり。index対象。
/works/191mjxm,work,あかね噺,父の廃業を機に落語家を目指す少女の成長と師弟関係を描いた青春漫画。落語という伝統芸能の奥深さと少女の情熱が融合し、笑いと感動が交互に訪れる読み心地の良い作品。,79,0,https://books.kuras-plus.com/works/191mjxm,"index,follow",true,false,false,false,,index,あらすじあり。index対象。
/works/192tt8n,work,なれの果ての僕ら,,0,0,https://books.kuras-plus.com/works/192tt8n,"noindex,follow",false,true,false,false,,noindex,"summary・タグともになし。薄いコンテンツとして noindex,follow（既存方針）。"
/works/193ykip,work,平穏世代の韋駄天達【電子限定おまけ付き】,,0,0,https://books.kuras-plus.com/works/193ykip,"noindex,follow",false,true,false,false,,noindex,"summary・タグともになし。薄いコンテンツとして noindex,follow（既存方針）。"
/works/1965x4z,work,駅と旅,,0,0,https://books.kuras-plus.com/works/1965x4z,"index,follow",true,false,false,false,,strengthen,タグのみ。あらすじ追記で強化推奨。
/works/196dq2o,work,僕の初恋をキミに捧ぐ,,0,0,https://books.kuras-plus.com/works/196dq2o,"noindex,follow",false,true,false,false,,noindex,"summary・タグともになし。薄いコンテンツとして noindex,follow（既存方針）。"
/works/197flt5,work,このミステリーがすごい! 2025年版,,0,0,https://books.kuras-plus.com/works/197flt5,"index,follow",true,false,false,false,,strengthen,タグのみ。あらすじ追記で強化推奨。
/works/19835p4,work,魔女の旅々,,0,0,https://books.kuras-plus.com/works/19835p4,"noindex,follow",false,true,false,false,,noindex,"summary・タグともになし。薄いコンテンツとして noindex,follow（既存方針）。"
/works/199h75e,work,悪役令嬢に転生した母は子育て改革をいたします : ～結婚はうんざりなので王太子殿下は聖女様に差し上げますね～,,0,0,https://books.kuras-plus.com/works/199h75e,"index,follow",true,false,false,false,,strengthen,タグのみ。あらすじ追記で強化推奨。
/works/19c2r1f,work,ワンダンス,,0,0,https://books.kuras-plus.com/works/19c2r1f,"noindex,follow",false,true,false,false,,noindex,"summary・タグともになし。薄いコンテンツとして noindex,follow（既存方針）。"
/works/19cyqs7,work,RAVE 世界を揺るがす最悪のシナリオ! 次元崩壊のDB(ダークブリング)・エンドレス復活!!,,0,0,https://books.kuras-plus.com/works/19cyqs7,"noindex,follow",false,true,false,false,,noindex,"summary・タグともになし。薄いコンテンツとして noindex,follow（既存方針）。"
/works/19epv93,work,ナルニア国物語 ライオンと魔女,,0,0,https://books.kuras-plus.com/works/19epv93,"index,follow",true,false,false,false,,strengthen,タグのみ。あらすじ追記で強化推奨。
/works/19epwah,work,瀬戸の花嫁,,0,0,https://books.kuras-plus.com/works/19epwah,"noindex,follow",false,true,false,false,,noindex,"summary・タグともになし。薄いコンテンツとして noindex,follow（既存方針）。"
/works/19hd6fl,work,BLマンガみたいに襲わないで!,,0,0,https://books.kuras-plus.com/works/19hd6fl,"noindex,follow",false,true,false,false,,noindex,"summary・タグともになし。薄いコンテンツとして noindex,follow（既存方針）。"
/works/19hgvqo,work,セクシーコマンドー外伝 すごいよ!!マサルさん,,0,0,https://books.kuras-plus.com/works/19hgvqo,"noindex,follow",false,true,false,false,,noindex,"summary・タグともになし。薄いコンテンツとして noindex,follow（既存方針）。"
/works/19i1e8f,work,ヤンキー君とメガネちゃん,,0,0,https://books.kuras-plus.com/works/19i1e8f,"noindex,follow",false,true,false,false,,noindex,"summary・タグともになし。薄いコンテンツとして noindex,follow（既存方針）。"
/works/19jiq4a,work,友達の妹が俺にだけウザい.,友達の妹・彩羽が、なぜか主人公にだけやたらと絡んでくる。ウザいと思いつつも、その距離感が次第に心地よくなっていく——。三河ごーすとが描くのは、じれったくも甘酸っ,194,0,https://books.kuras-plus.com/works/19jiq4a,"index,follow",true,false,false,false,,index,あらすじあり。index対象。
/works/19ju5iv,work,本当に好きな人と世界でいちばん幸せになる!,運命の人と出会い、本当に幸せなパートナーシップを築くために必要なことは何か。石井希尚が、恋愛と結婚における「幸せの法則」を温かくも率直に説く。表面的なテクニック,215,0,https://books.kuras-plus.com/works/19ju5iv,"index,follow",true,false,false,false,,index,あらすじあり。index対象。
/works/19k010h,work,首折り男のための協奏曲,都市伝説的な殺し屋「首折り男」を軸に複数の物語が重なり合う伊坂幸太郎の連作短編集。伏線と偶然が絡み合う独特の構成と洒脱なユーモアが持ち味で、伊坂ワールドの醍醐味,89,0,https://books.kuras-plus.com/works/19k010h,"index,follow",true,false,false,false,,index,あらすじあり。index対象。
/works/19kgjl5,work,Yの悲劇,エラリー・クイーンが誇る「悲劇シリーズ」の傑作。名探偵ドルリー・レーンが難事件に挑む黄金期本格ミステリの名作で、緻密な論理と意外な犯人像が世界中の推理ファンを魅,88,0,https://books.kuras-plus.com/works/19kgjl5,"index,follow",true,false,false,false,,index,あらすじあり。index対象。
/works/19kokb8,work,"異世界でチート能力(スキル)を手にした俺は、現実世界をも無双する = I got a cheat ability in a different world,and became extraordinary even in the real world. : レベルアップは人生を変えた.",,0,0,https://books.kuras-plus.com/works/19kokb8,"noindex,follow",false,true,false,false,,noindex,"summary・タグともになし。薄いコンテンツとして noindex,follow（既存方針）。"
/works/19kpwo8,work,灼眼のシャナ,,0,0,https://books.kuras-plus.com/works/19kpwo8,"index,follow",true,false,false,false,,strengthen,タグのみ。あらすじ追記で強化推奨。
/works/19kw14k,work,反応しない練習,ブッダの教えをベースに、悩みや怒りの「反応」をコントロールする実践的な方法を解説する。「すべての悩みは心の反応から生まれる」という気づきから、心を穏やかに保つ技,131,0,https://books.kuras-plus.com/works/19kw14k,"index,follow",true,false,false,false,,index,あらすじあり。index対象。
/works/19m0a6i,work,頭文字 D,,0,0,https://books.kuras-plus.com/works/19m0a6i,"noindex,follow",false,true,false,false,,noindex,"summary・タグともになし。薄いコンテンツとして noindex,follow（既存方針）。"
/works/19mahgl,work,吉川英治　大活字本シリーズ　宮本武蔵　第4巻　 火の巻,,0,0,https://books.kuras-plus.com/works/19mahgl,"noindex,follow",false,true,false,false,,noindex,"summary・タグともになし。薄いコンテンツとして noindex,follow（既存方針）。"
/works/19md0jg,work,日本SF短篇50 : 日本SF作家クラブ創立50周年記念アンソロジー,日本SF作家クラブ創立50周年を記念し、半世紀にわたる日本SFの歩みを凝縮した記念碑的アンソロジー。黎明期の巨匠から現代の俊英まで、50の短編が時系列に並び、読,207,0,https://books.kuras-plus.com/works/19md0jg,"index,follow",true,false,false,false,,index,あらすじあり。index対象。
/works/19n9kdz,work,江戸切絵図にひろがる剣客商売仕掛人・藤枝梅安,,0,0,https://books.kuras-plus.com/works/19n9kdz,"noindex,follow",false,true,false,false,,noindex,"summary・タグともになし。薄いコンテンツとして noindex,follow（既存方針）。"
/works/19njho5,work,即死チートが最強すぎて、異世界のやつらがまるで相手にならないんですが。-ΑΩ-,,0,0,https://books.kuras-plus.com/works/19njho5,"index,follow",true,false,false,false,,strengthen,タグのみ。あらすじ追記で強化推奨。
/works/19prpqf,work,狼と香辛料,,0,0,https://books.kuras-plus.com/works/19prpqf,"noindex,follow",false,true,false,false,,noindex,"summary・タグともになし。薄いコンテンツとして noindex,follow（既存方針）。"
/works/19r7elf,work,オレがBL漫画のヒロインなんてありえねぇ!,,0,0,https://books.kuras-plus.com/works/19r7elf,"noindex,follow",false,true,false,false,,noindex,"summary・タグともになし。薄いコンテンツとして noindex,follow（既存方針）。"
/works/19reek3,work,ケンガンアシュラ,企業間の利権争いを「拳法試合」で決着させる世界を舞台にしたバトル漫画。個性豊かな格闘家たちの熾烈な戦いと、複雑に絡み合う人間ドラマが魅力の格闘エンタメ作品。,78,0,https://books.kuras-plus.com/works/19reek3,"index,follow",true,false,false,false,,index,あらすじあり。index対象。
/works/19tca8s,work,BLUE GIANT MOMENTUM.,,0,0,https://books.kuras-plus.com/works/19tca8s,"noindex,follow",false,true,false,false,,noindex,"summary・タグともになし。薄いコンテンツとして noindex,follow（既存方針）。"
/works/19u4kka,work,闇金ウシジマくん,闇金融業者と借金に溺れる人々の生き様を赤裸々に描いた社会派漫画。金と欲望が渦巻く現代社会の底辺を真正面から描き、読む者に深い衝撃と社会への問いを与える問題作。,79,0,https://books.kuras-plus.com/works/19u4kka,"index,follow",true,false,false,false,,index,あらすじあり。index対象。
/works/19uqkqc,work,東京タラレバ娘シーズン2,,0,0,https://books.kuras-plus.com/works/19uqkqc,"noindex,follow",false,true,false,false,,noindex,"summary・タグともになし。薄いコンテンツとして noindex,follow（既存方針）。"
/works/19xblwz,work,那年夏天，我撥去的電話,,0,0,https://books.kuras-plus.com/works/19xblwz,"index,follow",true,false,false,false,,strengthen,タグのみ。あらすじ追記で強化推奨。
/works/19xz93k,work,CLAYMORE,,0,0,https://books.kuras-plus.com/works/19xz93k,"noindex,follow",false,true,false,false,,noindex,"summary・タグともになし。薄いコンテンツとして noindex,follow（既存方針）。"
/works/19yq2m1,work,しろくまカフェ,,0,0,https://books.kuras-plus.com/works/19yq2m1,"noindex,follow",false,true,false,false,,noindex,"summary・タグともになし。薄いコンテンツとして noindex,follow（既存方針）。"
/works/19yyrkr,work,BLUE GIANT EXPLORER.,,0,0,https://books.kuras-plus.com/works/19yyrkr,"noindex,follow",false,true,false,false,,noindex,"summary・タグともになし。薄いコンテンツとして noindex,follow（既存方針）。"
/works/19z2d7u,work,先輩がうざい後輩の話,,0,0,https://books.kuras-plus.com/works/19z2d7u,"noindex,follow",false,true,false,false,,noindex,"summary・タグともになし。薄いコンテンツとして noindex,follow（既存方針）。"
/works/1a0mupj,work,坂の上の雲,明治維新から日露戦争までの日本の躍進を、秋山好古・真之兄弟と正岡子規の三人を中心に描く壮大な歴史小説。司馬遼太郎の畢生の大作であり、近代国家建設に邁進した明治日,119,0,https://books.kuras-plus.com/works/1a0mupj,"index,follow",true,false,false,false,,index,あらすじあり。index対象。
/works/1a1l8ms,work,マンガでわかるプロジェクトマネジメント,,0,0,https://books.kuras-plus.com/works/1a1l8ms,"noindex,follow",false,true,false,false,,noindex,"summary・タグともになし。薄いコンテンツとして noindex,follow（既存方針）。"
/works/1a2fn2t,work,ソラリス,知性を持つ海に覆われた惑星ソラリスを調査する科学者たちが、自らの記憶から生み出された存在と対峙する。スタニスワフ・レムが描く「真に異質な知性」との遭遇は、人間の,141,0,https://books.kuras-plus.com/works/1a2fn2t,"index,follow",true,false,false,false,,index,あらすじあり。index対象。
/works/1a3fxa9,work,トールキン : 『指輪物語』を創った男,,0,0,https://books.kuras-plus.com/works/1a3fxa9,"index,follow",true,false,false,false,,strengthen,タグのみ。あらすじ追記で強化推奨。
/works/1a3wjiz,work,紫色のクオリア,,0,0,https://books.kuras-plus.com/works/1a3wjiz,"index,follow",true,false,false,false,,strengthen,タグのみ。あらすじ追記で強化推奨。
/works/1a49ko7,work,【期間限定　無料お試し版】神様はじめました,,0,0,https://books.kuras-plus.com/works/1a49ko7,"noindex,follow",false,true,false,false,,noindex,"summary・タグともになし。薄いコンテンツとして noindex,follow（既存方針）。"
/works/1a51t81,work,小説アニメ葬送のフリーレン.,,0,0,https://books.kuras-plus.com/works/1a51t81,"index,follow",true,false,false,false,,strengthen,タグのみ。あらすじ追記で強化推奨。
/works/1a652lu,work,丸谷才一批評集 第4巻 (近代小説のために),,0,0,https://books.kuras-plus.com/works/1a652lu,"index,follow",true,false,false,false,,strengthen,タグのみ。あらすじ追記で強化推奨。
/works/1a7btk0,work,GANTZ,死んだはずの若者たちが謎の黒い球に命じられ宇宙人と戦う強烈なSFアクション漫画。容赦ない描写とリアリティのある心理描写が融合した、大人向けの衝撃的な問題作。,78,0,https://books.kuras-plus.com/works/1a7btk0,"index,follow",true,false,false,false,,index,あらすじあり。index対象。
/works/1a8xcoo,work,昭和文学論考 : マチとムラと 小田切進先生退職記念論文集,小田切進先生の退職を記念して編まれた論文集。「マチとムラ」というテーマのもと、昭和文学における都市と農村の表象を多角的に考察する。近代化の波の中で揺れ動く日本社,212,0,https://books.kuras-plus.com/works/1a8xcoo,"index,follow",true,false,false,false,,index,あらすじあり。index対象。
/works/1a9ofik,work,課長 島耕作,,0,0,https://books.kuras-plus.com/works/1a9ofik,"noindex,follow",false,true,false,false,,noindex,"summary・タグともになし。薄いコンテンツとして noindex,follow（既存方針）。"
/works/1aakpum,work,転生したらスライムだった件,スライムに転生してチート級に成長、気持ちいい異世界ファンタジー,31,0,https://books.kuras-plus.com/works/1aakpum,"index,follow",true,false,false,false,,index,あらすじあり。index対象。
/works/1acg5ch,work,星の海を駆ける : 新世代スペース・オペラ傑作選,,0,0,https://books.kuras-plus.com/works/1acg5ch,"index,follow",true,false,false,false,,strengthen,タグのみ。あらすじ追記で強化推奨。
/works/1afshfz,work,夏への扉,愛猫ピートとともに裏切りにあった発明家ダンは、冷凍睡眠で三十年後の未来へ飛ぶ。しかし目覚めた世界で彼は、過去を取り戻すためにタイムトラベルを決意する。ハインライ,192,0,https://books.kuras-plus.com/works/1afshfz,"index,follow",true,false,false,false,,index,あらすじあり。index対象。
/works/1agrbnl,work,夏への扉,恋人と親友に裏切られた発明家が、愛猫ピートとともにタイムトラベルで人生をやり直す物語。ロバート・A・ハインラインによるSFロマンスの古典であり、温かみのある読後,141,0,https://books.kuras-plus.com/works/1agrbnl,"index,follow",true,false,false,false,,index,あらすじあり。index対象。
/works/1ak3w39,work,ワールドトリガー,,0,0,https://books.kuras-plus.com/works/1ak3w39,"noindex,follow",false,true,false,false,,noindex,"summary・タグともになし。薄いコンテンツとして noindex,follow（既存方針）。"
/works/1ak6fp1,work,学校怪談（11）,,0,0,https://books.kuras-plus.com/works/1ak6fp1,"noindex,follow",false,true,false,false,,noindex,"summary・タグともになし。薄いコンテンツとして noindex,follow（既存方針）。"
/works/1ak6gpe,work,ラブ★コン カラー版,身長差のあるカップルの恋愛を描いた王道青春ラブコメ漫画のカラー版。明るく笑えて胸もキュンとするテンポの良い恋愛ドラマが魅力で、少女漫画が好きな幅広い世代に愛され,86,0,https://books.kuras-plus.com/works/1ak6gpe,"index,follow",true,false,false,false,,index,あらすじあり。index対象。
/works/1aknjuy,work,ナニワ金融道,,0,0,https://books.kuras-plus.com/works/1aknjuy,"noindex,follow",false,true,false,false,,noindex,"summary・タグともになし。薄いコンテンツとして noindex,follow（既存方針）。"
/works/1akwct4,work,ラグナクリムゾン,竜が支配する世界で竜殺しを目指す少年の壮大なファンタジー漫画。スケールの大きな戦闘シーンと複雑な感情を持つキャラクターたちが魅力で、骨太のダークファンタジーを好,89,0,https://books.kuras-plus.com/works/1akwct4,"index,follow",true,false,false,false,,index,あらすじあり。index対象。
/works/1al3m01,work,おかえりアリス,,0,0,https://books.kuras-plus.com/works/1al3m01,"noindex,follow",false,true,false,false,,noindex,"summary・タグともになし。薄いコンテンツとして noindex,follow（既存方針）。"
/works/1an0jwc,work,絵本窓ぎわのトットちゃん,小学校を退学になった少女トットちゃんが出会ったのは、電車の教室があるトモエ学園という不思議な学校だった。「君は、ほんとうは、いい子なんだよ」——小林宗作先生の温,189,0,https://books.kuras-plus.com/works/1an0jwc,"index,follow",true,false,false,false,,index,あらすじあり。index対象。
/works/1ao3jpo,work,千羽鶴,,0,0,https://books.kuras-plus.com/works/1ao3jpo,"index,follow",true,false,false,false,,strengthen,タグのみ。あらすじ追記で強化推奨。
/works/1aofzgq,work,カート・ヴォネガット = Kurt Vonnegut : トラウマの詩学,,0,0,https://books.kuras-plus.com/works/1aofzgq,"index,follow",true,false,false,false,,strengthen,タグのみ。あらすじ追記で強化推奨。
/works/1aoooh6,work,"骸骨騎士様、只今異世界へお出掛け中 = Skeleton Knight,going out to the parallel universe.",,0,0,https://books.kuras-plus.com/works/1aoooh6,"noindex,follow",false,true,false,false,,noindex,"summary・タグともになし。薄いコンテンツとして noindex,follow（既存方針）。"
/works/1apy1lb,work,ＧＡ文庫＆ＧＡノベル２０２０年２月の新刊　全作品立読み（合本版）,,0,0,https://books.kuras-plus.com/works/1apy1lb,"index,follow",true,false,false,false,,strengthen,タグのみ。あらすじ追記で強化推奨。
/works/1aq8oo9,work,"骸骨騎士様、只今異世界へお出掛け中 = Skeleton Knight,going out to the parallel universe",,0,0,https://books.kuras-plus.com/works/1aq8oo9,"noindex,follow",false,true,false,false,,noindex,"summary・タグともになし。薄いコンテンツとして noindex,follow（既存方針）。"
/works/1aq9zf8,work,沈黙の艦隊,,0,0,https://books.kuras-plus.com/works/1aq9zf8,"noindex,follow",false,true,false,false,,noindex,"summary・タグともになし。薄いコンテンツとして noindex,follow（既存方針）。"
/works/1arqmhz,work,きょうは会社休みます。,,0,0,https://books.kuras-plus.com/works/1arqmhz,"noindex,follow",false,true,false,false,,noindex,"summary・タグともになし。薄いコンテンツとして noindex,follow（既存方針）。"
/works/1asm65a,work,ロードス島戦記,,0,0,https://books.kuras-plus.com/works/1asm65a,"noindex,follow",false,true,false,false,,noindex,"summary・タグともになし。薄いコンテンツとして noindex,follow（既存方針）。"
/works/1asnopg,work,PLUTO　デジタルVer.,,0,0,https://books.kuras-plus.com/works/1asnopg,"noindex,follow",false,true,false,false,,noindex,"summary・タグともになし。薄いコンテンツとして noindex,follow（既存方針）。"
/works/1atzrs4,work,六番目の小夜子,とある地方の高校に、代々受け継がれる奇妙な伝統——三年に一度、「サヨコ」と呼ばれる謎の役割が生徒に課される。六番目のサヨコに選ばれた年、転校生の津村沙世子が現れ,185,0,https://books.kuras-plus.com/works/1atzrs4,"index,follow",true,false,false,false,,index,あらすじあり。index対象。
/works/1aujsoi,work,ダンジョン飯 = DELICIOUS IN DUNGEON.,,0,0,https://books.kuras-plus.com/works/1aujsoi,"noindex,follow",false,true,false,false,,noindex,"summary・タグともになし。薄いコンテンツとして noindex,follow（既存方針）。"
/works/1av8n3o,work,ピンポンフルゲームの,,0,0,https://books.kuras-plus.com/works/1av8n3o,"noindex,follow",false,true,false,false,,noindex,"summary・タグともになし。薄いコンテンツとして noindex,follow（既存方針）。"
/works/1ax8t3q,work,弱気の蟲 : 二大長編推理小説 : 松本清張プレミアム・ミステリー,松本清張の長編推理小説を収めたプレミアムな一冊。人間の弱さが事件を引き起こし、その弱さゆえに追い詰められていく登場人物たちの姿が、清張らしい冷徹な筆致で描かれる,209,0,https://books.kuras-plus.com/works/1ax8t3q,"index,follow",true,false,false,false,,index,あらすじあり。index対象。
/works/1axmsdp,work,電撃デイジー,謎の人物「デイジー」との携帯越しのやり取りから始まる少女漫画。甘いロマンスとミステリアスな謎が交差し、胸がキュンとする恋愛と秘密を巡るサスペンスを同時に味わいた,90,0,https://books.kuras-plus.com/works/1axmsdp,"index,follow",true,false,false,false,,index,あらすじあり。index対象。
/works/1axqgej,work,Monster. Chapter 4 (アイシェの友達),,0,0,https://books.kuras-plus.com/works/1axqgej,"noindex,follow",false,true,false,false,,noindex,"summary・タグともになし。薄いコンテンツとして noindex,follow（既存方針）。"
/works/1axyvs3,work,正欲,「多様性」という言葉が溢れる時代に、本当の意味で他者を理解するとはどういうことかを問いかける衝撃作。朝井リョウは複数の視点人物を通じて、社会が認める「普通」の欲,187,0,https://books.kuras-plus.com/works/1axyvs3,"index,follow",true,false,false,false,,index,あらすじあり。index対象。
/works/1azab0l,work,まことちゃん,,0,0,https://books.kuras-plus.com/works/1azab0l,"noindex,follow",false,true,false,false,,noindex,"summary・タグともになし。薄いコンテンツとして noindex,follow（既存方針）。"
/works/1azels3,work,新選組血風録,,0,0,https://books.kuras-plus.com/works/1azels3,"noindex,follow",false,true,false,false,,noindex,"summary・タグともになし。薄いコンテンツとして noindex,follow（既存方針）。"
/works/1b1ija2,work,【話販売】運命の人に出会う話　第１４話　誕生日（後半）,,0,0,https://books.kuras-plus.com/works/1b1ija2,"noindex,follow",false,true,false,false,,noindex,"summary・タグともになし。薄いコンテンツとして noindex,follow（既存方針）。"
/works/1b1srqv,work,日常業務をRPAで楽しく自動化 WinActor実践ガイド WinActor v6対応,RPAツール「WinActor」を使った業務自動化の実践的な入門書。日常の繰り返し作業を効率化したいビジネスパーソン向けに、楽しく学べる構成でわかりやすく解説。,80,0,https://books.kuras-plus.com/works/1b1srqv,"index,follow",true,false,false,false,,index,あらすじあり。index対象。
/works/1b3pudb,work,ドメスティックな彼女,,0,0,https://books.kuras-plus.com/works/1b3pudb,"noindex,follow",false,true,false,false,,noindex,"summary・タグともになし。薄いコンテンツとして noindex,follow（既存方針）。"
/works/1b64z4s,work,絶対可憐チルドレン,,0,0,https://books.kuras-plus.com/works/1b64z4s,"noindex,follow",false,true,false,false,,noindex,"summary・タグともになし。薄いコンテンツとして noindex,follow（既存方針）。"
/works/1b6cs7a,work,WORKING!!,,0,0,https://books.kuras-plus.com/works/1b6cs7a,"noindex,follow",false,true,false,false,,noindex,"summary・タグともになし。薄いコンテンツとして noindex,follow（既存方針）。"
/works/1b7hi2d,work,漫画バビロン大富豪の教え,古代バビロニアを舞台に、お金との正しい付き合い方を学ぶ古典的財産形成入門書をマンガ化。お金の本質的な法則をストーリー形式でわかりやすく伝える、資産形成の考え方を,94,0,https://books.kuras-plus.com/works/1b7hi2d,"index,follow",true,false,false,false,,index,あらすじあり。index対象。
/works/1b9gzck,work,風ケ丘五十円玉祭りの謎,,0,0,https://books.kuras-plus.com/works/1b9gzck,"index,follow",true,false,false,false,,strengthen,タグのみ。あらすじ追記で強化推奨。
/works/1bbopp1,work,怪物王女,,0,0,https://books.kuras-plus.com/works/1bbopp1,"noindex,follow",false,true,false,false,,noindex,"summary・タグともになし。薄いコンテンツとして noindex,follow（既存方針）。"
/works/1bburw4,work,ジンメン,,0,0,https://books.kuras-plus.com/works/1bburw4,"noindex,follow",false,true,false,false,,noindex,"summary・タグともになし。薄いコンテンツとして noindex,follow（既存方針）。"
/works/1bcriah,work,幼年期の終わり,突如地球に現れた異星人「オーバーロード」によって平和と繁栄がもたらされた人類。しかしその真の目的は人類の想像を超えるものだった。アーサー・C・クラークが描く人類,140,0,https://books.kuras-plus.com/works/1bcriah,"index,follow",true,false,false,false,,index,あらすじあり。index対象。
/works/1bfpcn1,work,100人の彼女,,0,0,https://books.kuras-plus.com/works/1bfpcn1,"noindex,follow",false,true,false,false,,noindex,"summary・タグともになし。薄いコンテンツとして noindex,follow（既存方針）。"
/works/1bghtk2,work,霧越邸殺人事件,雪に閉ざされた豪邸を舞台にした本格ミステリ。濃密なゴシック的雰囲気と精緻な謎が絡み合い、非日常的な恐怖と知的興奮を同時に味わえる綾辻行人の代表的長編推理小説。,79,0,https://books.kuras-plus.com/works/1bghtk2,"index,follow",true,false,false,false,,index,あらすじあり。index対象。
/works/1bgjm9u,work,フラジャイル,,0,0,https://books.kuras-plus.com/works/1bgjm9u,"noindex,follow",false,true,false,false,,noindex,"summary・タグともになし。薄いコンテンツとして noindex,follow（既存方針）。"
/works/1bi1th8,work,忍空,,0,0,https://books.kuras-plus.com/works/1bi1th8,"noindex,follow",false,true,false,false,,noindex,"summary・タグともになし。薄いコンテンツとして noindex,follow（既存方針）。"
/works/1bisyg8,work,ダンダダン,オカルト好きの少女と幽霊は信じるがUFOは信じない少年が、超常現象に巻き込まれるアクションコメディ漫画。独創的な設定と疾走感あふれる展開、個性的なキャラクターが,94,0,https://books.kuras-plus.com/works/1bisyg8,"index,follow",true,false,false,false,,index,あらすじあり。index対象。
/works/1bjo84i,work,変な家:,,0,0,https://books.kuras-plus.com/works/1bjo84i,"noindex,follow",false,true,false,false,,noindex,"summary・タグともになし。薄いコンテンツとして noindex,follow（既存方針）。"
/works/1bm1rmr,work,チルドレン,個性豊かな人物たちが巻き起こすユーモラスで温かい連作短編集。クスッと笑える場面と心温まるエピソードが交互に訪れ、日常の中の不思議な縁と人間の愛おしさを感じさせて,86,0,https://books.kuras-plus.com/works/1bm1rmr,"index,follow",true,false,false,false,,index,あらすじあり。index対象。
/works/1bmxjzy,work,鬼子母神,,0,0,https://books.kuras-plus.com/works/1bmxjzy,"noindex,follow",false,true,false,false,,noindex,"summary・タグともになし。薄いコンテンツとして noindex,follow（既存方針）。"
/works/1bqcmqb,work,ライトノベル設定資料生徒会のしくみ,,0,0,https://books.kuras-plus.com/works/1bqcmqb,"index,follow",true,false,false,false,,strengthen,タグのみ。あらすじ追記で強化推奨。
/works/1bs5wrm,work,食べ物と健康.,,0,0,https://books.kuras-plus.com/works/1bs5wrm,"index,follow",true,false,false,false,,strengthen,タグのみ。あらすじ追記で強化推奨。
/works/1bt4es8,work,惡の華,,0,0,https://books.kuras-plus.com/works/1bt4es8,"noindex,follow",false,true,false,false,,noindex,"summary・タグともになし。薄いコンテンツとして noindex,follow（既存方針）。"
/works/1bu5sio,work,手紙,手紙という親密なメディアを通じて文学作品を読み解く、ユニークな視座の評論集。書簡に込められた作家たちの生の声、推敲では消えてしまう本音、時代の空気。関口安義が丹,189,0,https://books.kuras-plus.com/works/1bu5sio,"index,follow",true,false,false,false,,index,あらすじあり。index対象。
/works/1bvew35,work,シャーマンキング,霊能力者たちが世界を賭けて戦うシャーマンファイトを描いた少年漫画。個性的なシャーマンたちとの熱いバトルと友情が魅力で、90年代・2000年代少年漫画を愛する読者,93,0,https://books.kuras-plus.com/works/1bvew35,"index,follow",true,false,false,false,,index,あらすじあり。index対象。
/works/1bvi3jg,work,ドラゴンヘッド,,0,0,https://books.kuras-plus.com/works/1bvi3jg,"noindex,follow",false,true,false,false,,noindex,"summary・タグともになし。薄いコンテンツとして noindex,follow（既存方針）。"
/works/1bycees,work,伊藤潤二傑作集,ホラー漫画の巨匠・伊藤潤二が放つ厳選された恐怖短編集。独特のグロテスクな美学と背筋が凍る奇妙な恐怖が凝縮された、ホラーファン必読の傑作オムニバス。,73,0,https://books.kuras-plus.com/works/1bycees,"index,follow",true,false,false,false,,index,あらすじあり。index対象。
/works/1bzlbsp,work,カラフル,死んだはずの魂が天使から告げられる。「おめでとうございます、抽選に当たりました」。自殺した中学生・小林真の体に入り、期限付きの人生をやり直すことに。家族の秘密、,191,0,https://books.kuras-plus.com/works/1bzlbsp,"index,follow",true,false,false,false,,index,あらすじあり。index対象。
/works/1c0ng8s,work,マンガ版　教養として学んでおきたい哲学,,0,0,https://books.kuras-plus.com/works/1c0ng8s,"noindex,follow",false,true,false,false,,noindex,"summary・タグともになし。薄いコンテンツとして noindex,follow（既存方針）。"
/works/1c2c3v1,work,マリアビートル,新幹線という密室を舞台に複数の殺し屋たちが繰り広げる闘いを描くクライムエンタメ。限られた空間で展開するスピーディな展開と個性的なキャラクターが魅力の、伊坂幸太郎,88,0,https://books.kuras-plus.com/works/1c2c3v1,"index,follow",true,false,false,false,,index,あらすじあり。index対象。
/works/1c2xkt9,work,愛蔵版天使禁猟区,,0,0,https://books.kuras-plus.com/works/1c2xkt9,"noindex,follow",false,true,false,false,,noindex,"summary・タグともになし。薄いコンテンツとして noindex,follow（既存方針）。"
/works/1c6w431,work,知られざる徳川家康 : 歴史小説傑作選,,0,0,https://books.kuras-plus.com/works/1c6w431,"noindex,follow",false,true,false,false,,noindex,"summary・タグともになし。薄いコンテンツとして noindex,follow（既存方針）。"
/works/1c7kf4y,work,ゴブリンスレイヤー：デイ・イン・ザ・ライフ（3）(完),,0,0,https://books.kuras-plus.com/works/1c7kf4y,"noindex,follow",false,true,false,false,,noindex,"summary・タグともになし。薄いコンテンツとして noindex,follow（既存方針）。"
/works/1c7mbpy,work,終末のハーレム セミカラー版,,0,0,https://books.kuras-plus.com/works/1c7mbpy,"noindex,follow",false,true,false,false,,noindex,"summary・タグともになし。薄いコンテンツとして noindex,follow（既存方針）。"
/works/1c7vahz,work,聖女の魔力は万能です = The power of the saint is all around.,,0,0,https://books.kuras-plus.com/works/1c7vahz,"noindex,follow",false,true,false,false,,noindex,"summary・タグともになし。薄いコンテンツとして noindex,follow（既存方針）。"
/works/1c7yuvn,work,魔法科高校の劣等生 Appendix,,0,0,https://books.kuras-plus.com/works/1c7yuvn,"noindex,follow",false,true,false,false,,noindex,"summary・タグともになし。薄いコンテンツとして noindex,follow（既存方針）。"
/works/1c8v44w,work,紅の死神は眠り姫の寝起きに悩まされる ６,,0,0,https://books.kuras-plus.com/works/1c8v44w,"index,follow",true,false,false,false,,strengthen,タグのみ。あらすじ追記で強化推奨。
/works/1c8yvee,work,東京喰種:re,喰種と人間の世界を舞台にしたダークファンタジーの続編。前作の衝撃を受け継ぎつつ新たな謎と展開が繰り広げられる、ダークな世界観と深いキャラクター描写を好むファン必,87,0,https://books.kuras-plus.com/works/1c8yvee,"index,follow",true,false,false,false,,index,あらすじあり。index対象。
/works/1c9vb4b,work,成仏させたい私の萌え : BLコミックエッセイアンソロジー,,0,0,https://books.kuras-plus.com/works/1c9vb4b,"noindex,follow",false,true,false,false,,noindex,"summary・タグともになし。薄いコンテンツとして noindex,follow（既存方針）。"
/works/1cbs9tj,work,ビブリア古書堂の事件手帖スピンオフ　こぐちさんと僕のビブリアファイト部活動日誌　１,北鎌倉の古書店を舞台に、本にまつわる謎を解き明かす人気シリーズのスピンオフ。葵季むつみが描く本編とは異なる視点からの物語は、ビブリア古書堂の世界をさらに豊かに広,196,0,https://books.kuras-plus.com/works/1cbs9tj,"index,follow",true,false,false,false,,index,あらすじあり。index対象。
/works/1cdi7i4,work,悪魔の花嫁,,0,0,https://books.kuras-plus.com/works/1cdi7i4,"noindex,follow",false,true,false,false,,noindex,"summary・タグともになし。薄いコンテンツとして noindex,follow（既存方針）。"
/works/1cfdefo,work,異世界おじさん,17年間異世界にいたおじさんが現代に戻ってくるというギャグ漫画。異世界経験と現代のギャップから生まれる笑いが絶妙で、異世界ものとコメディが好きな読者に大人気の癒,88,0,https://books.kuras-plus.com/works/1cfdefo,"index,follow",true,false,false,false,,index,あらすじあり。index対象。
/works/1cfjk5s,work,覚悟のススメ（9）,,0,0,https://books.kuras-plus.com/works/1cfjk5s,"noindex,follow",false,true,false,false,,noindex,"summary・タグともになし。薄いコンテンツとして noindex,follow（既存方針）。"
/works/1cg4mlj,work,異世界ありがとう = Thank you for another world.,,0,0,https://books.kuras-plus.com/works/1cg4mlj,"noindex,follow",false,true,false,false,,noindex,"summary・タグともになし。薄いコンテンツとして noindex,follow（既存方針）。"
/works/1cg93do,work,ソードアート・オンラインユナイタル・リング = SWORD ART ONLINE UNITAL RING.,,0,0,https://books.kuras-plus.com/works/1cg93do,"noindex,follow",false,true,false,false,,noindex,"summary・タグともになし。薄いコンテンツとして noindex,follow（既存方針）。"
/works/1cggy8a,work,蟲師愛蔵版,,0,0,https://books.kuras-plus.com/works/1cggy8a,"noindex,follow",false,true,false,false,,noindex,"summary・タグともになし。薄いコンテンツとして noindex,follow（既存方針）。"
/works/1cgl1ut,work,あさきゆめみし,,0,0,https://books.kuras-plus.com/works/1cgl1ut,"noindex,follow",false,true,false,false,,noindex,"summary・タグともになし。薄いコンテンツとして noindex,follow（既存方針）。"
/works/1chezlj,work,ロクでなし魔術講師と禁忌教典(アカシックレコード).,,0,0,https://books.kuras-plus.com/works/1chezlj,"noindex,follow",false,true,false,false,,noindex,"summary・タグともになし。薄いコンテンツとして noindex,follow（既存方針）。"
/works/1ciayoe,work,松本淸張全集: けものみち,,0,0,https://books.kuras-plus.com/works/1ciayoe,"index,follow",true,false,false,false,,strengthen,タグのみ。あらすじ追記で強化推奨。
/works/1ckiy9b,work,となりの怪物くん愛蔵版,,0,0,https://books.kuras-plus.com/works/1ckiy9b,"noindex,follow",false,true,false,false,,noindex,"summary・タグともになし。薄いコンテンツとして noindex,follow（既存方針）。"
/works/1cm4fir,work,漂流教室〔文庫版〕,,0,0,https://books.kuras-plus.com/works/1cm4fir,"noindex,follow",false,true,false,false,,noindex,"summary・タグともになし。薄いコンテンツとして noindex,follow（既存方針）。"
/works/1cm7vmu,work,すべてがＦになる　－ＴＨＥ　ＰＥＲＦＥＣＴ　ＩＮＳＩＤＥＲ－　分冊版,天才プログラマー真賀田四季が暮らす孤島の研究所で起きた密室殺人。森博嗣の伝説的デビュー作を、霜月かいりが美麗な筆致でコミカライズした分冊版。理系ミステリーの金字,197,0,https://books.kuras-plus.com/works/1cm7vmu,"index,follow",true,false,false,false,,index,あらすじあり。index対象。
/works/1cou4wv,work,神様はじめました,ひょんなことから神社の土地神になった女子高生と妖狐との恋を描いた和風ファンタジーロマンス漫画。神様や妖怪との温かい交流と甘い恋愛が絶妙にブレンドされた、少女漫画,90,0,https://books.kuras-plus.com/works/1cou4wv,"index,follow",true,false,false,false,,index,あらすじあり。index対象。
/works/1cqb3ik,work,ゆびさきと恋々,,0,0,https://books.kuras-plus.com/works/1cqb3ik,"noindex,follow",false,true,false,false,,noindex,"summary・タグともになし。薄いコンテンツとして noindex,follow（既存方針）。"
/works/1cqbjsg,work,バジリスク,,0,0,https://books.kuras-plus.com/works/1cqbjsg,"noindex,follow",false,true,false,false,,noindex,"summary・タグともになし。薄いコンテンツとして noindex,follow（既存方針）。"
/works/1cr6645,work,東京卍リベンジャーズ : 実写映画記念1-4巻スターターセット,,0,0,https://books.kuras-plus.com/works/1cr6645,"noindex,follow",false,true,false,false,,noindex,"summary・タグともになし。薄いコンテンツとして noindex,follow（既存方針）。"
/works/1ctlyye,work,湾岸ミッドナイト,,0,0,https://books.kuras-plus.com/works/1ctlyye,"noindex,follow",false,true,false,false,,noindex,"summary・タグともになし。薄いコンテンツとして noindex,follow（既存方針）。"
/works/1ctxbnl,work,PSYREN―サイレン―,,0,0,https://books.kuras-plus.com/works/1ctxbnl,"noindex,follow",false,true,false,false,,noindex,"summary・タグともになし。薄いコンテンツとして noindex,follow（既存方針）。"
/works/1cv7fb3,work,映像研には手を出すな！,,0,0,https://books.kuras-plus.com/works/1cv7fb3,"noindex,follow",false,true,false,false,,noindex,"summary・タグともになし。薄いコンテンツとして noindex,follow（既存方針）。"
/works/1cvxmhx,work,未来,環境ホルモンが生態系や人体に与える影響を詳細な調査で告発した科学ノンフィクション。現代社会の環境問題を考えるうえで欠かせない知見を提供する、衝撃的な科学的真実に,90,0,https://books.kuras-plus.com/works/1cvxmhx,"index,follow",true,false,false,false,,index,あらすじあり。index対象。
/works/1cw7oh4,work,スタンフォード式 経済学入門,アメリカで最も人気のある経済学入門講座をベースに、ミクロ経済学とマクロ経済学の基本を一冊にまとめた入門書。需要と供給、GDP、インフレなど経済の基礎概念を身近な,126,0,https://books.kuras-plus.com/works/1cw7oh4,"index,follow",true,false,false,false,,index,あらすじあり。index対象。
/works/1cyebre,work,Zの悲劇,「悲劇シリーズ」完結編。女性ジャーナリストの視点で描かれる異色の本格ミステリで、ドルリー・レーンが最後の大事件に挑む。シリーズの集大成として推理小説史に輝く古典,84,0,https://books.kuras-plus.com/works/1cyebre,"index,follow",true,false,false,false,,index,あらすじあり。index対象。
/works/1cyr4vw,work,氷属性男子とクールな同僚女子,口下手で誤解されやすい男性と無表情なクール女子の職場恋愛を描いたラブコメ漫画。すれ違いから生まれる甘酸っぱさと心のぬくもりが読んでいて心地よい、大人向け職場恋愛,87,0,https://books.kuras-plus.com/works/1cyr4vw,"index,follow",true,false,false,false,,index,あらすじあり。index対象。
/works/1d12ozc,work,風魔の小次郎,,0,0,https://books.kuras-plus.com/works/1d12ozc,"noindex,follow",false,true,false,false,,noindex,"summary・タグともになし。薄いコンテンツとして noindex,follow（既存方針）。"
/works/1d52m7o,work,学校怪談,学校に潜む怪談と超常現象を描いた高橋葉介のホラーオムニバス漫画。子供の頃に感じた学校の「怖さ」をノスタルジーとともに呼び起こす、日本ホラー漫画の古典的名作。,78,0,https://books.kuras-plus.com/works/1d52m7o,"index,follow",true,false,false,false,,index,あらすじあり。index対象。
/works/1d5nzmu,work,DAYS,,0,0,https://books.kuras-plus.com/works/1d5nzmu,"noindex,follow",false,true,false,false,,noindex,"summary・タグともになし。薄いコンテンツとして noindex,follow（既存方針）。"
/works/1d6gduo,work,君に届け,不器用な女の子と周囲との絆を描く、純粋で温かい青春恋愛,27,0,https://books.kuras-plus.com/works/1d6gduo,"index,follow",true,false,false,false,,index,あらすじあり。index対象。
/works/1d7xco7,work,ハイキュー!!,,0,0,https://books.kuras-plus.com/works/1d7xco7,"index,follow",true,false,false,false,,strengthen,タグのみ。あらすじ追記で強化推奨。
/works/1d872ex,work,ソードアート・オンラインユナイタル・リング,,0,0,https://books.kuras-plus.com/works/1d872ex,"noindex,follow",false,true,false,false,,noindex,"summary・タグともになし。薄いコンテンツとして noindex,follow（既存方針）。"
/works/1d957no,work,ヨルムンガンド,,0,0,https://books.kuras-plus.com/works/1d957no,"noindex,follow",false,true,false,false,,noindex,"summary・タグともになし。薄いコンテンツとして noindex,follow（既存方針）。"
/works/1d9zgvt,work,望郷,故郷への想いとさまざまな人生模様を描く森瑤子の短編集。洗練された文体と繊細な感情描写が特徴で、人生の哀感と美しさを静かに味わいたい読者に向けた、大人の文学の香り,86,0,https://books.kuras-plus.com/works/1d9zgvt,"index,follow",true,false,false,false,,index,あらすじあり。index対象。
/works/1da4zqv,work,彼岸島48日後….,,0,0,https://books.kuras-plus.com/works/1da4zqv,"noindex,follow",false,true,false,false,,noindex,"summary・タグともになし。薄いコンテンツとして noindex,follow（既存方針）。"
/works/1dem5jj,work,松本清張全集第5巻砂の器,東京駅で発見された他殺体。わずかな手がかりを追う刑事たちの執念が、やがて日本の暗い過去と一人の天才音楽家の秘密へと繋がっていく。松本清張が社会派ミステリーの頂点,180,0,https://books.kuras-plus.com/works/1dem5jj,"index,follow",true,false,false,false,,index,あらすじあり。index対象。
/works/1dez3n0,work,"呪術廻戦 19巻 記録──2018年10月“渋谷事変""にて秘匿された物品ならびに現場写真付き同梱版",,0,0,https://books.kuras-plus.com/works/1dez3n0,"noindex,follow",false,true,false,false,,noindex,"summary・タグともになし。薄いコンテンツとして noindex,follow（既存方針）。"
/works/1dfbmtu,work,ハカイジュウ（4）,,0,0,https://books.kuras-plus.com/works/1dfbmtu,"noindex,follow",false,true,false,false,,noindex,"summary・タグともになし。薄いコンテンツとして noindex,follow（既存方針）。"
/works/1dgc97c,work,クロサギ,,0,0,https://books.kuras-plus.com/works/1dgc97c,"noindex,follow",false,true,false,false,,noindex,"summary・タグともになし。薄いコンテンツとして noindex,follow（既存方針）。"
/works/1dhkpmv,work,アホガール,,0,0,https://books.kuras-plus.com/works/1dhkpmv,"noindex,follow",false,true,false,false,,noindex,"summary・タグともになし。薄いコンテンツとして noindex,follow（既存方針）。"
/works/1dii8qk,work,昭和元禄落語心中新装版,,0,0,https://books.kuras-plus.com/works/1dii8qk,"noindex,follow",false,true,false,false,,noindex,"summary・タグともになし。薄いコンテンツとして noindex,follow（既存方針）。"
/works/1dj054h,work,マイホームヒーロー　１～３巻お買い得パック,,0,0,https://books.kuras-plus.com/works/1dj054h,"noindex,follow",false,true,false,false,,noindex,"summary・タグともになし。薄いコンテンツとして noindex,follow（既存方針）。"
/works/1djqvux,work,チビトラ 2 (今日もゆんゆん日和),,0,0,https://books.kuras-plus.com/works/1djqvux,"noindex,follow",false,true,false,false,,noindex,"summary・タグともになし。薄いコンテンツとして noindex,follow（既存方針）。"
/works/1dkb4ly,work,松本清張推理評論集 = SEICHO MATSUMOTO'S ESSAYS ON DETECTIVE FICTION : 1957-1988,社会派推理小説の巨人・松本清張が、約30年にわたって書き続けた推理小説論を集成した貴重な評論集。探偵小説の本質、リアリズムと推理の関係、日本ミステリーの進むべき,214,0,https://books.kuras-plus.com/works/1dkb4ly,"index,follow",true,false,false,false,,index,あらすじあり。index対象。
/works/1dkdodo,work,こわい本,,0,0,https://books.kuras-plus.com/works/1dkdodo,"noindex,follow",false,true,false,false,,noindex,"summary・タグともになし。薄いコンテンツとして noindex,follow（既存方針）。"
/works/1dlae8x,work,ゆらぎ荘の幽奈さん,霊能力者の少年が幽霊たちの住む下宿に暮らすドタバタラブコメ漫画。個性豊かな幽霊ヒロインたちとの賑やかな日常と、少年の成長をコミカルに描いた少年漫画らしい作品。,79,0,https://books.kuras-plus.com/works/1dlae8x,"index,follow",true,false,false,false,,index,あらすじあり。index対象。
/works/1dlxfu8,work,DIE WITH ZERO,「ゼロで死ぬ」という衝撃的なコンセプトで、人生の限られた時間とお金の最適な使い方を提案する。「いつかやりたい」を「今やる」に変える9つのルールが、人生観を根底か,138,0,https://books.kuras-plus.com/works/1dlxfu8,"index,follow",true,false,false,false,,index,あらすじあり。index対象。
/works/1dmhppr,work,金田一少年の事件簿,天才探偵・金田一耕助の孫が様々な密室殺人を解決する本格推理漫画の金字塔。精巧に組み立てられたトリックと手がかりが読者の推理心を刺激する、ミステリー漫画ファン必読,90,0,https://books.kuras-plus.com/works/1dmhppr,"index,follow",true,false,false,false,,index,あらすじあり。index対象。
/works/1dnv5gn,work,学校怪談（4）,,0,0,https://books.kuras-plus.com/works/1dnv5gn,"noindex,follow",false,true,false,false,,noindex,"summary・タグともになし。薄いコンテンツとして noindex,follow（既存方針）。"
/works/1dovjq4,work,屍鬼,,0,0,https://books.kuras-plus.com/works/1dovjq4,"noindex,follow",false,true,false,false,,noindex,"summary・タグともになし。薄いコンテンツとして noindex,follow（既存方針）。"
/works/1drdofg,work,攻殻機動隊,,0,0,https://books.kuras-plus.com/works/1drdofg,"noindex,follow",false,true,false,false,,noindex,"summary・タグともになし。薄いコンテンツとして noindex,follow（既存方針）。"
/works/1drgwhn,work,クスノキの番人ジュニア版上巻,前科を抱えた青年・直井玲斗は、伯母の遺言により、古い神社に佇むクスノキの「番人」を命じられる。このクスノキには、祈り手の念を受け取る不思議な力があるという。訪れ,190,0,https://books.kuras-plus.com/works/1drgwhn,"index,follow",true,false,false,false,,index,あらすじあり。index対象。
/works/1dsq0mc,work,理由,マンションでの凄惨な事件の「理由」をドキュメンタリー形式で掘り下げる宮部みゆきの直木賞受賞作。現代の都市と人間の孤独・格差を鋭くえぐる社会派ミステリの傑作。,78,0,https://books.kuras-plus.com/works/1dsq0mc,"index,follow",true,false,false,false,,index,あらすじあり。index対象。
/works/1dubzsr,work,エア・ギア,エアトレックというローラーブレードで空を目指す少年を描いた疾走感あふれるスポーツバトル漫画。独自の世界観とスピード感溢れるアクション描写が魅力で、少年漫画の迫力,93,0,https://books.kuras-plus.com/works/1dubzsr,"index,follow",true,false,false,false,,index,あらすじあり。index対象。
/works/1dup813,work,村上春樹を読む。 : 全小説と作品キーワード,村上春樹の全小説をキーワードで横断的に読み解く、ユニークな切り口の作品論。「井戸」「猫」「壁」「喪失」といった春樹文学を貫くモチーフを手がかりに、作品間のつなが,210,0,https://books.kuras-plus.com/works/1dup813,"index,follow",true,false,false,false,,index,あらすじあり。index対象。
/works/1duwu8m,work,屍人荘の殺人 = Murders at the House of Death,,0,0,https://books.kuras-plus.com/works/1duwu8m,"index,follow",true,false,false,false,,strengthen,タグのみ。あらすじ追記で強化推奨。
/works/1dvxdr3,work,かぐや様は告らせたい～天才たちの恋愛頭脳戦～,,0,0,https://books.kuras-plus.com/works/1dvxdr3,"noindex,follow",false,true,false,false,,noindex,"summary・タグともになし。薄いコンテンツとして noindex,follow（既存方針）。"
/works/1dwfs0l,work,【期間限定　無料お試し版】電撃デイジー,,0,0,https://books.kuras-plus.com/works/1dwfs0l,"noindex,follow",false,true,false,false,,noindex,"summary・タグともになし。薄いコンテンツとして noindex,follow（既存方針）。"
/works/1dyn2vg,work,ガンニバル１～３巻スペシャルプライスパック,,0,0,https://books.kuras-plus.com/works/1dyn2vg,"noindex,follow",false,true,false,false,,noindex,"summary・タグともになし。薄いコンテンツとして noindex,follow（既存方針）。"
/works/1dyucqb,work,ウィッチウォッチ,魔法と日常が融合したユニークなコメディ漫画。個性的なキャラクターたちが繰り広げるハチャメチャな日常に、ほっこりした温かさと爆笑が詰まった、幅広い世代が楽しめる作,82,0,https://books.kuras-plus.com/works/1dyucqb,"index,follow",true,false,false,false,,index,あらすじあり。index対象。
/works/1dyyzd7,work,仰望今夏的星空,,0,0,https://books.kuras-plus.com/works/1dyyzd7,"index,follow",true,false,false,false,,strengthen,タグのみ。あらすじ追記で強化推奨。
/works/1e15oac,work,コインロッカー・ベイビーズ,コインロッカーに捨てられた二人の赤ん坊、ハシとキク。彼らが成長し、破壊衝動を抱えながら疾走する姿を描いた村上龍の代表作は、日本文学における異端の金字塔だ。パンク,191,0,https://books.kuras-plus.com/works/1e15oac,"index,follow",true,false,false,false,,index,あらすじあり。index対象。
/works/1e1wvkj,work,天体の回転について,,0,0,https://books.kuras-plus.com/works/1e1wvkj,"index,follow",true,false,false,false,,strengthen,タグのみ。あらすじ追記で強化推奨。
/works/1e2hdq2,work,スロウハイツの神様,クリエイターたちが共同生活するアパートを舞台にした辻村深月の感動原作を漫画化。夢と友情と愛が交差する青春群像劇をコミックで楽しめる、原作ファンも新規読者も楽しめ,84,0,https://books.kuras-plus.com/works/1e2hdq2,"index,follow",true,false,false,false,,index,あらすじあり。index対象。
/works/1e2qj0w,work,ガンニバル 完全版,,0,0,https://books.kuras-plus.com/works/1e2qj0w,"noindex,follow",false,true,false,false,,noindex,"summary・タグともになし。薄いコンテンツとして noindex,follow（既存方針）。"
/works/1e3svqv,work,探偵学園Q 　愛蔵版,,0,0,https://books.kuras-plus.com/works/1e3svqv,"noindex,follow",false,true,false,false,,noindex,"summary・タグともになし。薄いコンテンツとして noindex,follow（既存方針）。"
/works/1e4l2nw,work,文豪ストレイドッグス,,0,0,https://books.kuras-plus.com/works/1e4l2nw,"noindex,follow",false,true,false,false,,noindex,"summary・タグともになし。薄いコンテンツとして noindex,follow（既存方針）。"
/works/1e61emi,work,純情ロマンチカ　第２９巻 アクリルスタンド付き特装版,,0,0,https://books.kuras-plus.com/works/1e61emi,"noindex,follow",false,true,false,false,,noindex,"summary・タグともになし。薄いコンテンツとして noindex,follow（既存方針）。"
/works/1e8gfcf,work,トールキン指輪物語事典,,0,0,https://books.kuras-plus.com/works/1e8gfcf,"index,follow",true,false,false,false,,strengthen,タグのみ。あらすじ追記で強化推奨。
/works/1e97puh,work,ジョジョの奇妙な冒険 第9部 ザ・ジョジョランズ,スタンド能力と奇妙な運命が世代を超えて続く伝説のバトル漫画,29,0,https://books.kuras-plus.com/works/1e97puh,"index,follow",true,false,false,false,,index,あらすじあり。index対象。
/works/1e9kcej,work,魍魎の匣,京極夏彦の傑作長編を、志水アキが圧倒的な画力で漫画化。少女の失踪、異形の箱、そして絡み合う人間の執念——妖怪と論理が交差する京極堂シリーズの真骨頂が、ビジュアル,192,0,https://books.kuras-plus.com/works/1e9kcej,"index,follow",true,false,false,false,,index,あらすじあり。index対象。
/works/1ea2jsi,work,光圀伝.,,0,0,https://books.kuras-plus.com/works/1ea2jsi,"noindex,follow",false,true,false,false,,noindex,"summary・タグともになし。薄いコンテンツとして noindex,follow（既存方針）。"
/works/1ea9tla,work,ひげを剃る。そして女子高生を拾う。 Each Stories （1）,,0,0,https://books.kuras-plus.com/works/1ea9tla,"noindex,follow",false,true,false,false,,noindex,"summary・タグともになし。薄いコンテンツとして noindex,follow（既存方針）。"
/works/1ebcjgt,work,ぴゅあキュンBLコミックアンソロジー,,0,0,https://books.kuras-plus.com/works/1ebcjgt,"noindex,follow",false,true,false,false,,noindex,"summary・タグともになし。薄いコンテンツとして noindex,follow（既存方針）。"
/works/1ebf3bd,work,家日和,,0,0,https://books.kuras-plus.com/works/1ebf3bd,"index,follow",true,false,false,false,,strengthen,タグのみ。あらすじ追記で強化推奨。
/works/1ebsji5,work,86―エイティシックス―,「戦死者ゼロ」の裏側で、差別された少数民族が無人兵器のパイロットとして戦場に送られる。安里アサトが電撃大賞を受賞したデビュー作。戦争と差別、命の意味を問いかける,130,0,https://books.kuras-plus.com/works/1ebsji5,"index,follow",true,false,false,false,,index,あらすじあり。index対象。
/works/1ec2iuv,work,幽霊なんて怖くない,,0,0,https://books.kuras-plus.com/works/1ec2iuv,"index,follow",true,false,false,false,,strengthen,タグのみ。あらすじ追記で強化推奨。
/works/1ec387f,work,モノクロの夏に帰る,,0,0,https://books.kuras-plus.com/works/1ec387f,"index,follow",true,false,false,false,,strengthen,タグのみ。あらすじ追記で強化推奨。
/works/1ec9gl4,work,無職転生 : ロキシーだって本気です.,,0,0,https://books.kuras-plus.com/works/1ec9gl4,"noindex,follow",false,true,false,false,,noindex,"summary・タグともになし。薄いコンテンツとして noindex,follow（既存方針）。"
/works/1ed5ses,work,マイホームヒーロー,,0,0,https://books.kuras-plus.com/works/1ed5ses,"noindex,follow",false,true,false,false,,noindex,"summary・タグともになし。薄いコンテンツとして noindex,follow（既存方針）。"
/works/1edj6tp,work,砂の器,東北訛りの手がかりだけを頼りに、刑事たちが日本各地を奔走する。松本清張の代表作「砂の器」は、推理小説のスリルと社会問題への深い洞察を見事に両立させた不朽の名作だ,191,0,https://books.kuras-plus.com/works/1edj6tp,"index,follow",true,false,false,false,,index,あらすじあり。index対象。
/works/1eea4ok,work,修羅の門,,0,0,https://books.kuras-plus.com/works/1eea4ok,"noindex,follow",false,true,false,false,,noindex,"summary・タグともになし。薄いコンテンツとして noindex,follow（既存方針）。"
/works/1ef57bp,work,ソードアート・オンラインプログレッシブ4,,0,0,https://books.kuras-plus.com/works/1ef57bp,"noindex,follow",false,true,false,false,,noindex,"summary・タグともになし。薄いコンテンツとして noindex,follow（既存方針）。"
/works/1ef81fv,work,顔だけじゃ好きになりません【電子限定おまけ付き】,,0,0,https://books.kuras-plus.com/works/1ef81fv,"noindex,follow",false,true,false,false,,noindex,"summary・タグともになし。薄いコンテンツとして noindex,follow（既存方針）。"
/works/1eh61uh,work,銀魂 カラー版,,0,0,https://books.kuras-plus.com/works/1eh61uh,"noindex,follow",false,true,false,false,,noindex,"summary・タグともになし。薄いコンテンツとして noindex,follow（既存方針）。"
/works/1eidln6,work,犬と猫どっちも飼ってると毎日たのしい.,,0,0,https://books.kuras-plus.com/works/1eidln6,"noindex,follow",false,true,false,false,,noindex,"summary・タグともになし。薄いコンテンツとして noindex,follow（既存方針）。"
/works/1ejp5vn,work,空母いぶき,,0,0,https://books.kuras-plus.com/works/1ejp5vn,"noindex,follow",false,true,false,false,,noindex,"summary・タグともになし。薄いコンテンツとして noindex,follow（既存方針）。"
/works/1elio7k,work,ニューロマンサー,電脳空間（サイバースペース）を駆けるハッカー、ケースの危険な仕事が始まる。ウィリアム・ギブスンが1984年に発表したこの小説は、サイバーパンクというジャンルその,194,0,https://books.kuras-plus.com/works/1elio7k,"index,follow",true,false,false,false,,index,あらすじあり。index対象。
/works/1eqf11u,work,ナイルに死す,エジプト・ナイル川の豪華船上で起きる殺人事件をポワロが解決する本格ミステリ。異国情緒あふれる豪奢な舞台設定と複雑な人間関係が魅力で、旅情ミステリの傑作として名高,84,0,https://books.kuras-plus.com/works/1eqf11u,"index,follow",true,false,false,false,,index,あらすじあり。index対象。
/works/1eqkgjk,work,うつ病になってマンガが描けなくなりました 発病編,,0,0,https://books.kuras-plus.com/works/1eqkgjk,"noindex,follow",false,true,false,false,,noindex,"summary・タグともになし。薄いコンテンツとして noindex,follow（既存方針）。"
/works/1er2ue6,work,呪術廻戦,スタイリッシュな呪術バトルと濃密なキャラが魅力,23,0,https://books.kuras-plus.com/works/1er2ue6,"index,follow",true,false,false,false,,index,あらすじあり。index対象。
/works/1erj9eu,work,サマータイムレンダ,離島を舞台に「影」と呼ばれる怪異が引き起こす恐怖と謎に挑む和製サスペンスホラー漫画。タイムループと怪異が絡み合う独特の緊張感と、離島の夏の空気感が魅力的な作品。,80,0,https://books.kuras-plus.com/works/1erj9eu,"index,follow",true,false,false,false,,index,あらすじあり。index対象。
/works/1etaues,work,ピューと吹く！ジャガー モノクロ版,,0,0,https://books.kuras-plus.com/works/1etaues,"noindex,follow",false,true,false,false,,noindex,"summary・タグともになし。薄いコンテンツとして noindex,follow（既存方針）。"
/works/1eth1sh,work,ファンタジーと歴史的危機,,0,0,https://books.kuras-plus.com/works/1eth1sh,"index,follow",true,false,false,false,,strengthen,タグのみ。あらすじ追記で強化推奨。
/works/1ewxvq3,work,夜桜四重奏～ヨザクラカルテット～,人間と妖怪が共存する町を守る少年と妖怪少女たちの活躍を描くアクションファンタジー漫画。明るくにぎやかなキャラクターと本格的な戦闘シーンが共存する長寿人気シリーズ,81,0,https://books.kuras-plus.com/works/1ewxvq3,"index,follow",true,false,false,false,,index,あらすじあり。index対象。
/works/1ex4mx5,work,ホタルの嫁入り,人ならざるものに嫁ぐことになった少女と夫の間の恋を描いた和風ファンタジーロマンス漫画。日本的な情緒あふれる世界観と純粋なラブストーリーが融合した、ロマンティック,93,0,https://books.kuras-plus.com/works/1ex4mx5,"index,follow",true,false,false,false,,index,あらすじあり。index対象。
/works/1eyngx1,work,双頭の悪魔,陸の孤島に閉じ込められたグループで起きる事件を描く学生アリスシリーズ第三弾。二つの孤立した場所で同時進行する謎という大胆な構成が圧巻の、本格ミステリの醍醐味あふ,85,0,https://books.kuras-plus.com/works/1eyngx1,"index,follow",true,false,false,false,,index,あらすじあり。index対象。
/works/1eyzdgz,work,ソロモンの偽証,中学校内で起きた事件の真相を生徒たちが「学校内裁判」で解き明かす宮部みゆきの大作。青春と司法の本質を問う骨太なテーマが、丁寧な人物描写とともに圧倒的なスケールで,86,0,https://books.kuras-plus.com/works/1eyzdgz,"index,follow",true,false,false,false,,index,あらすじあり。index対象。
/works/1f04z0n,work,"呪術廻戦 19巻 記録──2018年10月“渋谷事変""にて秘匿された物品ならびに現場写真付き同梱版",,0,0,https://books.kuras-plus.com/works/1f04z0n,"noindex,follow",false,true,false,false,,noindex,"summary・タグともになし。薄いコンテンツとして noindex,follow（既存方針）。"
/works/1f21qnc,work,時をかける少女,理科実験室でラベンダーの香りを嗅いだ瞬間、中学三年生の芳山和子は不思議な力を手に入れた。時間を跳躍する能力——タイムリープ。繰り返される日常の中で和子が出会う真,180,0,https://books.kuras-plus.com/works/1f21qnc,"index,follow",true,false,false,false,,index,あらすじあり。index対象。
/works/1f24bm5,work,じょしらく,,0,0,https://books.kuras-plus.com/works/1f24bm5,"noindex,follow",false,true,false,false,,noindex,"summary・タグともになし。薄いコンテンツとして noindex,follow（既存方針）。"
/works/1f268r0,work,キングダムハーツ2,人気ゲーム「キングダムハーツII」の世界をコミカライズした作品。ディズニーキャラクターとスクウェアエニックスの世界観が融合したファンタジーアクションを漫画で楽し,83,0,https://books.kuras-plus.com/works/1f268r0,"index,follow",true,false,false,false,,index,あらすじあり。index対象。
/works/1f37pat,work,トリリオンゲーム,一兆ドルの富を目指す二人の天才が挑む痛快ビジネス漫画。大胆な発想と戦略、ド派手な展開が魅力で、ビジネスの面白さと友情を同時に楽しめる大人の冒険エンターテインメン,82,0,https://books.kuras-plus.com/works/1f37pat,"index,follow",true,false,false,false,,index,あらすじあり。index対象。
/works/1f66m5e,work,MONSTER,悪の本質を問う、浦沢直樹の最高傑作サスペンス大河,24,0,https://books.kuras-plus.com/works/1f66m5e,"index,follow",true,false,false,false,,index,あらすじあり。index対象。
/works/1f7nn6i,work,北斗の拳,核戦争後の荒廃した世界を舞台に伝説の暗殺拳を使う男の壮絶な旅を描いた少年漫画の金字塔。圧倒的なパワーと男の美学、熱い友情が昭和漫画の象徴として今も語り継がれる不,85,0,https://books.kuras-plus.com/works/1f7nn6i,"index,follow",true,false,false,false,,index,あらすじあり。index対象。
/works/1f86sbl,work,信長協奏曲,,0,0,https://books.kuras-plus.com/works/1f86sbl,"noindex,follow",false,true,false,false,,noindex,"summary・タグともになし。薄いコンテンツとして noindex,follow（既存方針）。"
/works/1f8b85q,work,ロザリオとバンパイア,,0,0,https://books.kuras-plus.com/works/1f8b85q,"noindex,follow",false,true,false,false,,noindex,"summary・タグともになし。薄いコンテンツとして noindex,follow（既存方針）。"
/works/1f90gyy,work,サファイアの書,エジプトを舞台にアラブ世界の歴史と愛を描くフランス文学の大作。異文化と歴史への深い造詣が生み出す濃密な世界観と、時代を超えた壮大なロマンが読者を遠い時代と土地へ,91,0,https://books.kuras-plus.com/works/1f90gyy,"index,follow",true,false,false,false,,index,あらすじあり。index対象。
/works/1f9eij4,work,車輪の下,,0,0,https://books.kuras-plus.com/works/1f9eij4,"noindex,follow",false,true,false,false,,noindex,"summary・タグともになし。薄いコンテンツとして noindex,follow（既存方針）。"
/works/1fc09ht,work,ロートレック荘事件,ロートレックの絵に彩られた豪華別荘での殺人事件を描く筒井康隆の本格ミステリ。独特の語り口と大胆なトリックが組み合わさった異色の本格推理で、ミステリファンを唸らせ,87,0,https://books.kuras-plus.com/works/1fc09ht,"index,follow",true,false,false,false,,index,あらすじあり。index対象。
/works/1fc3icw,work,アンサングシンデレラ病院薬剤師葵みどり,,0,0,https://books.kuras-plus.com/works/1fc3icw,"noindex,follow",false,true,false,false,,noindex,"summary・タグともになし。薄いコンテンツとして noindex,follow（既存方針）。"
/works/1fcu3wn,work,犯人に告ぐ,連続殺人犯を追う刑事が、テレビを使って犯人に直接呼びかける異例の捜査を展開する警察小説。メディアと捜査の緊張感、組織と個人の葛藤を生々しく描いた、読みごたえ抜群,90,0,https://books.kuras-plus.com/works/1fcu3wn,"index,follow",true,false,false,false,,index,あらすじあり。index対象。
/works/1fdol2r,work,ハリー・ポッターと秘密の部屋,ホグワーツ二年目を迎えたハリーを待ち受けていたのは、校内に潜む恐ろしい「秘密の部屋」の伝説だった。次々と石にされる生徒たち、壁に残された血文字の警告。ハリーは親,181,0,https://books.kuras-plus.com/works/1fdol2r,"index,follow",true,false,false,false,,index,あらすじあり。index対象。
/works/1ffn14g,work,少女マンガの表現機構 : ひらかれたマンガ表現史と「手塚治虫」,,0,0,https://books.kuras-plus.com/works/1ffn14g,"noindex,follow",false,true,false,false,,noindex,"summary・タグともになし。薄いコンテンツとして noindex,follow（既存方針）。"
/works/1fgl26g,work,テラフォーマーズ外伝 アシモフ,,0,0,https://books.kuras-plus.com/works/1fgl26g,"noindex,follow",false,true,false,false,,noindex,"summary・タグともになし。薄いコンテンツとして noindex,follow（既存方針）。"
/works/1fhsano,work,烏に単は似合わない,八咫烏が人の姿で暮らす異世界「山内」を舞台に、若宮の后候補たちが繰り広げる権謀術数を描く和風ファンタジー。松本清張賞を史上最年少で受賞した阿部智里のデビュー作。,125,0,https://books.kuras-plus.com/works/1fhsano,"index,follow",true,false,false,false,,index,あらすじあり。index対象。
/works/1fhshqc,work,三島由紀夫全集 : 決定版,戦後日本文学の巨星・三島由紀夫の全作品を集成した決定版全集。小説、戯曲、評論、手紙まで網羅し、天才の全貌を余すところなく伝える。華麗な古典美と鮮烈な現代性、知性,213,0,https://books.kuras-plus.com/works/1fhshqc,"index,follow",true,false,false,false,,index,あらすじあり。index対象。
/works/1fibusq,work,トライガン,荒廃した惑星を舞台に最強の賞金首が旅を続けるSFウエスタン漫画。コミカルな日常と圧倒的な戦闘シーンが交互に訪れ、独特の熱さと哀愁が詰まった個性派作品。,75,0,https://books.kuras-plus.com/works/1fibusq,"index,follow",true,false,false,false,,index,あらすじあり。index対象。
/works/1fjhd2i,work,文蔵 2012.4,文芸の最前線を凝縮した文芸誌「文蔵」2012年4月号。注目作家の短編小説、書評、エッセイ、文壇の動向など、読書好きの知的好奇心を満たすコンテンツが詰まっている。,207,0,https://books.kuras-plus.com/works/1fjhd2i,"index,follow",true,false,false,false,,index,あらすじあり。index対象。
/works/1fk3bbp,work,三体,文化大革命を発端に、異星文明との接触が人類の運命を左右する壮大なSF三部作の第一巻。中国発のヒューゴー賞受賞作であり、物理学の難問「三体問題」をモチーフにしたス,136,0,https://books.kuras-plus.com/works/1fk3bbp,"index,follow",true,false,false,false,,index,あらすじあり。index対象。
/works/1fl7f35,work,未来日記,,0,0,https://books.kuras-plus.com/works/1fl7f35,"noindex,follow",false,true,false,false,,noindex,"summary・タグともになし。薄いコンテンツとして noindex,follow（既存方針）。"
/works/1fl9981,work,怪異十三,,0,0,https://books.kuras-plus.com/works/1fl9981,"index,follow",true,false,false,false,,strengthen,タグのみ。あらすじ追記で強化推奨。
/works/1fn1lxg,work,サファイア,フランスを代表する著者による歴史とロマンスを絡めた小説。時代を超えた愛の物語とヨーロッパの歴史的背景が美しく融合し、豊かな文化的雰囲気の中で深い感動を味わえる作,82,0,https://books.kuras-plus.com/works/1fn1lxg,"index,follow",true,false,false,false,,index,あらすじあり。index対象。
/works/1fnz0f7,work,八男って、それはないでしょう! 16,,0,0,https://books.kuras-plus.com/works/1fnz0f7,"noindex,follow",false,true,false,false,,noindex,"summary・タグともになし。薄いコンテンツとして noindex,follow（既存方針）。"
/works/1foawfb,work,Re：ゼロから始める異世界生活 第二章 屋敷の一週間編,,0,0,https://books.kuras-plus.com/works/1foawfb,"noindex,follow",false,true,false,false,,noindex,"summary・タグともになし。薄いコンテンツとして noindex,follow（既存方針）。"
/works/1foo4fe,work,逃げるは恥だが役に立つ,,0,0,https://books.kuras-plus.com/works/1foo4fe,"noindex,follow",false,true,false,false,,noindex,"summary・タグともになし。薄いコンテンツとして noindex,follow（既存方針）。"
/works/1fp4mzo,work,薬屋のひとりごと外伝 小蘭回想録【分冊版】,,0,0,https://books.kuras-plus.com/works/1fp4mzo,"noindex,follow",false,true,false,false,,noindex,"summary・タグともになし。薄いコンテンツとして noindex,follow（既存方針）。"
/works/1fsefqo,work,パリピ孔明,,0,0,https://books.kuras-plus.com/works/1fsefqo,"noindex,follow",false,true,false,false,,noindex,"summary・タグともになし。薄いコンテンツとして noindex,follow（既存方針）。"
/works/1ftqyba,work,細雪,,0,0,https://books.kuras-plus.com/works/1ftqyba,"index,follow",true,false,false,false,,strengthen,タグのみ。あらすじ追記で強化推奨。
/works/1fynl0o,work,ちびまる子ちゃん,昭和の静岡を舞台に小学生のまる子とその家族の日常を描いた国民的ほのぼの漫画。誰もが共感できる子ども目線の日常と家族の温かさが詰まっており、子どもから大人まで世代,91,0,https://books.kuras-plus.com/works/1fynl0o,"index,follow",true,false,false,false,,index,あらすじあり。index対象。
/works/1fyyvl1,work,キングダム完全版,,0,0,https://books.kuras-plus.com/works/1fyyvl1,"noindex,follow",false,true,false,false,,noindex,"summary・タグともになし。薄いコンテンツとして noindex,follow（既存方針）。"
/works/1fzaalk,work,ゴブリンスレイヤー,,0,0,https://books.kuras-plus.com/works/1fzaalk,"noindex,follow",false,true,false,false,,noindex,"summary・タグともになし。薄いコンテンツとして noindex,follow（既存方針）。"
/works/1fzjalo,work,ゴブリンスレイヤー,,0,0,https://books.kuras-plus.com/works/1fzjalo,"noindex,follow",false,true,false,false,,noindex,"summary・タグともになし。薄いコンテンツとして noindex,follow（既存方針）。"
/works/1g0luco,work,ゴブリンスレイヤー,,0,0,https://books.kuras-plus.com/works/1g0luco,"noindex,follow",false,true,false,false,,noindex,"summary・タグともになし。薄いコンテンツとして noindex,follow（既存方針）。"
/works/1g144vl,work,ジョジョの奇妙な冒険 クレイジー・Dの悪霊的失恋,,0,0,https://books.kuras-plus.com/works/1g144vl,"noindex,follow",false,true,false,false,,noindex,"summary・タグともになし。薄いコンテンツとして noindex,follow（既存方針）。"
/works/1g1zxy5,work,マギ,千夜一夜物語の世界観をベースに、魔法使いの少年アラジンの壮大な冒険を描くファンタジー漫画。スケールの大きな世界観と個性的な仲間たちの絆が魅力の、熱いバトルファン,86,0,https://books.kuras-plus.com/works/1g1zxy5,"index,follow",true,false,false,false,,index,あらすじあり。index対象。
/works/1g2jyfi,work,魔法騎士レイアース,,0,0,https://books.kuras-plus.com/works/1g2jyfi,"noindex,follow",false,true,false,false,,noindex,"summary・タグともになし。薄いコンテンツとして noindex,follow（既存方針）。"
/works/1g3b8f1,work,超人ロック 完全版 炎の虎,,0,0,https://books.kuras-plus.com/works/1g3b8f1,"noindex,follow",false,true,false,false,,noindex,"summary・タグともになし。薄いコンテンツとして noindex,follow（既存方針）。"
/works/1g5pkhp,work,ツーオンアイス,フィギュアスケートのペアを題材にした青春スポーツ漫画。氷上の美しさと競技の厳しさ、パートナーとの絆が丁寧に描かれ、スポーツと恋愛要素の両方を楽しみたい読者に向く,81,0,https://books.kuras-plus.com/works/1g5pkhp,"index,follow",true,false,false,false,,index,あらすじあり。index対象。
/works/1g61ukk,work,コミック 利休にたずねよ,,0,0,https://books.kuras-plus.com/works/1g61ukk,"noindex,follow",false,true,false,false,,noindex,"summary・タグともになし。薄いコンテンツとして noindex,follow（既存方針）。"
/works/1g72zbj,work,光が死んだ夏【分冊版】,,0,0,https://books.kuras-plus.com/works/1g72zbj,"noindex,follow",false,true,false,false,,noindex,"summary・タグともになし。薄いコンテンツとして noindex,follow（既存方針）。"
/works/1g79vwe,work,ヴィンランド・サガ,北欧ヴァイキングの壮絶な生と死を描く歴史大河漫画,24,0,https://books.kuras-plus.com/works/1g79vwe,"index,follow",true,false,false,false,,index,あらすじあり。index対象。
/works/1g7d7tn,work,知ってびっくり！世界のなぞ・ふしぎ物語,世界中に伝わる不思議な話、解明されていない謎、驚きのエピソードを集めた好奇心くすぐる一冊。ピラミッドの秘密からバミューダトライアングル、未確認生物まで、子どもか,212,0,https://books.kuras-plus.com/works/1g7d7tn,"index,follow",true,false,false,false,,index,あらすじあり。index対象。
/works/1g7otel,work,SLAM DUNK 新装再編版,,0,0,https://books.kuras-plus.com/works/1g7otel,"noindex,follow",false,true,false,false,,noindex,"summary・タグともになし。薄いコンテンツとして noindex,follow（既存方針）。"
/works/1g80cfq,work,ミハルの戦場,戦場を舞台にした本格ミリタリー漫画。過酷な状況の中で生き抜く登場人物たちのドラマが緊迫感たっぷりに描かれ、戦争漫画やアクションを好む大人の読者に向いた重厚な作品,81,0,https://books.kuras-plus.com/works/1g80cfq,"index,follow",true,false,false,false,,index,あらすじあり。index対象。
/works/1g8dldh,work,"微分方程式・ラプラス変換・フーリエ解析 = Differential Equation,Laplace Transform and Fourier Analysis",工学・理学系学習者向けの数学専門書。微分方程式・ラプラス変換・フーリエ解析を体系的にまとめた教科書で、理論と応用の橋渡しを丁寧に行う技術系必携の参考書。,76,0,https://books.kuras-plus.com/works/1g8dldh,"index,follow",true,false,false,false,,index,あらすじあり。index対象。
/works/1gactzh,work,ゲド戦記 影との戦い,魔法使いの少年ゲドが、自らの影と対峙しながら成長していくファンタジーの古典。アーシュラ・K・ル＝グウィンが描くアースシー世界は、深い哲学と詩的な美しさに満ちてい,137,0,https://books.kuras-plus.com/works/1gactzh,"index,follow",true,false,false,false,,index,あらすじあり。index対象。
/works/1gacu1k,work,ゲド戦記 影との戦い,,0,0,https://books.kuras-plus.com/works/1gacu1k,"index,follow",true,false,false,false,,strengthen,タグのみ。あらすじ追記で強化推奨。
/works/1gbb0ny,work,テンマクキネマ,映画と食をテーマに描く青春グルメ漫画。映画愛あふれる世界観の中で、食の魅力と人間ドラマが絶妙に交差する。映画好き・グルメ好きの両方が楽しめる独特の雰囲気が魅力。,80,0,https://books.kuras-plus.com/works/1gbb0ny,"index,follow",true,false,false,false,,index,あらすじあり。index対象。
/works/1gefbm2,work,いまさら翼といわれても,古典部シリーズ第六弾となる短編集。それぞれの登場人物の揺れる心情と日常の謎が繊細に描かれた、シリーズファン必読の青春ミステリ短編集。読了後に甘くほろ苦い余韻が残,82,0,https://books.kuras-plus.com/works/1gefbm2,"index,follow",true,false,false,false,,index,あらすじあり。index対象。
/works/1geuupf,work,鞄図書館 volume,,0,0,https://books.kuras-plus.com/works/1geuupf,"index,follow",true,false,false,false,,strengthen,タグのみ。あらすじ追記で強化推奨。
/works/1ggvkxu,work,聖☆おにいさん,ブッダとイエスが東京でルームシェア、クスッと学べる日常コメディ,31,0,https://books.kuras-plus.com/works/1ggvkxu,"index,follow",true,false,false,false,,index,あらすじあり。index対象。
/works/1gihmak,work,白ゆき姫殺人事件,SNSの噂や証言が積み重なって真実が浮かび上がるサスペンス小説。現代の情報社会における噂と偏見を鋭く描く湊かなえの社会派ミステリで、ネット時代の怖さと人間心理を,91,0,https://books.kuras-plus.com/works/1gihmak,"index,follow",true,false,false,false,,index,あらすじあり。index対象。
/works/1giqdo2,work,バッカーノ!1932 : drug & the dominos,,0,0,https://books.kuras-plus.com/works/1giqdo2,"index,follow",true,false,false,false,,strengthen,タグのみ。あらすじ追記で強化推奨。
/works/1giwyz0,work,君の人生に勇気はいらない : グズで臆病な僕の人生を変えた口の悪いメンターとの物語,「勇気を出せ」というアドバイスほど役に立たないものはない。グズで臆病な主人公が、毒舌メンターとの出会いを通じて、勇気に頼らず人生を切り拓く方法を学んでいく物語仕,212,0,https://books.kuras-plus.com/works/1giwyz0,"index,follow",true,false,false,false,,index,あらすじあり。index対象。
/works/1glj2gx,work,恐怖小説キリカ,,0,0,https://books.kuras-plus.com/works/1glj2gx,"index,follow",true,false,false,false,,strengthen,タグのみ。あらすじ追記で強化推奨。
/works/1gll1ua,work,3月のライオンメルシーちゃんおでかけエコバッグ付き特装版,,0,0,https://books.kuras-plus.com/works/1gll1ua,"noindex,follow",false,true,false,false,,noindex,"summary・タグともになし。薄いコンテンツとして noindex,follow（既存方針）。"
/works/1gm0wfg,work,パタリロ!.,,0,0,https://books.kuras-plus.com/works/1gm0wfg,"noindex,follow",false,true,false,false,,noindex,"summary・タグともになし。薄いコンテンツとして noindex,follow（既存方針）。"
/works/1gnnjvu,work,磯部磯兵衛物語〜浮世はつらいよ〜,,0,0,https://books.kuras-plus.com/works/1gnnjvu,"noindex,follow",false,true,false,false,,noindex,"summary・タグともになし。薄いコンテンツとして noindex,follow（既存方針）。"
/works/1gnuky3,work,文蔵 2013.4,,0,0,https://books.kuras-plus.com/works/1gnuky3,"index,follow",true,false,false,false,,strengthen,タグのみ。あらすじ追記で強化推奨。
/works/1gnzwoc,work,テニスの王子様,天才テニス少年が仲間たちと全国大会を目指す少年スポーツ漫画の金字塔。独自の必殺技とキャラクターの濃さで一世を風靡し、テニス漫画の枠を超えた壮大なエンターテインメ,92,0,https://books.kuras-plus.com/works/1gnzwoc,"index,follow",true,false,false,false,,index,あらすじあり。index対象。
/works/1gpu435,work,あなたも名探偵,,0,0,https://books.kuras-plus.com/works/1gpu435,"index,follow",true,false,false,false,,strengthen,タグのみ。あらすじ追記で強化推奨。
/works/1gr1qhi,work,からくりサーカス完全版,,0,0,https://books.kuras-plus.com/works/1gr1qhi,"noindex,follow",false,true,false,false,,noindex,"summary・タグともになし。薄いコンテンツとして noindex,follow（既存方針）。"
/works/1graxr8,work,神様はじめました,,0,0,https://books.kuras-plus.com/works/1graxr8,"noindex,follow",false,true,false,false,,noindex,"summary・タグともになし。薄いコンテンツとして noindex,follow（既存方針）。"
/works/1grqsi7,work,タッチ 完全復刻版,,0,0,https://books.kuras-plus.com/works/1grqsi7,"noindex,follow",false,true,false,false,,noindex,"summary・タグともになし。薄いコンテンツとして noindex,follow（既存方針）。"
/works/1gs2jhv,work,どろろ,,0,0,https://books.kuras-plus.com/works/1gs2jhv,"noindex,follow",false,true,false,false,,noindex,"summary・タグともになし。薄いコンテンツとして noindex,follow（既存方針）。"
/works/1gsa23k,work,絢爛たるグランドセーヌ,バレエに情熱を注ぐ少女の成長を描いた本格バレエ漫画。繊細な身体描写と舞台の華やかさ、孤独な練習の苦しさが丁寧に描かれ、芸術や努力する姿に感動したい少女漫画読者に,87,0,https://books.kuras-plus.com/works/1gsa23k,"index,follow",true,false,false,false,,index,あらすじあり。index対象。
/works/1gt7h63,work,豊臣家族 : 歴史小説傑作選,,0,0,https://books.kuras-plus.com/works/1gt7h63,"noindex,follow",false,true,false,false,,noindex,"summary・タグともになし。薄いコンテンツとして noindex,follow（既存方針）。"
/works/1gva2ao,work,魔法少女にあこがれて,,0,0,https://books.kuras-plus.com/works/1gva2ao,"noindex,follow",false,true,false,false,,noindex,"summary・タグともになし。薄いコンテンツとして noindex,follow（既存方針）。"
/works/1gvqi9v,work,夜と霧,,0,0,https://books.kuras-plus.com/works/1gvqi9v,"noindex,follow",false,true,false,false,,noindex,"summary・タグともになし。薄いコンテンツとして noindex,follow（既存方針）。"
/works/1gwncls,work,BTOOOM!,,0,0,https://books.kuras-plus.com/works/1gwncls,"noindex,follow",false,true,false,false,,noindex,"summary・タグともになし。薄いコンテンツとして noindex,follow（既存方針）。"
/works/1gxmxm4,work,FACTFULNESS,世界はあなたが思うほど悪くない。データと事実に基づいて世界を正しく見る習慣を提案する世界的ベストセラー。人間が陥りがちな10の思い込みを指摘し、データで真実を明,133,0,https://books.kuras-plus.com/works/1gxmxm4,"index,follow",true,false,false,false,,index,あらすじあり。index対象。
/works/1h10spu,work,偽悪病患者,,0,0,https://books.kuras-plus.com/works/1h10spu,"index,follow",true,false,false,false,,strengthen,タグのみ。あらすじ追記で強化推奨。
/works/1h1wk59,work,サスペンス作家が殺人を邪魔するには,現役サスペンス作家が主人公の、メタフィクション的ユーモアミステリー。作家自身が物語の外から事件に関わるという奇抜な設定で笑いと謎解きが融合した、フランス発の軽快,91,0,https://books.kuras-plus.com/works/1h1wk59,"index,follow",true,false,false,false,,index,あらすじあり。index対象。
/works/1h1z1ga,work,ソラリス,知性を持つ海に覆われた惑星ソラリス。そこに派遣された科学者たちは、海が生み出す不可解な現象に翻弄される。スタニスワフ・レムの代表作は、未知の知性との接触という究,198,0,https://books.kuras-plus.com/works/1h1z1ga,"index,follow",true,false,false,false,,index,あらすじあり。index対象。
/works/1h37djr,work,乙嫁語り,19世紀中央アジアを舞台に異なる文化の花嫁と花婿の生活を描いた歴史漫画。細密で美麗な民族衣装や風俗の描写が圧倒的で、歴史好きや画力の高い漫画を探している読者に強,86,0,https://books.kuras-plus.com/works/1h37djr,"index,follow",true,false,false,false,,index,あらすじあり。index対象。
/works/1h3ss3a,work,ペッパーズ・ゴースト,ある教師が未来の事件を目撃してしまうというユニークな設定の伊坂幸太郎作品。現実と幻想が交差する独特の語り口と、思わず笑える会話の妙が楽しめる、伊坂ファンを満足さ,89,0,https://books.kuras-plus.com/works/1h3ss3a,"index,follow",true,false,false,false,,index,あらすじあり。index対象。
/works/1h5iqzo,work,蟹工船,カムチャツカ沖の蟹工船で過酷な労働を強いられる労働者たち。非人間的な扱いに耐えかねた彼らは、やがて団結して立ち上がる。一九二九年に発表されたプロレタリア文学の金,188,0,https://books.kuras-plus.com/works/1h5iqzo,"index,follow",true,false,false,false,,index,あらすじあり。index対象。
/works/1h61rbl,work,超人ロック　ガイアの牙,,0,0,https://books.kuras-plus.com/works/1h61rbl,"noindex,follow",false,true,false,false,,noindex,"summary・タグともになし。薄いコンテンツとして noindex,follow（既存方針）。"
/works/1h6xpog,work,蒼穹の昴,清朝末期の中国を舞台に、貧しい生まれから宦官となった春児と、科挙に合格した梁文秀の二人の若者の運命を壮大に描く浅田次郎の代表作。西太后の宮廷を中心に繰り広げられ,125,0,https://books.kuras-plus.com/works/1h6xpog,"index,follow",true,false,false,false,,index,あらすじあり。index対象。
/works/1h8gf9p,work,名探偵コナン 犯人の犯沢さん,,0,0,https://books.kuras-plus.com/works/1h8gf9p,"noindex,follow",false,true,false,false,,noindex,"summary・タグともになし。薄いコンテンツとして noindex,follow（既存方針）。"
/works/1h8n4oe,work,天使なんかじゃない,,0,0,https://books.kuras-plus.com/works/1h8n4oe,"noindex,follow",false,true,false,false,,noindex,"summary・タグともになし。薄いコンテンツとして noindex,follow（既存方針）。"
/works/1h93yeu,work,デビルマンサーガ,,0,0,https://books.kuras-plus.com/works/1h93yeu,"noindex,follow",false,true,false,false,,noindex,"summary・タグともになし。薄いコンテンツとして noindex,follow（既存方針）。"
/works/1h95a80,work,デート・ア・ライブアンコール,,0,0,https://books.kuras-plus.com/works/1h95a80,"noindex,follow",false,true,false,false,,noindex,"summary・タグともになし。薄いコンテンツとして noindex,follow（既存方針）。"
/works/1h9rxbg,work,とある魔術の禁書目録,科学と魔術が交錯する学園都市を舞台に、あらゆる異能を打ち消す右手を持つ少年・上条当麻が、記憶を失った少女インデックスと出会うことから壮大な物語が始まる。鎌池和馬,131,0,https://books.kuras-plus.com/works/1h9rxbg,"index,follow",true,false,false,false,,index,あらすじあり。index対象。
/works/1h9so2s,work,恋愛フロップス,,0,0,https://books.kuras-plus.com/works/1h9so2s,"noindex,follow",false,true,false,false,,noindex,"summary・タグともになし。薄いコンテンツとして noindex,follow（既存方針）。"
/works/1haooio,work,魔法少女サイトSept,,0,0,https://books.kuras-plus.com/works/1haooio,"noindex,follow",false,true,false,false,,noindex,"summary・タグともになし。薄いコンテンツとして noindex,follow（既存方針）。"
/works/1hbtzh6,work,プラネテス,近未来の宇宙空間でデブリ回収員として働く若者たちの夢と現実を描いたSF漫画。宇宙のロマンと地に足ついた人間ドラマが共存する、心に残る名作SF。,71,0,https://books.kuras-plus.com/works/1hbtzh6,"index,follow",true,false,false,false,,index,あらすじあり。index対象。
/works/1hg9bew,work,GetBackers 奪還屋,,0,0,https://books.kuras-plus.com/works/1hg9bew,"noindex,follow",false,true,false,false,,noindex,"summary・タグともになし。薄いコンテンツとして noindex,follow（既存方針）。"
/works/1hiaskh,work,砂時計,,0,0,https://books.kuras-plus.com/works/1hiaskh,"noindex,follow",false,true,false,false,,noindex,"summary・タグともになし。薄いコンテンツとして noindex,follow（既存方針）。"
/works/1hij0bo,work,坂本ですが?,,0,0,https://books.kuras-plus.com/works/1hij0bo,"index,follow",true,false,false,false,,strengthen,タグのみ。あらすじ追記で強化推奨。
/works/1hiyve4,work,ダイの大冒険,,0,0,https://books.kuras-plus.com/works/1hiyve4,"noindex,follow",false,true,false,false,,noindex,"summary・タグともになし。薄いコンテンツとして noindex,follow（既存方針）。"
/works/1hj4zuk,work,華氏451度,本を読むことが禁じられ、書物を焼却する「焚書官」が存在する未来社会を描くレイ・ブラッドベリの代表作。華氏451度は紙が自然発火する温度。知識と自由が奪われた世界,131,0,https://books.kuras-plus.com/works/1hj4zuk,"index,follow",true,false,false,false,,index,あらすじあり。index対象。
/works/1hjkcp1,work,天使禁猟区-東京クロノス-,,0,0,https://books.kuras-plus.com/works/1hjkcp1,"noindex,follow",false,true,false,false,,noindex,"summary・タグともになし。薄いコンテンツとして noindex,follow（既存方針）。"
/works/1hjmh1k,work,放課後探偵団 : 書き下ろし学園ミステリ・アンソロジー,,0,0,https://books.kuras-plus.com/works/1hjmh1k,"index,follow",true,false,false,false,,strengthen,タグのみ。あらすじ追記で強化推奨。
/works/1hmxear,work,バクマン。,漫画家を目指す二人の中学生の夢と友情と恋愛を描いた青春漫画。漫画業界の舞台裏とリアルな創作の苦しさ・喜びが詰まった傑作で、創作や夢追いに共感できる読者に強く刺さ,84,0,https://books.kuras-plus.com/works/1hmxear,"index,follow",true,false,false,false,,index,あらすじあり。index対象。
/works/1ho3bxv,work,ユービック,現実と虚構の境界が崩壊していく恐怖を描いたフィリップ・K・ディックの傑作SF。超能力者が暗躍する近未来で、主人公たちは次々と不可解な現象に巻き込まれる。「現実と,130,0,https://books.kuras-plus.com/works/1ho3bxv,"index,follow",true,false,false,false,,index,あらすじあり。index対象。
/works/1hoexra,work,竜馬がゆく,幕末の風雲児・坂本竜馬の生涯を活写する司馬遼太郎の代表作にして国民的歴史小説。自由奔放で型破りな竜馬が、日本の近代化のために東奔西走する姿は世代を超えて読者を魅,132,0,https://books.kuras-plus.com/works/1hoexra,"index,follow",true,false,false,false,,index,あらすじあり。index対象。
/works/1hogw63,work,グラップラー刃牙,,0,0,https://books.kuras-plus.com/works/1hogw63,"noindex,follow",false,true,false,false,,noindex,"summary・タグともになし。薄いコンテンツとして noindex,follow（既存方針）。"
/works/1hov7h8,work,まんがでわかる子育て・仕事・人間関係ツライときは食事を変えよう : はじめてのオーソモレキュラー栄養療法,,0,0,https://books.kuras-plus.com/works/1hov7h8,"noindex,follow",false,true,false,false,,noindex,"summary・タグともになし。薄いコンテンツとして noindex,follow（既存方針）。"
/works/1hrnrvp,work,アイシールド21,,0,0,https://books.kuras-plus.com/works/1hrnrvp,"noindex,follow",false,true,false,false,,noindex,"summary・タグともになし。薄いコンテンツとして noindex,follow（既存方針）。"
/works/1hryt9g,work,ときめきトゥナイト,,0,0,https://books.kuras-plus.com/works/1hryt9g,"noindex,follow",false,true,false,false,,noindex,"summary・タグともになし。薄いコンテンツとして noindex,follow（既存方針）。"
/works/1hsg6aj,work,終わりのセラフ,,0,0,https://books.kuras-plus.com/works/1hsg6aj,"noindex,follow",false,true,false,false,,noindex,"summary・タグともになし。薄いコンテンツとして noindex,follow（既存方針）。"
/works/1hta99t,work,センセイの鞄,行きつけの居酒屋で再会したのは、高校時代の国語の先生だった。三十代後半のツキコと、七十代のセンセイ。二人はカウンターで静かに酒を酌み交わし、四季の移ろいとともに,191,0,https://books.kuras-plus.com/works/1hta99t,"index,follow",true,false,false,false,,index,あらすじあり。index対象。
/works/1hvg4af,work,ハサミ男,連続殺人犯を追う捜査と、犯人視点の語りが交錯する倒叙的ミステリー。読者の思い込みを巧みに利用した叙述トリックが衝撃的な、日本ミステリー史に残る問題作。ミステリー,89,0,https://books.kuras-plus.com/works/1hvg4af,"index,follow",true,false,false,false,,index,あらすじあり。index対象。
/works/1hvrqi0,work,小説の相貌 : ″読みの共振運動論″の試み,,0,0,https://books.kuras-plus.com/works/1hvrqi0,"index,follow",true,false,false,false,,strengthen,タグのみ。あらすじ追記で強化推奨。
/works/1hx2zd0,work,ヴィンランド・サガ = VINLAND SAGA.,,0,0,https://books.kuras-plus.com/works/1hx2zd0,"noindex,follow",false,true,false,false,,noindex,"summary・タグともになし。薄いコンテンツとして noindex,follow（既存方針）。"
/works/1hxdchd,work,密やかな結晶,,0,0,https://books.kuras-plus.com/works/1hxdchd,"index,follow",true,false,false,false,,strengthen,タグのみ。あらすじ追記で強化推奨。
/works/1i09k70,work,モブサイコ100,,0,0,https://books.kuras-plus.com/works/1i09k70,"noindex,follow",false,true,false,false,,noindex,"summary・タグともになし。薄いコンテンツとして noindex,follow（既存方針）。"
/works/1i0drwv,work,森見登美彦の京都ぐるぐる案内,,0,0,https://books.kuras-plus.com/works/1i0drwv,"index,follow",true,false,false,false,,strengthen,タグのみ。あらすじ追記で強化推奨。
/works/1i0pdyg,work,羊の木,,0,0,https://books.kuras-plus.com/works/1i0pdyg,"noindex,follow",false,true,false,false,,noindex,"summary・タグともになし。薄いコンテンツとして noindex,follow（既存方針）。"
/works/1i1fnlq,work,暗闇の囁き,綾辻行人が手がける本格ホラー・サスペンス。じわじわと迫りくる恐怖と巧みな構成が持ち味で、深夜に一人で読むと背筋が凍るような不気味な雰囲気が漂う。,72,0,https://books.kuras-plus.com/works/1i1fnlq,"index,follow",true,false,false,false,,index,あらすじあり。index対象。
/works/1i3gbl8,work,小説以外,,0,0,https://books.kuras-plus.com/works/1i3gbl8,"index,follow",true,false,false,false,,strengthen,タグのみ。あらすじ追記で強化推奨。
/works/1i3l0hx,work,桜蘭高校ホスト部(クラブ),,0,0,https://books.kuras-plus.com/works/1i3l0hx,"noindex,follow",false,true,false,false,,noindex,"summary・タグともになし。薄いコンテンツとして noindex,follow（既存方針）。"
/works/1i50ri3,work,ミステリースクール = MYSTERY SCHOOL,,0,0,https://books.kuras-plus.com/works/1i50ri3,"index,follow",true,false,false,false,,strengthen,タグのみ。あらすじ追記で強化推奨。
/works/1i56xtc,work,三日間的幸福,,0,0,https://books.kuras-plus.com/works/1i56xtc,"index,follow",true,false,false,false,,strengthen,タグのみ。あらすじ追記で強化推奨。
/works/1i5g059,work,けものみち,欲望に翻弄される女性の転落を描く松本清張の長編社会派小説。人間の本能的な欲望と権力の腐敗を鋭くえぐる描写が圧巻で、一気読み必至の昭和文学を代表する傑作。,76,0,https://books.kuras-plus.com/works/1i5g059,"index,follow",true,false,false,false,,index,あらすじあり。index対象。
/works/1i6bur3,work,新世界より,1000年後の日本、念動力（呪力）を持つ人類が暮らす一見穏やかな社会の裏に潜む恐るべき秘密を描く貴志祐介の大作SF。日本SF大賞受賞。少年少女の成長物語と壮大な,132,0,https://books.kuras-plus.com/works/1i6bur3,"index,follow",true,false,false,false,,index,あらすじあり。index対象。
/works/1i73m3t,work,テンプレに従わない異世界無双　～ストーリーを無視して、序盤で死ぬざまあキャラを育成し世界を攻略します～,,0,0,https://books.kuras-plus.com/works/1i73m3t,"index,follow",true,false,false,false,,strengthen,タグのみ。あらすじ追記で強化推奨。
/works/1ia9dht,work,指輪物語 旅の仲間,冥王サウロンの「一つの指輪」を滅ぼすため、ホビットのフロドと仲間たちが壮大な旅に出る。J.R.R.トールキンが創造した中つ国の世界は、現代ファンタジーの原点にし,128,0,https://books.kuras-plus.com/works/1ia9dht,"index,follow",true,false,false,false,,index,あらすじあり。index対象。
/works/1iawhpc,work,ギデオン・マック牧師の数奇な生涯,,0,0,https://books.kuras-plus.com/works/1iawhpc,"index,follow",true,false,false,false,,strengthen,タグのみ。あらすじ追記で強化推奨。
/works/1ib7m5d,work,コミック東野圭吾ミステリー,日本を代表するミステリー作家・東野圭吾の世界がコミックで手軽に楽しめるシリーズ。原作の巧みなプロットと人間心理の描写を、漫画ならではのテンポで味わえる。事件の背,202,0,https://books.kuras-plus.com/works/1ib7m5d,"index,follow",true,false,false,false,,index,あらすじあり。index対象。
/works/1ibncaf,work,刃牙らへん,,0,0,https://books.kuras-plus.com/works/1ibncaf,"noindex,follow",false,true,false,false,,noindex,"summary・タグともになし。薄いコンテンツとして noindex,follow（既存方針）。"
/works/1icvvmx,work,ドライブ・マイ・カー,妻を亡くした舞台俳優が専属ドライバーの女性と交わす対話を通じて癒しを得る短編小説。村上春樹の短編集「女のいない男たち」に収録され、濱口竜介監督の映画化でカンヌ映,88,0,https://books.kuras-plus.com/works/1icvvmx,"index,follow",true,false,false,false,,index,あらすじあり。index対象。
/works/1idt3em,work,悪の教典,生徒からも同僚からも慕われる完璧な英語教師・蓮実聖司。だがその仮面の裏には、共感能力を持たないサイコパスの素顔が隠されていた。学園を支配するために張り巡らされた,192,0,https://books.kuras-plus.com/works/1idt3em,"index,follow",true,false,false,false,,index,あらすじあり。index対象。
/works/1idzhp3,work,ひぐらしのなく頃に　鬼曝し編,,0,0,https://books.kuras-plus.com/works/1idzhp3,"noindex,follow",false,true,false,false,,noindex,"summary・タグともになし。薄いコンテンツとして noindex,follow（既存方針）。"
/works/1ifq9sk,work,本好きの下剋上,,0,0,https://books.kuras-plus.com/works/1ifq9sk,"index,follow",true,false,false,false,,strengthen,タグのみ。あらすじ追記で強化推奨。
/works/1ihh2xn,work,浦安鉄筋家族（4）,,0,0,https://books.kuras-plus.com/works/1ihh2xn,"noindex,follow",false,true,false,false,,noindex,"summary・タグともになし。薄いコンテンツとして noindex,follow（既存方針）。"
/works/1ijefm8,work,孤島パズル,孤島を舞台にした密室殺人を学生探偵アリスたちが解く学生アリスシリーズ第二弾。透明感ある青春描写と本格ミステリの醍醐味が融合した、有栖川有栖の爽やかなミステリ小説,81,0,https://books.kuras-plus.com/works/1ijefm8,"index,follow",true,false,false,false,,index,あらすじあり。index対象。
/works/1ilzjop,work,ヨルムンガンド傑作選,,0,0,https://books.kuras-plus.com/works/1ilzjop,"noindex,follow",false,true,false,false,,noindex,"summary・タグともになし。薄いコンテンツとして noindex,follow（既存方針）。"
/works/1imcsed,work,のだめカンタービレ　新装版,,0,0,https://books.kuras-plus.com/works/1imcsed,"noindex,follow",false,true,false,false,,noindex,"summary・タグともになし。薄いコンテンツとして noindex,follow（既存方針）。"
/works/1immvyk,work,ふたがしら,,0,0,https://books.kuras-plus.com/works/1immvyk,"noindex,follow",false,true,false,false,,noindex,"summary・タグともになし。薄いコンテンツとして noindex,follow（既存方針）。"
/works/1in48td,work,こちら椿産婦人科,,0,0,https://books.kuras-plus.com/works/1in48td,"noindex,follow",false,true,false,false,,noindex,"summary・タグともになし。薄いコンテンツとして noindex,follow（既存方針）。"
/works/1invh8a,work,花ざかりの君たちへ,,0,0,https://books.kuras-plus.com/works/1invh8a,"noindex,follow",false,true,false,false,,noindex,"summary・タグともになし。薄いコンテンツとして noindex,follow（既存方針）。"
/works/1io2g3d,work,52ヘルツのクジラたち,誰にも届かない声で鳴くクジラのように孤独を抱えた人々の繋がりを描く感動小説。傷ついた者どうしが支え合う温かみと、社会的な問題への眼差しが融合した本屋大賞受賞の胸,86,0,https://books.kuras-plus.com/works/1io2g3d,"index,follow",true,false,false,false,,index,あらすじあり。index対象。
/works/1iogvlw,work,ナルニア国物語 : 新訳.,,0,0,https://books.kuras-plus.com/works/1iogvlw,"index,follow",true,false,false,false,,strengthen,タグのみ。あらすじ追記で強化推奨。
/works/1iq1nw6,work,このホラーがすごい! : 2023年のホラー小説ベスト20. 2024年版,,0,0,https://books.kuras-plus.com/works/1iq1nw6,"index,follow",true,false,false,false,,strengthen,タグのみ。あらすじ追記で強化推奨。
/works/1it70ne,work,サラバ!,イランで生まれ、エジプトで幼少期を過ごし、大阪で育った歩。波瀾万丈の人生の中で、彼は常に「自分とは何か」という問いに向き合ってきた。圧倒的な存在感を放つ姉との関,170,0,https://books.kuras-plus.com/works/1it70ne,"index,follow",true,false,false,false,,index,あらすじあり。index対象。
/works/1itvmxi,work,デッドデッドデーモンズデデデデデストラクション,,0,0,https://books.kuras-plus.com/works/1itvmxi,"noindex,follow",false,true,false,false,,noindex,"summary・タグともになし。薄いコンテンツとして noindex,follow（既存方針）。"
/works/1iwuvou,work,ＧＡ文庫＆ＧＡノベル２０２０年３月の新刊　全作品立読み（合本版）,,0,0,https://books.kuras-plus.com/works/1iwuvou,"index,follow",true,false,false,false,,strengthen,タグのみ。あらすじ追記で強化推奨。
/works/1iy0b46,work,究極超人あ~る,,0,0,https://books.kuras-plus.com/works/1iy0b46,"noindex,follow",false,true,false,false,,noindex,"summary・タグともになし。薄いコンテンツとして noindex,follow（既存方針）。"
/works/1j08mn2,work,サチ録～サチの黙示録～,独特のダークでシュールな世界観の中でサチが活躍するブラックコメディ漫画。一癖も二癖もある設定とキャラクターが織り成す奇妙な面白さは、個性的な漫画を求める読者を満,85,0,https://books.kuras-plus.com/works/1j08mn2,"index,follow",true,false,false,false,,index,あらすじあり。index対象。
/works/1j2nhqv,work,転生王女と天才令嬢の魔法革命,,0,0,https://books.kuras-plus.com/works/1j2nhqv,"noindex,follow",false,true,false,false,,noindex,"summary・タグともになし。薄いコンテンツとして noindex,follow（既存方針）。"
/works/1j398mo,work,五色の殺人者 = The Murderer of Five Colors,,0,0,https://books.kuras-plus.com/works/1j398mo,"index,follow",true,false,false,false,,strengthen,タグのみ。あらすじ追記で強化推奨。
/works/1j4iz3f,work,ANGEL VOICE,,0,0,https://books.kuras-plus.com/works/1j4iz3f,"noindex,follow",false,true,false,false,,noindex,"summary・タグともになし。薄いコンテンツとして noindex,follow（既存方針）。"
/works/1j52p7k,work,マンガでわかる福祉住環境コーディネーター3級,,0,0,https://books.kuras-plus.com/works/1j52p7k,"noindex,follow",false,true,false,false,,noindex,"summary・タグともになし。薄いコンテンツとして noindex,follow（既存方針）。"
/works/1j6g46i,work,魔法陣グルグル２,,0,0,https://books.kuras-plus.com/works/1j6g46i,"noindex,follow",false,true,false,false,,noindex,"summary・タグともになし。薄いコンテンツとして noindex,follow（既存方針）。"
/works/1j6q63c,work,テラフォーマーズ外伝アシモフ = TERRAFORMARS Asimov,,0,0,https://books.kuras-plus.com/works/1j6q63c,"noindex,follow",false,true,false,false,,noindex,"summary・タグともになし。薄いコンテンツとして noindex,follow（既存方針）。"
/works/1j93ha0,work,僕のヒーローアカデミアすまっしゅ!!,,0,0,https://books.kuras-plus.com/works/1j93ha0,"noindex,follow",false,true,false,false,,noindex,"summary・タグともになし。薄いコンテンツとして noindex,follow（既存方針）。"
/works/1j9oepz,work,魅力的な人物を作る!マンガキャラクター講座,,0,0,https://books.kuras-plus.com/works/1j9oepz,"noindex,follow",false,true,false,false,,noindex,"summary・タグともになし。薄いコンテンツとして noindex,follow（既存方針）。"
/works/1jbmm2d,work,ハイスコアガール,,0,0,https://books.kuras-plus.com/works/1jbmm2d,"noindex,follow",false,true,false,false,,noindex,"summary・タグともになし。薄いコンテンツとして noindex,follow（既存方針）。"
/works/1jdxoy5,work,覚悟のススメ（6）,,0,0,https://books.kuras-plus.com/works/1jdxoy5,"noindex,follow",false,true,false,false,,noindex,"summary・タグともになし。薄いコンテンツとして noindex,follow（既存方針）。"
/works/1jf06tq,work,多重人格探偵サイコ,,0,0,https://books.kuras-plus.com/works/1jf06tq,"noindex,follow",false,true,false,false,,noindex,"summary・タグともになし。薄いコンテンツとして noindex,follow（既存方針）。"
/works/1jgc2ao,work,マンガでわかる電気数学 = The Manga Guide to Mathematics for Electrical Engineering,,0,0,https://books.kuras-plus.com/works/1jgc2ao,"noindex,follow",false,true,false,false,,noindex,"summary・タグともになし。薄いコンテンツとして noindex,follow（既存方針）。"
/works/1jgxiji,work,天,,0,0,https://books.kuras-plus.com/works/1jgxiji,"noindex,follow",false,true,false,false,,noindex,"summary・タグともになし。薄いコンテンツとして noindex,follow（既存方針）。"
/works/1jh2821,work,槍の勇者のやり直し,,0,0,https://books.kuras-plus.com/works/1jh2821,"noindex,follow",false,true,false,false,,noindex,"summary・タグともになし。薄いコンテンツとして noindex,follow（既存方針）。"
/works/1jhvdkp,work,LIAR GAME 第1章1,,0,0,https://books.kuras-plus.com/works/1jhvdkp,"noindex,follow",false,true,false,false,,noindex,"summary・タグともになし。薄いコンテンツとして noindex,follow（既存方針）。"
/works/1ji6o2l,work,ラディアン,,0,0,https://books.kuras-plus.com/works/1ji6o2l,"noindex,follow",false,true,false,false,,noindex,"summary・タグともになし。薄いコンテンツとして noindex,follow（既存方針）。"
/works/1jka1nd,work,春期限定いちごタルト事件,小鳩くんと小佐内さん——互いの過去を知る高校生の二人は「小市民」を目指し、目立たず穏やかに暮らすと誓い合う。だが日常に潜む小さな謎が、つい二人の推理心を刺激して,192,0,https://books.kuras-plus.com/works/1jka1nd,"index,follow",true,false,false,false,,index,あらすじあり。index対象。
/works/1jl48yl,work,アイゼンフリューゲル = Eisen Flügel : 弾丸の歌よ龍に届いているか.,,0,0,https://books.kuras-plus.com/works/1jl48yl,"noindex,follow",false,true,false,false,,noindex,"summary・タグともになし。薄いコンテンツとして noindex,follow（既存方針）。"
/works/1jll34b,work,魁!!男塾,,0,0,https://books.kuras-plus.com/works/1jll34b,"noindex,follow",false,true,false,false,,noindex,"summary・タグともになし。薄いコンテンツとして noindex,follow（既存方針）。"
/works/1jnuh0f,work,新装版　ミュージアム　分冊版,,0,0,https://books.kuras-plus.com/works/1jnuh0f,"noindex,follow",false,true,false,false,,noindex,"summary・タグともになし。薄いコンテンツとして noindex,follow（既存方針）。"
/works/1jp4a0b,work,スキップ・ビート!,芸能界を舞台に夢と復讐を誓う少女の成長と恋愛を描いた少女漫画の長寿人気作。主人公の演技に対する情熱と感情の変化が読みごたえ抜群で、芸能や演技に関心のある読者を強,88,0,https://books.kuras-plus.com/works/1jp4a0b,"index,follow",true,false,false,false,,index,あらすじあり。index対象。
/works/1jpog9b,work,BASARA,,0,0,https://books.kuras-plus.com/works/1jpog9b,"noindex,follow",false,true,false,false,,noindex,"summary・タグともになし。薄いコンテンツとして noindex,follow（既存方針）。"
/works/1jroc5j,work,ハイキュー!! 18 (幾望),,0,0,https://books.kuras-plus.com/works/1jroc5j,"noindex,follow",false,true,false,false,,noindex,"summary・タグともになし。薄いコンテンツとして noindex,follow（既存方針）。"
/works/1jrxgqn,work,ラーメン大好き小泉さん,,0,0,https://books.kuras-plus.com/works/1jrxgqn,"noindex,follow",false,true,false,false,,noindex,"summary・タグともになし。薄いコンテンツとして noindex,follow（既存方針）。"
/works/1jsq7ze,work,不滅のあなたへ,不思議な存在が様々な生命に転生しながら世界を旅する壮大なファンタジー漫画。多くの人々との出会いと別れを通じた感情の成長が丁寧に描かれ、深い余韻を求める読者に強く,86,0,https://books.kuras-plus.com/works/1jsq7ze,"index,follow",true,false,false,false,,index,あらすじあり。index対象。
/works/1jtmcx1,work,マギ シンドバッドの冒険,,0,0,https://books.kuras-plus.com/works/1jtmcx1,"noindex,follow",false,true,false,false,,noindex,"summary・タグともになし。薄いコンテンツとして noindex,follow（既存方針）。"
/works/1jtuoir,work,サイコの世界,心理戦と謎が交差するサスペンス漫画。人間の心理の深淵に踏み込む独特のスリルが味わえる作品で、ミステリーや心理サスペンスを好む読者に向いた緊張感のある一作。,77,0,https://books.kuras-plus.com/works/1jtuoir,"index,follow",true,false,false,false,,index,あらすじあり。index対象。
/works/1juszz6,work,増田こうすけ劇場 ギャグマンガ日和,,0,0,https://books.kuras-plus.com/works/1juszz6,"noindex,follow",false,true,false,false,,noindex,"summary・タグともになし。薄いコンテンツとして noindex,follow（既存方針）。"
/works/1jwg45a,work,レイクサイド 分離帯,,0,0,https://books.kuras-plus.com/works/1jwg45a,"index,follow",true,false,false,false,,strengthen,タグのみ。あらすじ追記で強化推奨。
/works/1jwoqvh,work,マッシュル-MASHLE- マッシュ・バーンデッドと冒険の書,,0,0,https://books.kuras-plus.com/works/1jwoqvh,"noindex,follow",false,true,false,false,,noindex,"summary・タグともになし。薄いコンテンツとして noindex,follow（既存方針）。"
/works/1jx0gr8,work,よふかしのうた,,0,0,https://books.kuras-plus.com/works/1jx0gr8,"noindex,follow",false,true,false,false,,noindex,"summary・タグともになし。薄いコンテンツとして noindex,follow（既存方針）。"
/works/1jx603c,work,現代マンガの冒険者たち : 大友克洋からオノ・ナツメまで,,0,0,https://books.kuras-plus.com/works/1jx603c,"noindex,follow",false,true,false,false,,noindex,"summary・タグともになし。薄いコンテンツとして noindex,follow（既存方針）。"
/works/1jxhv6w,work,異世界でレシピ本を発行しようと思います!,,0,0,https://books.kuras-plus.com/works/1jxhv6w,"index,follow",true,false,false,false,,strengthen,タグのみ。あらすじ追記で強化推奨。
/works/1jyman6,work,ハイキュー!!ショーセツバン!! 1 (烏野強化合宿),,0,0,https://books.kuras-plus.com/works/1jyman6,"noindex,follow",false,true,false,false,,noindex,"summary・タグともになし。薄いコンテンツとして noindex,follow（既存方針）。"
/works/1k0hw2z,work,ザ・ファブル,超一流の殺し屋が「普通の人間」として生活するよう命じられた日常を描くアクションコメディ。ハイレベルな戦闘描写と笑いのギャップが絶妙で、大人向け漫画ファンに幅広く,86,0,https://books.kuras-plus.com/works/1k0hw2z,"index,follow",true,false,false,false,,index,あらすじあり。index対象。
/works/1k0i18h,work,マチネとソワレ,,0,0,https://books.kuras-plus.com/works/1k0i18h,"noindex,follow",false,true,false,false,,noindex,"summary・タグともになし。薄いコンテンツとして noindex,follow（既存方針）。"
/works/1k17e31,work,ブギーポップは笑わない,,0,0,https://books.kuras-plus.com/works/1k17e31,"index,follow",true,false,false,false,,strengthen,タグのみ。あらすじ追記で強化推奨。
/works/1k2k4gm,work,幕末　名言物語,,0,0,https://books.kuras-plus.com/works/1k2k4gm,"noindex,follow",false,true,false,false,,noindex,"summary・タグともになし。薄いコンテンツとして noindex,follow（既存方針）。"
/works/1k2xitt,work,スロウハイツの神様,クリエイターたちが共同生活するアパートを舞台に、夢と友情と愛を描く辻村深月の青春群像劇。登場人物それぞれの個性と成長が丁寧に描かれ、創作への情熱と人間の温かさが,89,0,https://books.kuras-plus.com/works/1k2xitt,"index,follow",true,false,false,false,,index,あらすじあり。index対象。
/works/1k479ud,work,ひぐらしのなく頃に解　目明し編,,0,0,https://books.kuras-plus.com/works/1k479ud,"noindex,follow",false,true,false,false,,noindex,"summary・タグともになし。薄いコンテンツとして noindex,follow（既存方針）。"
/works/1k56wn3,work,『タッチ』ポスターコレクション,,0,0,https://books.kuras-plus.com/works/1k56wn3,"noindex,follow",false,true,false,false,,noindex,"summary・タグともになし。薄いコンテンツとして noindex,follow（既存方針）。"
/works/1k61a1d,work,正直不動産,,0,0,https://books.kuras-plus.com/works/1k61a1d,"noindex,follow",false,true,false,false,,noindex,"summary・タグともになし。薄いコンテンツとして noindex,follow（既存方針）。"
/works/1k6xaxj,work,約束のネバーランド = THE PROMISED NEVERLAND : ノーマンからの手紙,,0,0,https://books.kuras-plus.com/works/1k6xaxj,"noindex,follow",false,true,false,false,,noindex,"summary・タグともになし。薄いコンテンツとして noindex,follow（既存方針）。"
/works/1k7l6ob,work,亜人　ＭＯＶＩＥ　ＥＤＩＴＩＯＮ,,0,0,https://books.kuras-plus.com/works/1k7l6ob,"noindex,follow",false,true,false,false,,noindex,"summary・タグともになし。薄いコンテンツとして noindex,follow（既存方針）。"
/works/1k7w9ht,work,ソードアート・オンライン,デスゲームと化した仮想現実RPG「ソードアート・オンライン」に閉じ込められたプレイヤーたちの生死を賭けた戦いを描くライトノベルの金字塔。累計3000万部を超える,141,0,https://books.kuras-plus.com/works/1k7w9ht,"index,follow",true,false,false,false,,index,あらすじあり。index対象。
/works/1k80955,work,【合本版】グラスホッパー,妻を殺した男への復讐を誓う元教師が、殺し屋たちが跋扈する裏社会に飛び込む。伊坂幸太郎の疾走感あふれる原作を、井田ヒロトがダイナミックなコマ運びで漫画化した合本版,179,0,https://books.kuras-plus.com/works/1k80955,"index,follow",true,false,false,false,,index,あらすじあり。index対象。
/works/1k8dz5e,work,機動戦士ガンダムTHE ORIGIN (1) -始動編-,,0,0,https://books.kuras-plus.com/works/1k8dz5e,"noindex,follow",false,true,false,false,,noindex,"summary・タグともになし。薄いコンテンツとして noindex,follow（既存方針）。"
/works/1k8u22x,work,寄生獣.,ある日突然、人間に寄生する謎の生命体が現れた世界を描くSFサスペンス漫画の金字塔。人間とは何かを問いかける深いテーマと緊迫感あるバトル描写が圧倒的な完成度を誇る,86,0,https://books.kuras-plus.com/works/1k8u22x,"index,follow",true,false,false,false,,index,あらすじあり。index対象。
/works/1k9dz59,work,SAND LAND,砂漠の世界を舞台に悪魔の王子と人間が旅をする冒険ファンタジー漫画。鳥山明らしい軽快なユーモアとワクワクする乗り物・キャラクターが詰まったコンパクトな名作で、老若,90,0,https://books.kuras-plus.com/works/1k9dz59,"index,follow",true,false,false,false,,index,あらすじあり。index対象。
/works/1ka7obd,work,覚悟のススメ（11）,,0,0,https://books.kuras-plus.com/works/1ka7obd,"noindex,follow",false,true,false,false,,noindex,"summary・タグともになし。薄いコンテンツとして noindex,follow（既存方針）。"
/works/1kdicvh,work,ダンジョン飯,ダンジョンで倒したモンスターを調理して食べながら冒険する異色のファンタジー漫画。ユニークな食の発想と丁寧な世界観構築が魅力で、グルメ漫画とRPGファンタジーを愛,90,0,https://books.kuras-plus.com/works/1kdicvh,"index,follow",true,false,false,false,,index,あらすじあり。index対象。
/works/1kdprm7,work,ハカイジュウ（1）,,0,0,https://books.kuras-plus.com/works/1kdprm7,"noindex,follow",false,true,false,false,,noindex,"summary・タグともになし。薄いコンテンツとして noindex,follow（既存方針）。"
/works/1kegif9,work,ALL OUT!!,,0,0,https://books.kuras-plus.com/works/1kegif9,"noindex,follow",false,true,false,false,,noindex,"summary・タグともになし。薄いコンテンツとして noindex,follow（既存方針）。"
/works/1kerms3,work,異世界はスマートフォンとともに。8,,0,0,https://books.kuras-plus.com/works/1kerms3,"index,follow",true,false,false,false,,strengthen,タグのみ。あらすじ追記で強化推奨。
/works/1kevq26,work,金閣寺,美に取り憑かれた吃音の青年僧・溝口が、金閣寺への異常な執着の果てに放火に至るまでの内面を、三島由紀夫が圧倒的な筆力で描き出す。実際の金閣寺放火事件を題材にしなが,203,0,https://books.kuras-plus.com/works/1kevq26,"index,follow",true,false,false,false,,index,あらすじあり。index対象。
/works/1kew47l,work,マンガキャラの服装資料集 男子歴史ファンタジー編,,0,0,https://books.kuras-plus.com/works/1kew47l,"noindex,follow",false,true,false,false,,noindex,"summary・タグともになし。薄いコンテンツとして noindex,follow（既存方針）。"
/works/1kf813i,work,おそ松くん,,0,0,https://books.kuras-plus.com/works/1kf813i,"noindex,follow",false,true,false,false,,noindex,"summary・タグともになし。薄いコンテンツとして noindex,follow（既存方針）。"
/works/1kfcump,work,天久鷹央の推理カルテ,,0,0,https://books.kuras-plus.com/works/1kfcump,"index,follow",true,false,false,false,,strengthen,タグのみ。あらすじ追記で強化推奨。
/works/1kfvaii,work,晴れた日は謎を追って,,0,0,https://books.kuras-plus.com/works/1kfvaii,"index,follow",true,false,false,false,,strengthen,タグのみ。あらすじ追記で強化推奨。
/works/1kj65kj,work,魔女のパン,,0,0,https://books.kuras-plus.com/works/1kj65kj,"index,follow",true,false,false,false,,strengthen,タグのみ。あらすじ追記で強化推奨。
/works/1kkchz4,work,ナミヤ雑貨店の奇蹟,廃屋の雑貨店を通じて過去と現在をつなぐ不思議な手紙のやり取りを描く、温かい奇跡の物語。複数の人生が鮮やかに交差する感動的な構成と、人生の岐路における選択を問いか,91,0,https://books.kuras-plus.com/works/1kkchz4,"index,follow",true,false,false,false,,index,あらすじあり。index対象。
/works/1kkj3nq,work,嫌われる勇気,アドラー心理学を青年と哲人の対話形式でわかりやすく解説した大ベストセラー。「すべての悩みは対人関係の悩みである」「課題の分離」「承認欲求を否定する」など、生き方,139,0,https://books.kuras-plus.com/works/1kkj3nq,"index,follow",true,false,false,false,,index,あらすじあり。index対象。
/works/1kktn8i,work,天と地と,,0,0,https://books.kuras-plus.com/works/1kktn8i,"noindex,follow",false,true,false,false,,noindex,"summary・タグともになし。薄いコンテンツとして noindex,follow（既存方針）。"
/works/1klukm8,work,MAJOR,野球選手の息子として生まれた吾郎が父の夢を継ぎ、プロ野球選手からメジャーリーガーへと挑む長編スポーツ漫画。挫折と再起を繰り返す熱い人間ドラマが胸を打つ傑作。,78,0,https://books.kuras-plus.com/works/1klukm8,"index,follow",true,false,false,false,,index,あらすじあり。index対象。
/works/1kmvffw,work,新装版　クローズ,,0,0,https://books.kuras-plus.com/works/1kmvffw,"noindex,follow",false,true,false,false,,noindex,"summary・タグともになし。薄いコンテンツとして noindex,follow（既存方針）。"
/works/1kn5p0j,work,地獄先生ぬ～べ～NEO,,0,0,https://books.kuras-plus.com/works/1kn5p0j,"noindex,follow",false,true,false,false,,noindex,"summary・タグともになし。薄いコンテンツとして noindex,follow（既存方針）。"
/works/1ko1nxo,work,エッセンシャル思考,「より少なく、しかしより良く」。本当に重要なことだけに集中し、それ以外を捨てる技術を説く。グレッグ・マキューンが提唱するエッセンシャル思考は、情報過多・仕事過多,131,0,https://books.kuras-plus.com/works/1ko1nxo,"index,follow",true,false,false,false,,index,あらすじあり。index対象。
/works/1kq2vwb,work,恋せよまやかし天使ども　プチデザ,,0,0,https://books.kuras-plus.com/works/1kq2vwb,"noindex,follow",false,true,false,false,,noindex,"summary・タグともになし。薄いコンテンツとして noindex,follow（既存方針）。"
/works/1kqaryb,work,刃牙,,0,0,https://books.kuras-plus.com/works/1kqaryb,"noindex,follow",false,true,false,false,,noindex,"summary・タグともになし。薄いコンテンツとして noindex,follow（既存方針）。"
/works/1ku7tn9,work,NEEDLESS,,0,0,https://books.kuras-plus.com/works/1ku7tn9,"noindex,follow",false,true,false,false,,noindex,"summary・タグともになし。薄いコンテンツとして noindex,follow（既存方針）。"
/works/1kx24fd,work,のだめカンタービレ,,0,0,https://books.kuras-plus.com/works/1kx24fd,"noindex,follow",false,true,false,false,,noindex,"summary・タグともになし。薄いコンテンツとして noindex,follow（既存方針）。"
/works/1kxdn5h,work,フェアリーテイル FAIRY TAIL,,0,0,https://books.kuras-plus.com/works/1kxdn5h,"noindex,follow",false,true,false,false,,noindex,"summary・タグともになし。薄いコンテンツとして noindex,follow（既存方針）。"
/works/1l0qquc,work,ニセコイ,,0,0,https://books.kuras-plus.com/works/1l0qquc,"noindex,follow",false,true,false,false,,noindex,"summary・タグともになし。薄いコンテンツとして noindex,follow（既存方針）。"
/works/1l2thze,work,レベルE,,0,0,https://books.kuras-plus.com/works/1l2thze,"noindex,follow",false,true,false,false,,noindex,"summary・タグともになし。薄いコンテンツとして noindex,follow（既存方針）。"
/works/1l2x8xu,work,エコエコアザラク２（2）,,0,0,https://books.kuras-plus.com/works/1l2x8xu,"noindex,follow",false,true,false,false,,noindex,"summary・タグともになし。薄いコンテンツとして noindex,follow（既存方針）。"
/works/1l375x4,work,さんかれあ,ゾンビを愛するオタク高校生と、ゾンビになった美少女との奇妙な同居生活を描くラブコメ漫画。不思議な設定ながらも繊細な感情描写と独特の切ない雰囲気が心を惹きつける作,82,0,https://books.kuras-plus.com/works/1l375x4,"index,follow",true,false,false,false,,index,あらすじあり。index対象。
/works/1l5xkiy,work,ローゼンメイデン,,0,0,https://books.kuras-plus.com/works/1l5xkiy,"noindex,follow",false,true,false,false,,noindex,"summary・タグともになし。薄いコンテンツとして noindex,follow（既存方針）。"
/works/1l6eoba,work,赤ちゃんが欲しい マンガでわかる「体外受精」,,0,0,https://books.kuras-plus.com/works/1l6eoba,"index,follow",true,false,false,false,,strengthen,タグのみ。あらすじ追記で強化推奨。
/works/1l6ofvh,work,フルーツバスケット,動物に変身する呪われた一族と出会った少女の愛と再生を描く少女漫画の名作。笑いと涙が絶妙に入り混じり、人間の弱さと強さ、愛の意味を深く問いかける感動的な作品。,78,0,https://books.kuras-plus.com/works/1l6ofvh,"index,follow",true,false,false,false,,index,あらすじあり。index対象。
/works/1l9jquq,work,ハーモニー,医療技術が極限まで発達し、すべての人が健康を管理される「優しいディストピア」を描く伊藤計劃の遺作的傑作。完璧な社会に違和感を抱く少女たちの反乱と、人間の意識の本,136,0,https://books.kuras-plus.com/works/1l9jquq,"index,follow",true,false,false,false,,index,あらすじあり。index対象。
/works/1l9wdde,work,マンガ東野圭吾ミステリースペシャル,東野圭吾のミステリーを漫画化したスペシャル版。原作が持つ伏線の妙と人間ドラマの深みを、コマ割りと表情の描写で巧みに再現している。文字だけでは想像するしかなかった,212,0,https://books.kuras-plus.com/works/1l9wdde,"index,follow",true,false,false,false,,index,あらすじあり。index対象。
/works/1la5ymu,work,チェーザレ 破壊の創造者,,0,0,https://books.kuras-plus.com/works/1la5ymu,"noindex,follow",false,true,false,false,,noindex,"summary・タグともになし。薄いコンテンツとして noindex,follow（既存方針）。"
/works/1lb4rxp,work,暁のヨナ.,王女が成長し四龍を集める、ファンタジー少女漫画の傑作,26,0,https://books.kuras-plus.com/works/1lb4rxp,"index,follow",true,false,false,false,,index,あらすじあり。index対象。
/works/1lc7xex,work,村上春樹「騎士団長殺し」メッタ斬り！,大森望と豊崎由美による「メッタ斬り！」シリーズが、村上春樹の長編『騎士団長殺し』に挑む。絵画に隠された謎、地下世界への旅、そしてイデアとメタファー。壮大な物語を,191,0,https://books.kuras-plus.com/works/1lc7xex,"index,follow",true,false,false,false,,index,あらすじあり。index対象。
/works/1lcv41m,work,劇的！　小説術,物語を書きたい、でもどう始めればいいのかわからない——そんな悩みに応える創作指南書。脚本家としても活躍する柏田道夫が、ドラマチックな小説を生み出すための構成術、,214,0,https://books.kuras-plus.com/works/1lcv41m,"index,follow",true,false,false,false,,index,あらすじあり。index対象。
/works/1leh8hy,work,HUNTER×HUNTER,頭脳戦と熱い戦いが融合した究極の少年漫画,20,0,https://books.kuras-plus.com/works/1leh8hy,"index,follow",true,false,false,false,,index,あらすじあり。index対象。
/works/1ley566,work,マンガでわかる！　超はじめての株式投資,,0,0,https://books.kuras-plus.com/works/1ley566,"noindex,follow",false,true,false,false,,noindex,"summary・タグともになし。薄いコンテンツとして noindex,follow（既存方針）。"
/works/1lezzki,work,解き続けたくなる数学 : 日常は数であふれている : 普段の考え方や見かたを変えると世界が変わるひらめき数学的思考法,数学の楽しさを日常の視点から伝える教養書。数式嫌いでも読み進められる親しみやすい構成で、論理的思考やひらめきの面白さを体感させてくれるユニークな一冊。,75,0,https://books.kuras-plus.com/works/1lezzki,"index,follow",true,false,false,false,,index,あらすじあり。index対象。
/works/1lge2mk,work,金田一37歳の事件簿,,0,0,https://books.kuras-plus.com/works/1lge2mk,"noindex,follow",false,true,false,false,,noindex,"summary・タグともになし。薄いコンテンツとして noindex,follow（既存方針）。"
/works/1lh6agx,work,魔術士オーフェンはぐれ旅,,0,0,https://books.kuras-plus.com/works/1lh6agx,"noindex,follow",false,true,false,false,,noindex,"summary・タグともになし。薄いコンテンツとして noindex,follow（既存方針）。"
/works/1lijstw,work,魔法科高校の劣等生Appendix.,,0,0,https://books.kuras-plus.com/works/1lijstw,"noindex,follow",false,true,false,false,,noindex,"summary・タグともになし。薄いコンテンツとして noindex,follow（既存方針）。"
/works/1ljzacb,work,ソウルイーター,,0,0,https://books.kuras-plus.com/works/1ljzacb,"noindex,follow",false,true,false,false,,noindex,"summary・タグともになし。薄いコンテンツとして noindex,follow（既存方針）。"
/works/1lk155f,work,東京タラレバ娘　シーズン２,,0,0,https://books.kuras-plus.com/works/1lk155f,"noindex,follow",false,true,false,false,,noindex,"summary・タグともになし。薄いコンテンツとして noindex,follow（既存方針）。"
/works/1lkfyt7,work,みなみけ,南家三姉妹の日常をのんびり描いた日常系ほのぼの4コマ漫画。余計な起伏がなく、じんわりと温かくなれる独特の空気感が長く愛され続けているシスターズコメディ。,76,0,https://books.kuras-plus.com/works/1lkfyt7,"index,follow",true,false,false,false,,index,あらすじあり。index対象。
/works/1lkocad,work,僕は友達が少ない,,0,0,https://books.kuras-plus.com/works/1lkocad,"index,follow",true,false,false,false,,strengthen,タグのみ。あらすじ追記で強化推奨。
/works/1lkodjs,work,屍者の帝国 アートワークス,伊藤計劃と円城塔が紡いだSF小説『屍者の帝国』の世界観を、美麗なイラストレーションで堪能できるアートワーク集。死者を蘇らせ労働力として使役する十九世紀——スチー,181,0,https://books.kuras-plus.com/works/1lkodjs,"index,follow",true,false,false,false,,index,あらすじあり。index対象。
/works/1lkrakw,work,福家警部補の考察,,0,0,https://books.kuras-plus.com/works/1lkrakw,"index,follow",true,false,false,false,,strengthen,タグのみ。あらすじ追記で強化推奨。
/works/1lnkeid,work,純情ロマンチカ,,0,0,https://books.kuras-plus.com/works/1lnkeid,"noindex,follow",false,true,false,false,,noindex,"summary・タグともになし。薄いコンテンツとして noindex,follow（既存方針）。"
/works/1lnqgta,work,中間管理録トネガワ,,0,0,https://books.kuras-plus.com/works/1lnqgta,"noindex,follow",false,true,false,false,,noindex,"summary・タグともになし。薄いコンテンツとして noindex,follow（既存方針）。"
/works/1loptoz,work,異世界帰りの勇者が現代最強! = A brave man returned from different world is the strongest in today. : 異能バトル系美少女をビシバシ調教することに!?,,0,0,https://books.kuras-plus.com/works/1loptoz,"index,follow",true,false,false,false,,strengthen,タグのみ。あらすじ追記で強化推奨。
/works/1loq0io,work,乙女ゲームの破滅フラグしかない悪役令嬢に転生してしまった…,,0,0,https://books.kuras-plus.com/works/1loq0io,"noindex,follow",false,true,false,false,,noindex,"summary・タグともになし。薄いコンテンツとして noindex,follow（既存方針）。"
/works/1ltlq8c,work,テガミバチ,闇に覆われた世界で手紙を届けるテガミバチたちの旅を描いたファンタジー漫画。独特の世界観と繊細な感情描写、温かい人間ドラマが魅力で、叙情的なファンタジーを好む読者,88,0,https://books.kuras-plus.com/works/1ltlq8c,"index,follow",true,false,false,false,,index,あらすじあり。index対象。
/works/1luxqnu,work,GANTZ カラー版 ゆびわ星人編＆小島多恵編,死んだ人間が謎の球体に支配されるSFバトル・サバイバル,27,0,https://books.kuras-plus.com/works/1luxqnu,"index,follow",true,false,false,false,,index,あらすじあり。index対象。
/works/1lv4r33,work,フォーチュン・クエスト,,0,0,https://books.kuras-plus.com/works/1lv4r33,"index,follow",true,false,false,false,,strengthen,タグのみ。あらすじ追記で強化推奨。
/works/1lxr857,work,冒険小説論 : 近代ヒーロー像一〇〇年の変遷,,0,0,https://books.kuras-plus.com/works/1lxr857,"index,follow",true,false,false,false,,strengthen,タグのみ。あらすじ追記で強化推奨。
/works/1lxwfip,work,新説狼と香辛料狼と羊皮紙,,0,0,https://books.kuras-plus.com/works/1lxwfip,"noindex,follow",false,true,false,false,,noindex,"summary・タグともになし。薄いコンテンツとして noindex,follow（既存方針）。"
/works/1lylg3d,work,戦隊大失格,,0,0,https://books.kuras-plus.com/works/1lylg3d,"noindex,follow",false,true,false,false,,noindex,"summary・タグともになし。薄いコンテンツとして noindex,follow（既存方針）。"
/works/1lzh1c2,work,るろうに剣心―明治剣客浪漫譚― カラー版,,0,0,https://books.kuras-plus.com/works/1lzh1c2,"noindex,follow",false,true,false,false,,noindex,"summary・タグともになし。薄いコンテンツとして noindex,follow（既存方針）。"
/works/1m22mge,work,DEATH NOTE,頭脳戦と緊張感を一気に味わえる傑作サスペンス,22,0,https://books.kuras-plus.com/works/1m22mge,"index,follow",true,false,false,false,,index,あらすじあり。index対象。
/works/1m39vj0,work,かぐや様は告らせたい 同人版,,0,0,https://books.kuras-plus.com/works/1m39vj0,"noindex,follow",false,true,false,false,,noindex,"summary・タグともになし。薄いコンテンツとして noindex,follow（既存方針）。"
/works/1m51zmy,work,文蔵 2013.3,,0,0,https://books.kuras-plus.com/works/1m51zmy,"index,follow",true,false,false,false,,strengthen,タグのみ。あらすじ追記で強化推奨。
/works/1m7ax1h,work,黄色い家,十代の花は、年上の女性・黄美子と出会い、疑似家族のような共同生活を始める。しかし生活は次第に困窮し、彼女たちは犯罪へと足を踏み入れていく。川上未映子が描く「黄色,177,0,https://books.kuras-plus.com/works/1m7ax1h,"index,follow",true,false,false,false,,index,あらすじあり。index対象。
/works/1m7e2ww,work,七王国の玉座,,0,0,https://books.kuras-plus.com/works/1m7e2ww,"index,follow",true,false,false,false,,strengthen,タグのみ。あらすじ追記で強化推奨。
/works/1m8gvnx,work,封神演義 第21部 (歴史の道標 上),,0,0,https://books.kuras-plus.com/works/1m8gvnx,"noindex,follow",false,true,false,false,,noindex,"summary・タグともになし。薄いコンテンツとして noindex,follow（既存方針）。"
/works/1m8n2be,work,DEAR BOYS ACT II,,0,0,https://books.kuras-plus.com/works/1m8n2be,"noindex,follow",false,true,false,false,,noindex,"summary・タグともになし。薄いコンテンツとして noindex,follow（既存方針）。"
/works/1m8ze29,work,今日からCITY HUNTER,,0,0,https://books.kuras-plus.com/works/1m8ze29,"noindex,follow",false,true,false,false,,noindex,"summary・タグともになし。薄いコンテンツとして noindex,follow（既存方針）。"
/works/1m943dd,work,解剖生理学,医療系学生にとって避けて通れない解剖生理学を、体系的かつ明快に解説した一冊。人体の構造と機能を臓器系統ごとに整理し、複雑なメカニズムを図表とともにわかりやすく紐,197,0,https://books.kuras-plus.com/works/1m943dd,"index,follow",true,false,false,false,,index,あらすじあり。index対象。
/works/1m9z59e,work,銀魂,,0,0,https://books.kuras-plus.com/works/1m9z59e,"noindex,follow",false,true,false,false,,noindex,"summary・タグともになし。薄いコンテンツとして noindex,follow（既存方針）。"
/works/1ma8sec,work,検察側の罪人（下）,法と正義の間で揺れ動くエリート検察官の苦悩が頂点を迎える下巻。上巻から高まってきた緊張感が一気に爆発し、人間の業と司法の問題を正面から描いた骨太なリーガルサスペ,91,0,https://books.kuras-plus.com/works/1ma8sec,"index,follow",true,false,false,false,,index,あらすじあり。index対象。
/works/1mctlnc,work,花だより : みをつくし料理帖 特別巻,,0,0,https://books.kuras-plus.com/works/1mctlnc,"index,follow",true,false,false,false,,strengthen,タグのみ。あらすじ追記で強化推奨。
/works/1mdf6k4,work,ソマリと森の神様,,0,0,https://books.kuras-plus.com/works/1mdf6k4,"noindex,follow",false,true,false,false,,noindex,"summary・タグともになし。薄いコンテンツとして noindex,follow（既存方針）。"
/works/1mdpij8,work,いぬやしき,,0,0,https://books.kuras-plus.com/works/1mdpij8,"noindex,follow",false,true,false,false,,noindex,"summary・タグともになし。薄いコンテンツとして noindex,follow（既存方針）。"
/works/1mdxs63,work,ツバサ,,0,0,https://books.kuras-plus.com/works/1mdxs63,"noindex,follow",false,true,false,false,,noindex,"summary・タグともになし。薄いコンテンツとして noindex,follow（既存方針）。"
/works/1mfzekp,work,ギャップ、時々、溺愛 クールな社長が私だけに見せてくれる本当の顔 (ルネッタブックス),,0,0,https://books.kuras-plus.com/works/1mfzekp,"index,follow",true,false,false,false,,strengthen,タグのみ。あらすじ追記で強化推奨。
/works/1mij6pm,work,終末のワルキューレ,人類の存亡を賭け、人間の英雄と神々が一対一で戦う壮大なバトル漫画。歴史的英雄と世界の神話が豪快に混在する設定とド迫力の戦闘シーンが、バトル漫画ファンを大いに燃え,86,0,https://books.kuras-plus.com/works/1mij6pm,"index,follow",true,false,false,false,,index,あらすじあり。index対象。
/works/1mij96r,work,ジョーカー・ゲーム,,0,0,https://books.kuras-plus.com/works/1mij96r,"index,follow",true,false,false,false,,strengthen,タグのみ。あらすじ追記で強化推奨。
/works/1mjbqo7,work,とっても！ラッキーマン,,0,0,https://books.kuras-plus.com/works/1mjbqo7,"noindex,follow",false,true,false,false,,noindex,"summary・タグともになし。薄いコンテンツとして noindex,follow（既存方針）。"
/works/1mkrke2,work,大奥,,0,0,https://books.kuras-plus.com/works/1mkrke2,"noindex,follow",false,true,false,false,,noindex,"summary・タグともになし。薄いコンテンツとして noindex,follow（既存方針）。"
/works/1ml6l3e,work,十二国記アニメ脚本集,小野不由美が創り上げた壮大な異世界「十二国記」のアニメーション版脚本を収録した貴重な資料集。原作小説の世界観をいかに映像作品として再構築したのか、その創作過程を,177,0,https://books.kuras-plus.com/works/1ml6l3e,"index,follow",true,false,false,false,,index,あらすじあり。index対象。
/works/1mlke2d,work,墜落JKと廃人教師【通常版】,,0,0,https://books.kuras-plus.com/works/1mlke2d,"noindex,follow",false,true,false,false,,noindex,"summary・タグともになし。薄いコンテンツとして noindex,follow（既存方針）。"
/works/1mltnil,work,あしたのジョー,,0,0,https://books.kuras-plus.com/works/1mltnil,"noindex,follow",false,true,false,false,,noindex,"summary・タグともになし。薄いコンテンツとして noindex,follow（既存方針）。"
/works/1mm4ccn,work,焼いてるふたり,バーベキューを通じて愛を育む社会人カップルの日常を描いたほっこりラブコメ。焼き料理の魅力と恋人同士のゆるやかな日常がほどよくブレンドされた、大人の恋愛漫画を楽し,88,0,https://books.kuras-plus.com/works/1mm4ccn,"index,follow",true,false,false,false,,index,あらすじあり。index対象。
/works/1moj2he,work,ミステリーの書き方,謎、伏線、どんでん返し——ミステリーを構成する要素を体系的に学べる創作入門書。柏田道夫が、トリックの発想法からプロットの組み立て方、読者をミスリードする技術まで,214,0,https://books.kuras-plus.com/works/1moj2he,"index,follow",true,false,false,false,,index,あらすじあり。index対象。
/works/1mprs9n,work,最後の家族,,0,0,https://books.kuras-plus.com/works/1mprs9n,"index,follow",true,false,false,false,,strengthen,タグのみ。あらすじ追記で強化推奨。
/works/1mpy5ss,work,五等分の花嫁,貧乏な家庭教師少年と五つ子の花嫁候補たちとの恋愛を描くラブコメ漫画。五人の個性的なヒロインが魅力で、誰が花嫁かを巡るミステリ要素も人気を集めた人気シリーズ。,78,0,https://books.kuras-plus.com/works/1mpy5ss,"index,follow",true,false,false,false,,index,あらすじあり。index対象。
/works/1mq8rzx,work,ギャップ、時々、溺愛 クールな社長が私だけに見せてくれる本当の顔 (ルネッタブックス),クールで近寄りがたい社長が、主人公の前だけで見せる意外な素顔にドキドキ。甘くて切ないギャップ溺愛ロマンスを楽しみたい女性読者におすすめの一冊。,71,0,https://books.kuras-plus.com/works/1mq8rzx,"index,follow",true,false,false,false,,index,あらすじあり。index対象。
/works/1mqfpnu,work,変な家,,0,0,https://books.kuras-plus.com/works/1mqfpnu,"index,follow",true,false,false,false,,strengthen,タグのみ。あらすじ追記で強化推奨。
/works/1mtb4me,work,真犯人はこの列車のなかにいる (ハーパーBOOKS),,0,0,https://books.kuras-plus.com/works/1mtb4me,"index,follow",true,false,false,false,,strengthen,タグのみ。あらすじ追記で強化推奨。
/works/1mtf1l4,work,底辺漫画投稿者つぶやきDAYS １巻,,0,0,https://books.kuras-plus.com/works/1mtf1l4,"noindex,follow",false,true,false,false,,noindex,"summary・タグともになし。薄いコンテンツとして noindex,follow（既存方針）。"
/works/1mtq4e2,work,彼岸島,吸血鬼が支配する孤島に乗り込んだ青年の壮絶なサバイバルを描くホラーアクション漫画。恐怖と興奮が交互に押し寄せるテンションの高い展開が、ページをめくる手を止めさせ,83,0,https://books.kuras-plus.com/works/1mtq4e2,"index,follow",true,false,false,false,,index,あらすじあり。index対象。
/works/1mwayuu,work,デスノート DEATH NOTE,,0,0,https://books.kuras-plus.com/works/1mwayuu,"noindex,follow",false,true,false,false,,noindex,"summary・タグともになし。薄いコンテンツとして noindex,follow（既存方針）。"
/works/1mxbl1s,work,女子のためのお江戸案内 : 恋とおしゃれと生き方と,,0,0,https://books.kuras-plus.com/works/1mxbl1s,"noindex,follow",false,true,false,false,,noindex,"summary・タグともになし。薄いコンテンツとして noindex,follow（既存方針）。"
/works/1mxhnc1,work,青春ブタ野郎はバニーガール先輩の夢を見ない,,0,0,https://books.kuras-plus.com/works/1mxhnc1,"index,follow",true,false,false,false,,strengthen,タグのみ。あらすじ追記で強化推奨。
/works/1mxuojy,work,ツバサ,CLAMPが贈る壮大なクロスオーバーファンタジー漫画。自分の記憶を取り戻す旅が様々な世界を股にかけて展開し、CLAMPの他作品キャラも登場する豪華な設定が多くの,92,0,https://books.kuras-plus.com/works/1mxuojy,"index,follow",true,false,false,false,,index,あらすじあり。index対象。
/works/1my30sb,work,バッカーノ!,,0,0,https://books.kuras-plus.com/works/1my30sb,"index,follow",true,false,false,false,,strengthen,タグのみ。あらすじ追記で強化推奨。
/works/1myfhuh,work,転生令嬢は幸せになりたい！アンソロジーコミック,,0,0,https://books.kuras-plus.com/works/1myfhuh,"noindex,follow",false,true,false,false,,noindex,"summary・タグともになし。薄いコンテンツとして noindex,follow（既存方針）。"
/works/1myx7th,work,トールキン指輪物語事典,,0,0,https://books.kuras-plus.com/works/1myx7th,"index,follow",true,false,false,false,,strengthen,タグのみ。あらすじ追記で強化推奨。
/works/1n39lq8,work,予告殺人,新聞広告で予告された殺人事件をミス・マープルが解決するクリスティーの本格ミステリ。第二次大戦後のイギリスの雰囲気が色濃く漂い、老婦人名探偵の鋭い観察眼が冴え渡る,87,0,https://books.kuras-plus.com/works/1n39lq8,"index,follow",true,false,false,false,,index,あらすじあり。index対象。
/works/1n3hb4y,work,ドリフターズ,,0,0,https://books.kuras-plus.com/works/1n3hb4y,"noindex,follow",false,true,false,false,,noindex,"summary・タグともになし。薄いコンテンツとして noindex,follow（既存方針）。"
/works/1n410qi,work,モブサイコ100,,0,0,https://books.kuras-plus.com/works/1n410qi,"noindex,follow",false,true,false,false,,noindex,"summary・タグともになし。薄いコンテンツとして noindex,follow（既存方針）。"
/works/1n6ojyj,work,BLUE GIANT,ジャズに魂を捧げ、世界一のサックス奏者を目指す若者の情熱を描いた音楽漫画。圧倒的な熱量と美しい演奏シーンが紙面から音楽を感じさせる、感動的な青春物語。,75,0,https://books.kuras-plus.com/works/1n6ojyj,"index,follow",true,false,false,false,,index,あらすじあり。index対象。
/works/1n6u747,work,ウィンドブレイカー,,0,0,https://books.kuras-plus.com/works/1n6u747,"noindex,follow",false,true,false,false,,noindex,"summary・タグともになし。薄いコンテンツとして noindex,follow（既存方針）。"
/works/1n6vt6d,work,AKIRA,,0,0,https://books.kuras-plus.com/works/1n6vt6d,"noindex,follow",false,true,false,false,,noindex,"summary・タグともになし。薄いコンテンツとして noindex,follow（既存方針）。"
/works/1n7b3i7,work,狼と香辛料愛蔵版,,0,0,https://books.kuras-plus.com/works/1n7b3i7,"noindex,follow",false,true,false,false,,noindex,"summary・タグともになし。薄いコンテンツとして noindex,follow（既存方針）。"
/works/1n8h8gh,work,ハイキュー部!!,,0,0,https://books.kuras-plus.com/works/1n8h8gh,"noindex,follow",false,true,false,false,,noindex,"summary・タグともになし。薄いコンテンツとして noindex,follow（既存方針）。"
/works/1n8qsf0,work,信長のシェフ,,0,0,https://books.kuras-plus.com/works/1n8qsf0,"noindex,follow",false,true,false,false,,noindex,"summary・タグともになし。薄いコンテンツとして noindex,follow（既存方針）。"
/works/1n8uvl3,work,PとJK,,0,0,https://books.kuras-plus.com/works/1n8uvl3,"noindex,follow",false,true,false,false,,noindex,"summary・タグともになし。薄いコンテンツとして noindex,follow（既存方針）。"
/works/1n8z1g1,work,Dr.コトー診療所,,0,0,https://books.kuras-plus.com/works/1n8z1g1,"noindex,follow",false,true,false,false,,noindex,"summary・タグともになし。薄いコンテンツとして noindex,follow（既存方針）。"
/works/1n9b61h,work,銀魂 モノクロ版,江戸時代に宇宙人が来た世界を舞台にした、笑いと熱さが共存する国民的ギャグ漫画。パロディネタと真剣な感動シーンを絶妙に織り交ぜた、長く愛される少年漫画の傑作。,78,0,https://books.kuras-plus.com/works/1n9b61h,"index,follow",true,false,false,false,,index,あらすじあり。index対象。
/works/1na8b5e,work,赤ずきんチャチャ,,0,0,https://books.kuras-plus.com/works/1na8b5e,"noindex,follow",false,true,false,false,,noindex,"summary・タグともになし。薄いコンテンツとして noindex,follow（既存方針）。"
/works/1nbuu6w,work,とんでもスキルで異世界放浪メシ,,0,0,https://books.kuras-plus.com/works/1nbuu6w,"noindex,follow",false,true,false,false,,noindex,"summary・タグともになし。薄いコンテンツとして noindex,follow（既存方針）。"
/works/1ne0zbc,work,Dr.コトー診療所　愛蔵版,,0,0,https://books.kuras-plus.com/works/1ne0zbc,"noindex,follow",false,true,false,false,,noindex,"summary・タグともになし。薄いコンテンツとして noindex,follow（既存方針）。"
/works/1nkodbx,work,サチ録~サチの黙示録~,,0,0,https://books.kuras-plus.com/works/1nkodbx,"noindex,follow",false,true,false,false,,noindex,"summary・タグともになし。薄いコンテンツとして noindex,follow（既存方針）。"
/works/1nliimu,work,GS美神極楽大作戦!!,,0,0,https://books.kuras-plus.com/works/1nliimu,"noindex,follow",false,true,false,false,,noindex,"summary・タグともになし。薄いコンテンツとして noindex,follow（既存方針）。"
/works/1nmzu1r,work,ABC殺人事件上,アルファベット順に殺人が繰り返される——不気味な連続殺人に名探偵ポアロが挑む、クリスティーの代表的傑作。犯人から届く予告状、現場に残されるABC鉄道時刻表。一見,209,0,https://books.kuras-plus.com/works/1nmzu1r,"index,follow",true,false,false,false,,index,あらすじあり。index対象。
/works/1no0eun,work,色彩を持たない多崎つくると、彼の巡礼の年,5人の友人から突然絶交された青年が36歳になって過去の傷に向き合う旅に出る村上春樹の長編小説。孤独と自己探求のテーマを繊細に描いた、村上文学らしい深みと読みやす,90,0,https://books.kuras-plus.com/works/1no0eun,"index,follow",true,false,false,false,,index,あらすじあり。index対象。
/works/1no5hj6,work,夏物語,大阪出身の作家・夏子は、子どもを持ちたいという切実な願いを抱えている。精子提供という選択肢と向き合いながら、彼女は「産む」ことの意味を根源から問い直していく。川,178,0,https://books.kuras-plus.com/works/1no5hj6,"index,follow",true,false,false,false,,index,あらすじあり。index対象。
/works/1noamt2,work,カグラバチ【期間限定試し読み増量】,,0,0,https://books.kuras-plus.com/works/1noamt2,"noindex,follow",false,true,false,false,,noindex,"summary・タグともになし。薄いコンテンツとして noindex,follow（既存方針）。"
/works/1nq6gf5,work,マンガでわかる線形代数,,0,0,https://books.kuras-plus.com/works/1nq6gf5,"noindex,follow",false,true,false,false,,noindex,"summary・タグともになし。薄いコンテンツとして noindex,follow（既存方針）。"
/works/1nqh0yr,work,斉木楠雄のΨ難 15 (斉木楠雄の遭難),,0,0,https://books.kuras-plus.com/works/1nqh0yr,"noindex,follow",false,true,false,false,,noindex,"summary・タグともになし。薄いコンテンツとして noindex,follow（既存方針）。"
/works/1ns156y,work,鋼の錬金術師20th anniversary book,,0,0,https://books.kuras-plus.com/works/1ns156y,"noindex,follow",false,true,false,false,,noindex,"summary・タグともになし。薄いコンテンツとして noindex,follow（既存方針）。"
/works/1ns9zdj,work,勇気爆発バーンブレイバーンアンソロジーコミックBRAVE,,0,0,https://books.kuras-plus.com/works/1ns9zdj,"noindex,follow",false,true,false,false,,noindex,"summary・タグともになし。薄いコンテンツとして noindex,follow（既存方針）。"
/works/1nw7h6q,work,ぐらんぶる,,0,0,https://books.kuras-plus.com/works/1nw7h6q,"index,follow",true,false,false,false,,strengthen,タグのみ。あらすじ追記で強化推奨。
/works/1nwf9i2,work,劇場版銀魂完結篇 : 万事屋よ永遠なれ,,0,0,https://books.kuras-plus.com/works/1nwf9i2,"noindex,follow",false,true,false,false,,noindex,"summary・タグともになし。薄いコンテンツとして noindex,follow（既存方針）。"
/works/1nwut96,work,『指輪物語』世界を読む : われらが祖父トールキン,,0,0,https://books.kuras-plus.com/works/1nwut96,"index,follow",true,false,false,false,,strengthen,タグのみ。あらすじ追記で強化推奨。
/works/1nx91wh,work,お姉ちゃんの翠くん,姉と弟の関係から始まる少女漫画風の甘い恋愛ストーリー。心理的な距離と近さが絶妙に交差するドキドキとほっこりが詰まった作品で、胸キュン系少女漫画が好きな読者を夢中,85,0,https://books.kuras-plus.com/works/1nx91wh,"index,follow",true,false,false,false,,index,あらすじあり。index対象。
/works/1nxh06w,work,ヲタクに恋は難しい,オタク趣味を持つ社会人男女の恋愛を描いたラブコメ漫画。オタク文化ならではのあるある笑いと、不器用な二人の恋の温かさが共存し、オタク読者や大人の恋愛漫画ファンに広,88,0,https://books.kuras-plus.com/works/1nxh06w,"index,follow",true,false,false,false,,index,あらすじあり。index対象。
/works/1nxqxs2,work,お母さんの目からウロコが落ちる本,,0,0,https://books.kuras-plus.com/works/1nxqxs2,"index,follow",true,false,false,false,,strengthen,タグのみ。あらすじ追記で強化推奨。
/works/1nye0nk,work,可燃物,群馬県警の刑事・葛警部が挑む五つの事件。放火、不審死、行方不明——一見ありふれた事件の裏に隠された真実を、緻密な捜査と冷徹な論理で解き明かしていく。米澤穂信が新,172,0,https://books.kuras-plus.com/works/1nye0nk,"index,follow",true,false,false,false,,index,あらすじあり。index対象。
/works/1nyke2k,work,贖罪の花嫁はいつわりの婚姻に溺れる１,政略結婚と秘密を抱えた男女の複雑な関係を描くロマンス小説。嘘と誤解が絡み合う中で芽生えていく感情の機微を丁寧に描いており、ドキドキする恋愛展開を楽しみたい読者向,89,0,https://books.kuras-plus.com/works/1nyke2k,"index,follow",true,false,false,false,,index,あらすじあり。index対象。
/works/1nz0ql1,work,鼻のある男,,0,0,https://books.kuras-plus.com/works/1nz0ql1,"index,follow",true,false,false,false,,strengthen,タグのみ。あらすじ追記で強化推奨。
/works/1nz8rwc,work,稲中卓球部,,0,0,https://books.kuras-plus.com/works/1nz8rwc,"noindex,follow",false,true,false,false,,noindex,"summary・タグともになし。薄いコンテンツとして noindex,follow（既存方針）。"
/works/1o05zo3,work,彩雲国物語,,0,0,https://books.kuras-plus.com/works/1o05zo3,"noindex,follow",false,true,false,false,,noindex,"summary・タグともになし。薄いコンテンツとして noindex,follow（既存方針）。"
/works/1o0n7g6,work,【期間限定　無料お試し版】ケンガンアシュラ,,0,0,https://books.kuras-plus.com/works/1o0n7g6,"noindex,follow",false,true,false,false,,noindex,"summary・タグともになし。薄いコンテンツとして noindex,follow（既存方針）。"
/works/1o0pjmz,work,男子高校生の日常,男子高校生三人組の脱力系日常を描いたギャグ漫画。何気ない日常のシーンをシュールなズレで面白く切り取り、クスっと笑える読み心地が気軽な休憩時間にぴったりの作品。,79,0,https://books.kuras-plus.com/works/1o0pjmz,"index,follow",true,false,false,false,,index,あらすじあり。index対象。
/works/1o0t2oi,work,BE BLUES!〜青になれ〜,,0,0,https://books.kuras-plus.com/works/1o0t2oi,"noindex,follow",false,true,false,false,,noindex,"summary・タグともになし。薄いコンテンツとして noindex,follow（既存方針）。"
/works/1o1811a,work,銀河ヒッチハイク・ガイド,地球が宇宙バイパス建設のために破壊された朝、平凡な英国人アーサー・デントの壮大で馬鹿馬鹿しい銀河の旅が始まる。ダグラス・アダムスが贈るこのSFコメディは、宇宙の,195,0,https://books.kuras-plus.com/works/1o1811a,"index,follow",true,false,false,false,,index,あらすじあり。index対象。
/works/1o1d6s7,work,ぜったい離婚!?と思った時に読む本 : マンガエッセイ,,0,0,https://books.kuras-plus.com/works/1o1d6s7,"noindex,follow",false,true,false,false,,noindex,"summary・タグともになし。薄いコンテンツとして noindex,follow（既存方針）。"
/works/1o1jr1w,work,ヲタクに恋は難しい,,0,0,https://books.kuras-plus.com/works/1o1jr1w,"noindex,follow",false,true,false,false,,noindex,"summary・タグともになし。薄いコンテンツとして noindex,follow（既存方針）。"
/works/1o39tsn,work,烙印,,0,0,https://books.kuras-plus.com/works/1o39tsn,"index,follow",true,false,false,false,,strengthen,タグのみ。あらすじ追記で強化推奨。
/works/1o3s495,work,綾辻行人集,「館」シリーズで新本格ミステリーの旗手となった綾辻行人の作品を集めた、ファン垂涎のコレクション。叙述トリックの名手が仕掛ける巧緻な罠は、何度読んでも感嘆させられ,210,0,https://books.kuras-plus.com/works/1o3s495,"index,follow",true,false,false,false,,index,あらすじあり。index対象。
/works/1o7hlab,work,新装版　ラブひな,,0,0,https://books.kuras-plus.com/works/1o7hlab,"noindex,follow",false,true,false,false,,noindex,"summary・タグともになし。薄いコンテンツとして noindex,follow（既存方針）。"
/works/1o7vhs2,work,六人の嘘つきな大学生,大手企業のグループ面接に挑む6人の就活生が、互いに告発し合う密室心理サスペンスミステリー。就活という現代的な舞台設定と、人間の本質を突く予測不能な展開が話題を呼,91,0,https://books.kuras-plus.com/works/1o7vhs2,"index,follow",true,false,false,false,,index,あらすじあり。index対象。
/works/1o8vkl9,work,とある魔術の禁書目録外典書庫.,,0,0,https://books.kuras-plus.com/works/1o8vkl9,"noindex,follow",false,true,false,false,,noindex,"summary・タグともになし。薄いコンテンツとして noindex,follow（既存方針）。"
/works/1o9zscs,work,琥珀の夏,かつて共に過ごした閉鎖的なコミュニティの記憶と現在が交差する、心理サスペンス的色彩を持つ長篇小説。子ども時代の経験が大人になっても影を落とし続けることを深く問い,91,0,https://books.kuras-plus.com/works/1o9zscs,"index,follow",true,false,false,false,,index,あらすじあり。index対象。
/works/1oa7gkn,work,近代歌舞伎年表 大阪篇 第3巻 (明治二十七年～明治三十五年),,0,0,https://books.kuras-plus.com/works/1oa7gkn,"noindex,follow",false,true,false,false,,noindex,"summary・タグともになし。薄いコンテンツとして noindex,follow（既存方針）。"
/works/1oacvcy,work,地獄先生ぬ〜べ〜S,,0,0,https://books.kuras-plus.com/works/1oacvcy,"noindex,follow",false,true,false,false,,noindex,"summary・タグともになし。薄いコンテンツとして noindex,follow（既存方針）。"
/works/1oaho70,work,風が強く吹いている,寛政大学の古びた学生寮「竹青荘」に暮らす十人の個性豊かな男たち。天才ランナーの清瀬灰二は、彼らを率いて箱根駅伝出場を目指す。素人同然のメンバーで、果たして夢は叶,178,0,https://books.kuras-plus.com/works/1oaho70,"index,follow",true,false,false,false,,index,あらすじあり。index対象。
/works/1oaow47,work,豆の上で眠る,幼い頃に姉が失踪し、代わりに戻ってきた「姉」に違和感を覚え続ける妹の心理を描く湊かなえのサスペンス。家族の絆と疑念が静かに緊張を高め、読者をラストの衝撃へ引き込,91,0,https://books.kuras-plus.com/works/1oaow47,"index,follow",true,false,false,false,,index,あらすじあり。index対象。
/works/1obfjb3,work,六人の笛吹き鬼,,0,0,https://books.kuras-plus.com/works/1obfjb3,"index,follow",true,false,false,false,,strengthen,タグのみ。あらすじ追記で強化推奨。
/works/1obuv4y,work,日本SF傑作選.,,0,0,https://books.kuras-plus.com/works/1obuv4y,"index,follow",true,false,false,false,,strengthen,タグのみ。あらすじ追記で強化推奨。
/works/1ocm23t,work,花野井くんと恋の病,大げさなほど溺愛する彼氏と普通な彼女の微笑ましい恋愛を描いたラブコメ漫画。過剰な愛情表現とほっこりした関係性のギャップが笑いと甘さを生み、胸キュン系少女漫画が好,88,0,https://books.kuras-plus.com/works/1ocm23t,"index,follow",true,false,false,false,,index,あらすじあり。index対象。
/works/1ocxvck,work,【推しの子】,芸能界の光と影をリアルに描いたミステリー&エンタメ漫画。推しのアイドルに転生した子どもたちが芸能界を生き抜く姿を通じ、アイドル・演技・SNSなど現代エンタメの裏,92,0,https://books.kuras-plus.com/works/1ocxvck,"index,follow",true,false,false,false,,index,あらすじあり。index対象。
/works/1odgs5x,work,ABC殺人事件,アルファベット順に予告される連続殺人に挑む名探偵ポワロの傑作。シリアルキラーものの先駆的作品で、心理的サスペンスと知的な謎解きが絶妙なバランスで楽しめるクリステ,90,0,https://books.kuras-plus.com/works/1odgs5x,"index,follow",true,false,false,false,,index,あらすじあり。index対象。
/works/1oefidw,work,地獄先生ぬ～べ～S,霊能力を持つ小学校教師・鵺野鳴介が子どもたちを守るホラーアクション漫画の新章。懐かしのキャラが帰ってきた続編で、オカルトとアクションが融合した大人向けホラー漫画,81,0,https://books.kuras-plus.com/works/1oefidw,"index,follow",true,false,false,false,,index,あらすじあり。index対象。
/works/1oes1o9,work,ジョジョの奇妙な冒険,,0,0,https://books.kuras-plus.com/works/1oes1o9,"noindex,follow",false,true,false,false,,noindex,"summary・タグともになし。薄いコンテンツとして noindex,follow（既存方針）。"
/works/1og1jy5,work,狼と香辛料,行商人ロレンスと狼の化身である少女ホロが、中世ヨーロッパ風の世界を旅しながら商いと経済を巡る冒険を繰り広げる。支倉凍砂のデビュー作で、経済と商売をテーマにした異,126,0,https://books.kuras-plus.com/works/1og1jy5,"index,follow",true,false,false,false,,index,あらすじあり。index対象。
/works/1og1rh4,work,星撃の蒼い魔剣,,0,0,https://books.kuras-plus.com/works/1og1rh4,"noindex,follow",false,true,false,false,,noindex,"summary・タグともになし。薄いコンテンツとして noindex,follow（既存方針）。"
/works/1ohbr6d,work,ガンニバル,,0,0,https://books.kuras-plus.com/works/1ohbr6d,"noindex,follow",false,true,false,false,,noindex,"summary・タグともになし。薄いコンテンツとして noindex,follow（既存方針）。"
/works/1ohd0w1,work,人形館の殺人〈新装改訂版〉,人形をテーマにした異様な館での殺人を描く「館シリーズ」第4弾。ゾッとするような不気味な世界観の中に巧妙なミステリが仕掛けられており、本格推理とホラーの融合を楽し,83,0,https://books.kuras-plus.com/works/1ohd0w1,"index,follow",true,false,false,false,,index,あらすじあり。index対象。
/works/1okq6qs,work,点と線,アリバイの鉄壁を崩すべく刑事が奮闘する松本清張の社会派ミステリの名作。緻密なアリバイトリックと戦後日本社会の暗部を鋭くえぐる描写が融合した、社会派ミステリの金字,82,0,https://books.kuras-plus.com/works/1okq6qs,"index,follow",true,false,false,false,,index,あらすじあり。index対象。
/works/1ol2ukd,work,コミック版 夜行観覧車 ：,,0,0,https://books.kuras-plus.com/works/1ol2ukd,"noindex,follow",false,true,false,false,,noindex,"summary・タグともになし。薄いコンテンツとして noindex,follow（既存方針）。"
/works/1olrhv3,work,自殺島,,0,0,https://books.kuras-plus.com/works/1olrhv3,"noindex,follow",false,true,false,false,,noindex,"summary・タグともになし。薄いコンテンツとして noindex,follow（既存方針）。"
/works/1om0m47,work,異世界チート魔術師,,0,0,https://books.kuras-plus.com/works/1om0m47,"noindex,follow",false,true,false,false,,noindex,"summary・タグともになし。薄いコンテンツとして noindex,follow（既存方針）。"
/works/1oma3wf,work,マンガでわかる福祉住環境コーディネーター2級,,0,0,https://books.kuras-plus.com/works/1oma3wf,"noindex,follow",false,true,false,false,,noindex,"summary・タグともになし。薄いコンテンツとして noindex,follow（既存方針）。"
/works/1omjlar,work,マンガ「種の起源」 : ダーウィンの進化論,,0,0,https://books.kuras-plus.com/works/1omjlar,"noindex,follow",false,true,false,false,,noindex,"summary・タグともになし。薄いコンテンツとして noindex,follow（既存方針）。"
/works/1ommpj7,work,女子高生の無駄づかい,名前の通り「無駄」しかない女子高生の爆笑日常,22,0,https://books.kuras-plus.com/works/1ommpj7,"index,follow",true,false,false,false,,index,あらすじあり。index対象。
/works/1on3zpv,work,青の祓魔師 カラー版,,0,0,https://books.kuras-plus.com/works/1on3zpv,"noindex,follow",false,true,false,false,,noindex,"summary・タグともになし。薄いコンテンツとして noindex,follow（既存方針）。"
/works/1onfnjd,work,【愛蔵版】交響詩篇エウレカセブン (1),,0,0,https://books.kuras-plus.com/works/1onfnjd,"noindex,follow",false,true,false,false,,noindex,"summary・タグともになし。薄いコンテンツとして noindex,follow（既存方針）。"
/works/1onspr5,work,神の左手悪魔の右手,悪夢のような恐怖体験を持つ兄妹を描いたホラー短編集。日常の歪みから滲み出る不気味な恐怖と、楳図かずお独特の世界観が強烈な体験を提供するホラー漫画の傑作。,76,0,https://books.kuras-plus.com/works/1onspr5,"index,follow",true,false,false,false,,index,あらすじあり。index対象。
/works/1ooeasb,work,このライトノベルがすごい!,,0,0,https://books.kuras-plus.com/works/1ooeasb,"index,follow",true,false,false,false,,strengthen,タグのみ。あらすじ追記で強化推奨。
/works/1oqhij4,work,GOTH,,0,0,https://books.kuras-plus.com/works/1oqhij4,"index,follow",true,false,false,false,,strengthen,タグのみ。あらすじ追記で強化推奨。
/works/1oqjg12,work,D.Gray-man,,0,0,https://books.kuras-plus.com/works/1oqjg12,"noindex,follow",false,true,false,false,,noindex,"summary・タグともになし。薄いコンテンツとして noindex,follow（既存方針）。"
/works/1os5fud,work,狂骨の夢,百鬼夜行シリーズ第三弾。骸骨の幻覚に悩む女性の奇妙な事件に京極堂が挑む長編怪奇ミステリ。幾重もの謎と登場人物の心理描写が精緻に重なる、京極ワールド全開の大作。,79,0,https://books.kuras-plus.com/works/1os5fud,"index,follow",true,false,false,false,,index,あらすじあり。index対象。
/works/1ot7kj2,work,啄木鳥探偵處,,0,0,https://books.kuras-plus.com/works/1ot7kj2,"index,follow",true,false,false,false,,strengthen,タグのみ。あらすじ追記で強化推奨。
/works/1oti5me,work,戦国武将国盗り物語,,0,0,https://books.kuras-plus.com/works/1oti5me,"index,follow",true,false,false,false,,strengthen,タグのみ。あらすじ追記で強化推奨。
/works/1oui8jh,work,意外な犯人 : 犯人当て小説傑作選,綾辻行人ほか豪華作家陣による犯人当て短編を集めたアンソロジー。読んでから誰が犯人か当ててみる参加型の楽しみ方が新鮮で、ミステリ入門にも最適な傑作選。,74,0,https://books.kuras-plus.com/works/1oui8jh,"index,follow",true,false,false,false,,index,あらすじあり。index対象。
/works/1ov0gtm,work,蔵六の奇病,,0,0,https://books.kuras-plus.com/works/1ov0gtm,"noindex,follow",false,true,false,false,,noindex,"summary・タグともになし。薄いコンテンツとして noindex,follow（既存方針）。"
/works/1ow0x84,work,るろうに剣心―明治剣客浪漫譚・北海道編―,,0,0,https://books.kuras-plus.com/works/1ow0x84,"noindex,follow",false,true,false,false,,noindex,"summary・タグともになし。薄いコンテンツとして noindex,follow（既存方針）。"
/works/1owbyr9,work,AKIRA,近未来の崩壊した東京を舞台に、超能力者の少年たちと社会の崩壊を描く大友克洋の不朽の名作SF漫画。圧倒的な画力と壮大なスケールの物語は世界の漫画・映画に多大な影響,85,0,https://books.kuras-plus.com/works/1owbyr9,"index,follow",true,false,false,false,,index,あらすじあり。index対象。
/works/1oyoxyx,work,学校怪談（15）,,0,0,https://books.kuras-plus.com/works/1oyoxyx,"noindex,follow",false,true,false,false,,noindex,"summary・タグともになし。薄いコンテンツとして noindex,follow（既存方針）。"
/works/1p0k7y0,work,望郷太郎,文明崩壊後の世界で目覚めた男が故郷を目指す壮大な旅を描いたSF冒険漫画。山田芳裕らしい緻密な世界観構築と人間観察が光る、スケールの大きな読み応え抜群の大人向け作,82,0,https://books.kuras-plus.com/works/1p0k7y0,"index,follow",true,false,false,false,,index,あらすじあり。index対象。
/works/1p119na,work,かぐや様は告らせたい : 天才たちの恋愛頭脳戦 : まんがノベライズ 恋のバトルのはじまり編,,0,0,https://books.kuras-plus.com/works/1p119na,"noindex,follow",false,true,false,false,,noindex,"summary・タグともになし。薄いコンテンツとして noindex,follow（既存方針）。"
/works/1p1yj5c,work,ちはやふる　ｐｌｕｓ　きみがため,,0,0,https://books.kuras-plus.com/works/1p1yj5c,"noindex,follow",false,true,false,false,,noindex,"summary・タグともになし。薄いコンテンツとして noindex,follow（既存方針）。"
/works/1p1yjbt,work,笑わない数学者,孤高の数学者と名作彫刻をめぐる謎に犀川と萌絵が挑むS&Mシリーズ第三弾。数学的な美しさと緻密な論理が融合した、知的刺激に満ちた森博嗣ならではの本格ミステリ小説。,80,0,https://books.kuras-plus.com/works/1p1yjbt,"index,follow",true,false,false,false,,index,あらすじあり。index対象。
/works/1p3apoo,work,億男,,0,0,https://books.kuras-plus.com/works/1p3apoo,"index,follow",true,false,false,false,,strengthen,タグのみ。あらすじ追記で強化推奨。
/works/1p77bes,work,あずまんが大王,個性豊かな女子高生たちの日常を4コマ形式で描いた日常系コメディ漫画の金字塔。脱力系のほんわかした笑いと愛らしいキャラクターが魅力で、日常系・萌え系コメディの原点,91,0,https://books.kuras-plus.com/works/1p77bes,"index,follow",true,false,false,false,,index,あらすじあり。index対象。
/works/1p8k18d,work,レベル,超常的な力を持つ人々をめぐる謎を描いた宮部みゆきのエスパーミステリ小説。日常とSF的な設定が混在する独特の世界観と、宮部みゆきらしいやさしい人間描写が楽しめる異,85,0,https://books.kuras-plus.com/works/1p8k18d,"index,follow",true,false,false,false,,index,あらすじあり。index対象。
/works/1p9mo40,work,ましろのおと,,0,0,https://books.kuras-plus.com/works/1p9mo40,"noindex,follow",false,true,false,false,,noindex,"summary・タグともになし。薄いコンテンツとして noindex,follow（既存方針）。"
/works/1p9rxzw,work,トモダチゲーム,,0,0,https://books.kuras-plus.com/works/1p9rxzw,"noindex,follow",false,true,false,false,,noindex,"summary・タグともになし。薄いコンテンツとして noindex,follow（既存方針）。"
/works/1p9s26u,work,ましろのおと,,0,0,https://books.kuras-plus.com/works/1p9s26u,"noindex,follow",false,true,false,false,,noindex,"summary・タグともになし。薄いコンテンツとして noindex,follow（既存方針）。"
/works/1pcbozy,work,"再见了,伊藤君",,0,0,https://books.kuras-plus.com/works/1pcbozy,"index,follow",true,false,false,false,,strengthen,タグのみ。あらすじ追記で強化推奨。
/works/1pcg5f7,work,ＤＥＡＲ　ＢＯＹＳ　ＡＣＴ　３（9）,,0,0,https://books.kuras-plus.com/works/1pcg5f7,"noindex,follow",false,true,false,false,,noindex,"summary・タグともになし。薄いコンテンツとして noindex,follow（既存方針）。"
/works/1pcii68,work,【話販売】運命の人に出会う話　第１話　運命…？,,0,0,https://books.kuras-plus.com/works/1pcii68,"noindex,follow",false,true,false,false,,noindex,"summary・タグともになし。薄いコンテンツとして noindex,follow（既存方針）。"
/works/1pdv5r1,work,「世界内戦」とわずかな希望 : 伊藤計劃・SF・現代文学,早逝のSF作家・伊藤計劃の作品世界を軸に、現代文学との接点を論じた批評書。SFの持つ批評性と文学性を深く掘り下げ、思索的な読書を楽しみたい人に向けた一冊。,77,0,https://books.kuras-plus.com/works/1pdv5r1,"index,follow",true,false,false,false,,index,あらすじあり。index対象。
/works/1pf3a0b,work,平和の国の島崎へ,平和な日常を送る元凄腕工作員を主人公にしたサスペンスアクション漫画。静かな日常に潜む緊張感と、その隙間から覗くキャラクターの過去が独特の読み応えを生む大人向け作,82,0,https://books.kuras-plus.com/works/1pf3a0b,"index,follow",true,false,false,false,,index,あらすじあり。index対象。
/works/1pfcr52,work,封神演義 カラー版,,0,0,https://books.kuras-plus.com/works/1pfcr52,"noindex,follow",false,true,false,false,,noindex,"summary・タグともになし。薄いコンテンツとして noindex,follow（既存方針）。"
/works/1pfgqp1,work,マッシュル-MASHLE-,,0,0,https://books.kuras-plus.com/works/1pfgqp1,"index,follow",true,false,false,false,,strengthen,タグのみ。あらすじ追記で強化推奨。
/works/1pi9d0q,work,冒険王ビィト,,0,0,https://books.kuras-plus.com/works/1pi9d0q,"noindex,follow",false,true,false,false,,noindex,"summary・タグともになし。薄いコンテンツとして noindex,follow（既存方針）。"
/works/1piith1,work,東野圭吾というミステリー : 無限に広がる国民的人気作家の世界を解読する！,なぜ東野圭吾はこれほど多くの読者を惹きつけるのか。国民的ミステリー作家の魅力を多角的に分析・解読するガイドブック。作品の系譜、テーマの変遷、トリックの独自性、映,210,0,https://books.kuras-plus.com/works/1piith1,"index,follow",true,false,false,false,,index,あらすじあり。index対象。
/works/1pjey01,work,よつばと!(14),,0,0,https://books.kuras-plus.com/works/1pjey01,"noindex,follow",false,true,false,false,,noindex,"summary・タグともになし。薄いコンテンツとして noindex,follow（既存方針）。"
/works/1pkrrep,work,Re:ゼロから始める異世界生活.,,0,0,https://books.kuras-plus.com/works/1pkrrep,"noindex,follow",false,true,false,false,,noindex,"summary・タグともになし。薄いコンテンツとして noindex,follow（既存方針）。"
/works/1plne5b,work,月光ゲーム,学生アリスシリーズ第一弾。孤立した山荘で起きる密室殺人に学生探偵が挑む正統派本格ミステリ。青春の雰囲気と本格謎解きの緊張感が程よくブレンドされた、シリーズ入門に,86,0,https://books.kuras-plus.com/works/1plne5b,"index,follow",true,false,false,false,,index,あらすじあり。index対象。
/works/1poppuo,work,ソードアート・オンライン プログレッシブ,,0,0,https://books.kuras-plus.com/works/1poppuo,"index,follow",true,false,false,false,,strengthen,タグのみ。あらすじ追記で強化推奨。
/works/1ppgxwg,work,昭和元禄落語心中,昭和から現代へと続く落語家たちの生涯と落語への愛を描いた芸能ヒューマン漫画。落語の世界の深さと昭和の情緒を感じさせる物語で、伝統芸能や大人の人間ドラマに興味のあ,90,0,https://books.kuras-plus.com/works/1ppgxwg,"index,follow",true,false,false,false,,index,あらすじあり。index対象。
/works/1prjthp,work,獣の奏者,闘蛇を操る母を失った少女エリンが、王獣と呼ばれる神秘的な生き物と心を通わせながら、国の運命を揺るがす真実に近づいていく。上橋菜穂子が描く人と獣の絆の物語は、生態,131,0,https://books.kuras-plus.com/works/1prjthp,"index,follow",true,false,false,false,,index,あらすじあり。index対象。
/works/1pviejf,work,完本池波正太郎大成 第5巻 (鬼平犯科帳 2),,0,0,https://books.kuras-plus.com/works/1pviejf,"noindex,follow",false,true,false,false,,noindex,"summary・タグともになし。薄いコンテンツとして noindex,follow（既存方針）。"
/works/1pyvn1d,work,剣客商売,,0,0,https://books.kuras-plus.com/works/1pyvn1d,"noindex,follow",false,true,false,false,,noindex,"summary・タグともになし。薄いコンテンツとして noindex,follow（既存方針）。"
/works/1pzuocv,work,ＵＱ　ＨＯＬＤＥＲ！,,0,0,https://books.kuras-plus.com/works/1pzuocv,"noindex,follow",false,true,false,false,,noindex,"summary・タグともになし。薄いコンテンツとして noindex,follow（既存方針）。"
/works/1q04hqa,work,魁！！男塾【分冊版】,,0,0,https://books.kuras-plus.com/works/1q04hqa,"noindex,follow",false,true,false,false,,noindex,"summary・タグともになし。薄いコンテンツとして noindex,follow（既存方針）。"
/works/1q0bjfi,work,日本沈没,地殻変動により日本列島が海中に沈む——小松左京が科学的考証に基づいて描いた空前のディザスターSF。国土を失うとき、一億の民はどこへ向かうのか。地震学、地球物理学,193,0,https://books.kuras-plus.com/works/1q0bjfi,"index,follow",true,false,false,false,,index,あらすじあり。index対象。
/works/1q0nwof,work,キン肉マン,正義の超人キン肉マンが様々な悪役超人と戦う少年プロレス漫画の元祖。ユニークな超人たちのド迫力バトルと抱腹絶倒のユーモアが融合したジャンプ黄金期の名作で、今も続編,88,0,https://books.kuras-plus.com/works/1q0nwof,"index,follow",true,false,false,false,,index,あらすじあり。index対象。
/works/1q0zyzo,work,スライム倒して300年、知らないうちにレベルMAXになってました,,0,0,https://books.kuras-plus.com/works/1q0zyzo,"noindex,follow",false,true,false,false,,noindex,"summary・タグともになし。薄いコンテンツとして noindex,follow（既存方針）。"
/works/1q416ce,work,<縁切り荘>の花嫁,不思議な名前を持つ「縁切り荘」を舞台にした赤川次郎のサスペンス。著者お得意のコミカルな雰囲気の中に謎とスリルを盛り込み、軽快に読み進められる娯楽小説。,75,0,https://books.kuras-plus.com/works/1q416ce,"index,follow",true,false,false,false,,index,あらすじあり。index対象。
/works/1q5nomh,work,ずうのめ人形,原稿を読んだ者のもとに現れる、赤い糸で綴じられた不気味な人形。読み進めるほどに人形は近づき、逃れる術はない——。澤村伊智の「比嘉姉妹」シリーズに連なる本作は、都,185,0,https://books.kuras-plus.com/works/1q5nomh,"index,follow",true,false,false,false,,index,あらすじあり。index対象。
/works/1q5xb60,work,無限の住人,江戸時代を舞台にした本格時代劇漫画。不死身の剣客が主人公の重厚なストーリーと圧倒的な剣戟描写が融合した大人向けダークファンタジー時代劇で、剣劇好きに強く推したい,83,0,https://books.kuras-plus.com/works/1q5xb60,"index,follow",true,false,false,false,,index,あらすじあり。index対象。
/works/1q6fvhe,work,余命10年,数万人に一人という不治の病を宣告された二十歳の茉莉。残された時間は、あと十年。死を意識しながらも懸命に日々を生きる彼女は、やがて一人の男性と出会い、恋に落ちる。,175,0,https://books.kuras-plus.com/works/1q6fvhe,"index,follow",true,false,false,false,,index,あらすじあり。index対象。
/works/1q6ppjv,work,巻き込まれて異世界転移する奴は、大抵チート,,0,0,https://books.kuras-plus.com/works/1q6ppjv,"noindex,follow",false,true,false,false,,noindex,"summary・タグともになし。薄いコンテンツとして noindex,follow（既存方針）。"
/works/1q7fj11,work,血の轍,,0,0,https://books.kuras-plus.com/works/1q7fj11,"noindex,follow",false,true,false,false,,noindex,"summary・タグともになし。薄いコンテンツとして noindex,follow（既存方針）。"
/works/1q7jp60,work,シャーロック・ホームズの冒険,世界最高の名探偵シャーロック・ホームズが活躍する短編集の第1弾。鋭い観察眼と論理的思考で次々と難事件を解決する痛快な推理物語。ミステリ入門にも最適な不朽の古典。,80,0,https://books.kuras-plus.com/works/1q7jp60,"index,follow",true,false,false,false,,index,あらすじあり。index対象。
/works/1q8174p,work,Jミステリー. 2022SPRING,,0,0,https://books.kuras-plus.com/works/1q8174p,"index,follow",true,false,false,false,,strengthen,タグのみ。あらすじ追記で強化推奨。
/works/1q81f0f,work,完全改訂版奇想、天を動かす,「奇想、天を動かす」の完全改訂版。社会的弱者の悲哀と壮大なトリックが融合した御手洗潔シリーズの代表作が、著者自身の手によって磨き上げられた決定版として蘇った本格,88,0,https://books.kuras-plus.com/works/1q81f0f,"index,follow",true,false,false,false,,index,あらすじあり。index対象。
/works/1q9n90s,work,聖女の救済,加賀恭一郎シリーズの東野圭吾作品として知られる、犯行方法が謎のまま始まる倒叙推理小説。完全犯罪を目論む人物の心理と刑事の鋭い推理が交錯する、論理的に構築された傑,86,0,https://books.kuras-plus.com/works/1q9n90s,"index,follow",true,false,false,false,,index,あらすじあり。index対象。
/works/1qamz7s,work,自生の夢,言葉そのものが凶器となり、情報が物理世界を侵食する——飛浩隆が描く硬質なSF短編集は、読者の想像力の限界を試すかのような濃密さに満ちている。表題作「自生の夢」を,182,0,https://books.kuras-plus.com/works/1qamz7s,"index,follow",true,false,false,false,,index,あらすじあり。index対象。
/works/1qbw19i,work,暁のヨナ【通常版】,,0,0,https://books.kuras-plus.com/works/1qbw19i,"noindex,follow",false,true,false,false,,noindex,"summary・タグともになし。薄いコンテンツとして noindex,follow（既存方針）。"
/works/1qcbtqi,work,覚悟のススメ（3）,,0,0,https://books.kuras-plus.com/works/1qcbtqi,"noindex,follow",false,true,false,false,,noindex,"summary・タグともになし。薄いコンテンツとして noindex,follow（既存方針）。"
/works/1qci2ij,work,リバース,ある事故を境に変化していく人間関係とじわじわ迫る恐怖を描く湊かなえのサスペンス。淡々と語られる日常の中に仕掛けられた謎と不気味さが読者の不安を煽り、ラストに向け,91,0,https://books.kuras-plus.com/works/1qci2ij,"index,follow",true,false,false,false,,index,あらすじあり。index対象。
/works/1qco1zn,work,神様のカルテ.,,0,0,https://books.kuras-plus.com/works/1qco1zn,"noindex,follow",false,true,false,false,,noindex,"summary・タグともになし。薄いコンテンツとして noindex,follow（既存方針）。"
/works/1qdawmr,work,ドロヘドロ,謎の魔法使いによって爬虫類の頭にされた男が自分の素顔を取り戻す旅を描くダークコメディ漫画。独特のグロテスクなビジュアルと不思議なユーモアが同居する唯一無二の作品,81,0,https://books.kuras-plus.com/works/1qdawmr,"index,follow",true,false,false,false,,index,あらすじあり。index対象。
/works/1qdy0z3,work,バトルスタディーズ,PL学園をモデルにした名門高校野球部の日常と葛藤を描いた野球漫画。厳しい練習と青春の輝きがリアルに描かれ、野球好きはもちろん部活経験者なら誰もが共感できるヒュー,86,0,https://books.kuras-plus.com/works/1qdy0z3,"index,follow",true,false,false,false,,index,あらすじあり。index対象。
/works/1qei7ac,work,ニセコイ,ヤクザの息子と組長の娘が偽の恋人を演じるラブコメ少年漫画。個性豊かなヒロインたちとのドタバタな掛け合いが楽しく、恋愛と笑いのバランスが取れた読みやすい作品。,78,0,https://books.kuras-plus.com/works/1qei7ac,"index,follow",true,false,false,false,,index,あらすじあり。index対象。
/works/1qejcdd,work,冷たい密室と博士たち,極寒の閉鎖研究施設で起きる密室事件を犀川と萌絵が解くS&Mシリーズ第二弾。極限の密室状況と知的でクールな謎解きが味わえる、森博嗣本格ミステリの醍醐味が詰まった一,82,0,https://books.kuras-plus.com/works/1qejcdd,"index,follow",true,false,false,false,,index,あらすじあり。index対象。
/works/1qewxai,work,美味しんぼ,,0,0,https://books.kuras-plus.com/works/1qewxai,"noindex,follow",false,true,false,false,,noindex,"summary・タグともになし。薄いコンテンツとして noindex,follow（既存方針）。"
/works/1qhw6g8,work,文蔵 2012.2,2012年冬の文芸シーンを映し出す「文蔵」2月号。季節にふさわしい物語やエッセイが収められ、冬の静けさの中で味わう読書の喜びを体現している。実力派から新進気鋭ま,210,0,https://books.kuras-plus.com/works/1qhw6g8,"index,follow",true,false,false,false,,index,あらすじあり。index対象。
/works/1qikiym,work,鬼灯の冷徹,,0,0,https://books.kuras-plus.com/works/1qikiym,"noindex,follow",false,true,false,false,,noindex,"summary・タグともになし。薄いコンテンツとして noindex,follow（既存方針）。"
/works/1qiqw8g,work,確かに恋だった : お題で紡ぐエモーショナルBLコミックアンソロジー,,0,0,https://books.kuras-plus.com/works/1qiqw8g,"noindex,follow",false,true,false,false,,noindex,"summary・タグともになし。薄いコンテンツとして noindex,follow（既存方針）。"
/works/1qjifha,work,超人ロック 完全版 魔女の世紀,,0,0,https://books.kuras-plus.com/works/1qjifha,"noindex,follow",false,true,false,false,,noindex,"summary・タグともになし。薄いコンテンツとして noindex,follow（既存方針）。"
/works/1qk9so3,work,朝が来る,特別養子縁組で子どもを迎えた夫婦と、産んだ母の視点を交錯させた感動の長編小説。家族とは何かを深く問いながら生命の尊さと人間の再生を描く辻村深月の代表的傑作ヒュー,86,0,https://books.kuras-plus.com/works/1qk9so3,"index,follow",true,false,false,false,,index,あらすじあり。index対象。
/works/1qkpg46,work,カラクリ荘の異人たち : もしくは賽河原町奇談,,0,0,https://books.kuras-plus.com/works/1qkpg46,"index,follow",true,false,false,false,,strengthen,タグのみ。あらすじ追記で強化推奨。
/works/1ql498e,work,Giant Killing,弱小プロサッカークラブの再建に挑む型破りな監督と選手たちを描くサッカー漫画。戦術の面白さとチーム再生のドラマが細かく描かれた、大人のサッカーファン必読の本格スポ,85,0,https://books.kuras-plus.com/works/1ql498e,"index,follow",true,false,false,false,,index,あらすじあり。index対象。
/works/1ql5335,work,陰の実力者になりたくて! (15),,0,0,https://books.kuras-plus.com/works/1ql5335,"noindex,follow",false,true,false,false,,noindex,"summary・タグともになし。薄いコンテンツとして noindex,follow（既存方針）。"
/works/1ql7nat,work,ＢＥＣＫ　新装版,,0,0,https://books.kuras-plus.com/works/1ql7nat,"noindex,follow",false,true,false,false,,noindex,"summary・タグともになし。薄いコンテンツとして noindex,follow（既存方針）。"
/works/1qno5eo,work,ゆびさきと恋々　プチデザ,,0,0,https://books.kuras-plus.com/works/1qno5eo,"noindex,follow",false,true,false,false,,noindex,"summary・タグともになし。薄いコンテンツとして noindex,follow（既存方針）。"
/works/1qns5vm,work,よつばと!(15),,0,0,https://books.kuras-plus.com/works/1qns5vm,"noindex,follow",false,true,false,false,,noindex,"summary・タグともになし。薄いコンテンツとして noindex,follow（既存方針）。"
/works/1qoimxe,work,キャッツアイ,,0,0,https://books.kuras-plus.com/works/1qoimxe,"noindex,follow",false,true,false,false,,noindex,"summary・タグともになし。薄いコンテンツとして noindex,follow（既存方針）。"
/works/1qp5562,work,Dr.スランプ,天才博士が作ったロボット少女アラレちゃんがペンギン村で巻き起こすドタバタギャグ漫画。鳥山明の笑いのセンスが爆発した国民的ギャグ漫画で、子どもから大人まで笑いに包,89,0,https://books.kuras-plus.com/works/1qp5562,"index,follow",true,false,false,false,,index,あらすじあり。index対象。
/works/1qqyodz,work,海坂藩の侍たち,,0,0,https://books.kuras-plus.com/works/1qqyodz,"index,follow",true,false,false,false,,strengthen,タグのみ。あらすじ追記で強化推奨。
/works/1qriagn,work,2020年の恋人たち,,0,0,https://books.kuras-plus.com/works/1qriagn,"index,follow",true,false,false,false,,strengthen,タグのみ。あらすじ追記で強化推奨。
/works/1qrnahz,work,銀漢の賦,,0,0,https://books.kuras-plus.com/works/1qrnahz,"noindex,follow",false,true,false,false,,noindex,"summary・タグともになし。薄いコンテンツとして noindex,follow（既存方針）。"
/works/1qsz2jf,work,夏目友人帳,あやかしの名前が記された「友人帳」を持つ少年と妖怪たちの交流を描いた和風ファンタジー漫画。一話ごとに完結する温かいエピソードと繊細な感情描写が心に沁み、幅広い読,92,0,https://books.kuras-plus.com/works/1qsz2jf,"index,follow",true,false,false,false,,index,あらすじあり。index対象。
/works/1qwpben,work,コンビニ人間,36歳未婚、コンビニのアルバイト歴18年。社会の「普通」に馴染めない主人公・恵子が、コンビニという場所でだけ「世界の正常な部品」になれる物語。村田沙耶香が芥川賞,127,0,https://books.kuras-plus.com/works/1qwpben,"index,follow",true,false,false,false,,index,あらすじあり。index対象。
/works/1qwyf11,work,斉木楠雄のΨ難,,0,0,https://books.kuras-plus.com/works/1qwyf11,"noindex,follow",false,true,false,false,,noindex,"summary・タグともになし。薄いコンテンツとして noindex,follow（既存方針）。"
/works/1qxxo7v,work,D.Gray-man v.10,,0,0,https://books.kuras-plus.com/works/1qxxo7v,"noindex,follow",false,true,false,false,,noindex,"summary・タグともになし。薄いコンテンツとして noindex,follow（既存方針）。"
/works/1qy7jn1,work,作家小説,小説家という職業を内側から描いた異色の作品集。創作の苦しみや喜び、物語を生む人間の営みを、ミステリ作家ならではの鋭い視点で綴った独特の読み味の連作短編。,76,0,https://books.kuras-plus.com/works/1qy7jn1,"index,follow",true,false,false,false,,index,あらすじあり。index対象。
/works/1qy81hk,work,ヒストリエ,アレクサンドロス大王の秘書官の一生を描く古代ギリシア叙事詩,29,0,https://books.kuras-plus.com/works/1qy81hk,"index,follow",true,false,false,false,,index,あらすじあり。index対象。
/works/1qzf68p,work,創元SF文庫総解説,東京創元社のSF文庫作品を網羅した解説・ガイドブック。SFの名作・傑作を探したいすべての読者にとって、次の一冊を見つけるための頼れるナビゲーター的存在。,76,0,https://books.kuras-plus.com/works/1qzf68p,"index,follow",true,false,false,false,,index,あらすじあり。index対象。
/works/1qznmx7,work,64(ロクヨン),昭和64年に起きた誘拐殺人事件と、現在進行する新たな事件が絡み合う警察小説。広報官として組織と闘う主人公の苦悩を通じ、警察組織の内部と人間のあり方を深く問う社会,90,0,https://books.kuras-plus.com/works/1qznmx7,"index,follow",true,false,false,false,,index,あらすじあり。index対象。
/works/1qzofg2,work,ハチミツとクローバー,,0,0,https://books.kuras-plus.com/works/1qzofg2,"noindex,follow",false,true,false,false,,noindex,"summary・タグともになし。薄いコンテンツとして noindex,follow（既存方針）。"
/works/1r12bdu,work,百合星人ナオコサン,,0,0,https://books.kuras-plus.com/works/1r12bdu,"noindex,follow",false,true,false,false,,noindex,"summary・タグともになし。薄いコンテンツとして noindex,follow（既存方針）。"
/works/1r1wy8o,work,金色のガッシュ！！ 完全版（10）,,0,0,https://books.kuras-plus.com/works/1r1wy8o,"noindex,follow",false,true,false,false,,noindex,"summary・タグともになし。薄いコンテンツとして noindex,follow（既存方針）。"
/works/1r1yeew,work,青春ブタ野郎はゆめみる少女の夢を見ない.,,0,0,https://books.kuras-plus.com/works/1r1yeew,"noindex,follow",false,true,false,false,,noindex,"summary・タグともになし。薄いコンテンツとして noindex,follow（既存方針）。"
/works/1r22kt9,work,ソードアート・オンラインプログレッシブ冥き夕闇のスケルツォ = SWORD ART ONLINE PROGRESSIVE Nether Twilight of Scherzo,,0,0,https://books.kuras-plus.com/works/1r22kt9,"noindex,follow",false,true,false,false,,noindex,"summary・タグともになし。薄いコンテンツとして noindex,follow（既存方針）。"
/works/1r3vxsn,work,天地明察,江戸時代、日本独自の暦を作るという壮大な挑戦に挑んだ実在の天文学者・渋川春海の半生を描く。冲方丁が本屋大賞を受賞した歴史エンターテインメント小説。数学と天文学へ,129,0,https://books.kuras-plus.com/works/1r3vxsn,"index,follow",true,false,false,false,,index,あらすじあり。index対象。
/works/1r4112j,work,スクールランブル,,0,0,https://books.kuras-plus.com/works/1r4112j,"noindex,follow",false,true,false,false,,noindex,"summary・タグともになし。薄いコンテンツとして noindex,follow（既存方針）。"
/works/1r4l70q,work,魔女の旅々,,0,0,https://books.kuras-plus.com/works/1r4l70q,"noindex,follow",false,true,false,false,,noindex,"summary・タグともになし。薄いコンテンツとして noindex,follow（既存方針）。"
/works/1r4zopm,work,この素晴らしい世界に祝福を! 1,ゲームの世界に転生した少年と個性豊かすぎる仲間たちのドタバタ異世界コメディ漫画。笑いとアクションのバランスが絶妙で、気軽に楽しめる異世界漫画の代表的ヒット作。,79,0,https://books.kuras-plus.com/works/1r4zopm,"index,follow",true,false,false,false,,index,あらすじあり。index対象。
/works/1r64h8z,work,新ブラックジャックによろしく６,医療現場のリアルを描いた社会派医療漫画シリーズの一巻。現代医療の矛盾や医師の葛藤をデータとドラマで描く、医療の現実を知りたい大人に向けた問題提起作品。,75,0,https://books.kuras-plus.com/works/1r64h8z,"index,follow",true,false,false,false,,index,あらすじあり。index対象。
/works/1r68u2l,work,夢幻花,禁じられた黄色い朝顔——江戸時代に栽培が禁止されたはずの花が、現代に姿を現した。一人の老人の不審な死と、幻の花をめぐる謎が、過去と現在を結びつけていく。なぜ黄色,182,0,https://books.kuras-plus.com/works/1r68u2l,"index,follow",true,false,false,false,,index,あらすじあり。index対象。
/works/1r6o1a5,work,図書館内乱,,0,0,https://books.kuras-plus.com/works/1r6o1a5,"index,follow",true,false,false,false,,strengthen,タグのみ。あらすじ追記で強化推奨。
/works/1r77zp2,work,バクマン。 モノクロ版,,0,0,https://books.kuras-plus.com/works/1r77zp2,"noindex,follow",false,true,false,false,,noindex,"summary・タグともになし。薄いコンテンツとして noindex,follow（既存方針）。"
/works/1r7geub,work,SPY×FAMILY,スパイが家族を演じるために集めた偽家族が、それぞれ秘密を抱えながら絆を育てるファミリーコメディ漫画。笑いあり感動ありのホームドラマとして、子どもから大人まで楽し,89,0,https://books.kuras-plus.com/works/1r7geub,"index,follow",true,false,false,false,,index,あらすじあり。index対象。
/works/1rb0xf9,work,一ノ瀬家の大罪,,0,0,https://books.kuras-plus.com/works/1rb0xf9,"noindex,follow",false,true,false,false,,noindex,"summary・タグともになし。薄いコンテンツとして noindex,follow（既存方針）。"
/works/1rd8ytg,work,GANTZ:E,,0,0,https://books.kuras-plus.com/works/1rd8ytg,"noindex,follow",false,true,false,false,,noindex,"summary・タグともになし。薄いコンテンツとして noindex,follow（既存方針）。"
/works/1rdwts2,work,ハイキュー!! ショーセツバン!!,,0,0,https://books.kuras-plus.com/works/1rdwts2,"noindex,follow",false,true,false,false,,noindex,"summary・タグともになし。薄いコンテンツとして noindex,follow（既存方針）。"
/works/1reo85m,work,夜は短し歩けよ乙女,京都を舞台に、天真爛漫な「黒髪の乙女」と彼女を追いかける「先輩」の奇妙で愉快な一夜の冒険を描く幻想的ラブコメ。独特の文体と不思議な世界観が魅力の、森見登美彦の代,85,0,https://books.kuras-plus.com/works/1reo85m,"index,follow",true,false,false,false,,index,あらすじあり。index対象。
/works/1rf0jnk,work,オリエント急行殺人事件,雪に閉ざされた豪華列車内で起きた密室殺人に、名探偵エルキュール・ポワロが挑むミステリーの古典。推理小説の女王アガサ・クリスティが仕掛けた鮮やかすぎる解決が読者を,92,0,https://books.kuras-plus.com/works/1rf0jnk,"index,follow",true,false,false,false,,index,あらすじあり。index対象。
/works/1rfmqex,work,カズオ・イシグロ『わたしを離さないで』を読む,,0,0,https://books.kuras-plus.com/works/1rfmqex,"noindex,follow",false,true,false,false,,noindex,"summary・タグともになし。薄いコンテンツとして noindex,follow（既存方針）。"
/works/1rgo6sx,work,芦屋山手 お道具迎賓館（コミック）１,,0,0,https://books.kuras-plus.com/works/1rgo6sx,"noindex,follow",false,true,false,false,,noindex,"summary・タグともになし。薄いコンテンツとして noindex,follow（既存方針）。"
/works/1rhbjjo,work,もういっぽん!,,0,0,https://books.kuras-plus.com/works/1rhbjjo,"noindex,follow",false,true,false,false,,noindex,"summary・タグともになし。薄いコンテンツとして noindex,follow（既存方針）。"
/works/1riftej,work,八男って、それはないでしょう! みそっかす -episode.エリーゼ-,,0,0,https://books.kuras-plus.com/works/1riftej,"noindex,follow",false,true,false,false,,noindex,"summary・タグともになし。薄いコンテンツとして noindex,follow（既存方針）。"
/works/1rizvc7,work,クローズ,,0,0,https://books.kuras-plus.com/works/1rizvc7,"noindex,follow",false,true,false,false,,noindex,"summary・タグともになし。薄いコンテンツとして noindex,follow（既存方針）。"
/works/1rl699d,work,亜人,死んでも蘇る「亜人」として覚醒した少年が逃走と戦いに巻き込まれるSFアクション漫画。亜人という存在を通して人権・差別・恐怖を問いかける骨太なSFサスペンス。,78,0,https://books.kuras-plus.com/works/1rl699d,"index,follow",true,false,false,false,,index,あらすじあり。index対象。
/works/1rmb8kn,work,天才バカボン,「これでいいのだ」と叫ぶパパとバカボンの家族が繰り広げるナンセンスギャグ漫画の金字塔。赤塚不二夫の自由奔放な笑いのセンスが炸裂した昭和ギャグ漫画の代表作で、今も,90,0,https://books.kuras-plus.com/works/1rmb8kn,"index,follow",true,false,false,false,,index,あらすじあり。index対象。
/works/1rmuzaj,work,ハリー・ポッターと賢者の石,魔法使いの少年ハリー・ポッターがホグワーツ魔法魔術学校に入学し、ヴォルデモートの陰謀と戦う冒険を描いた世界的ベストセラーシリーズの第一作。全世界5億部超えの不朽,84,0,https://books.kuras-plus.com/works/1rmuzaj,"index,follow",true,false,false,false,,index,あらすじあり。index対象。
/works/1rnpsns,work,1日1話 366日の感動物語 ②7月1日～9月30日,,0,0,https://books.kuras-plus.com/works/1rnpsns,"index,follow",true,false,false,false,,strengthen,タグのみ。あらすじ追記で強化推奨。
/works/1rpl820,work,れっつ!ハイキュー!? = LET'S! HAIKYU!?,,0,0,https://books.kuras-plus.com/works/1rpl820,"noindex,follow",false,true,false,false,,noindex,"summary・タグともになし。薄いコンテンツとして noindex,follow（既存方針）。"
/works/1rtu53q,work,ハカイジュウ（8）,,0,0,https://books.kuras-plus.com/works/1rtu53q,"noindex,follow",false,true,false,false,,noindex,"summary・タグともになし。薄いコンテンツとして noindex,follow（既存方針）。"
/works/1rukc51,work,ノーゲーム・ノーライフ,,0,0,https://books.kuras-plus.com/works/1rukc51,"index,follow",true,false,false,false,,strengthen,タグのみ。あらすじ追記で強化推奨。
/works/1rv2wxf,work,陰の実力者になりたくて！【分冊版】,,0,0,https://books.kuras-plus.com/works/1rv2wxf,"noindex,follow",false,true,false,false,,noindex,"summary・タグともになし。薄いコンテンツとして noindex,follow（既存方針）。"
/works/1rvqg5s,work,分冊文庫版絡新婦の理,蜘蛛の巣のように張り巡らされた謎を京極堂が解く百鬼夜行シリーズ第五弾の分冊文庫版。複数の事件が複雑に絡み合いながら収束する構成が圧巻で、シリーズ随一の完成度を誇,89,0,https://books.kuras-plus.com/works/1rvqg5s,"index,follow",true,false,false,false,,index,あらすじあり。index対象。
/works/1rvx8la,work,あるキング,野球の神に愛された少年の孤独な運命を描く伊坂幸太郎の異色作。スポーツを題材にしながらも哲学的なテーマを持ち、「才能とは何か」「選ばれることの意味」を問いかける深,87,0,https://books.kuras-plus.com/works/1rvx8la,"index,follow",true,false,false,false,,index,あらすじあり。index対象。
/works/1rw3z48,work,虐殺器官,9.11後のテロとの戦いが激化した近未来を舞台に、世界各地の虐殺を引き起こす謎の男を追う米軍特殊部隊員の物語。言語と暴力、テクノロジーと倫理を鋭く問う伊藤計劃の,144,0,https://books.kuras-plus.com/works/1rw3z48,"index,follow",true,false,false,false,,index,あらすじあり。index対象。
/works/1rxwou9,work,TVアニメ葬送のフリーレン副読本 = Frieren:Beyond Journey's End.,,0,0,https://books.kuras-plus.com/works/1rxwou9,"noindex,follow",false,true,false,false,,noindex,"summary・タグともになし。薄いコンテンツとして noindex,follow（既存方針）。"
/works/1ryuf61,work,ジャガーン,,0,0,https://books.kuras-plus.com/works/1ryuf61,"noindex,follow",false,true,false,false,,noindex,"summary・タグともになし。薄いコンテンツとして noindex,follow（既存方針）。"
/works/1rzlmf4,work,お兄ちゃんはおしまい!公式アンソロジーコミック,,0,0,https://books.kuras-plus.com/works/1rzlmf4,"noindex,follow",false,true,false,false,,noindex,"summary・タグともになし。薄いコンテンツとして noindex,follow（既存方針）。"
/works/1rztqwo,work,孤狼の血　１,昭和六十三年、暴力団対策法施行前夜の広島・呉原。ヤクザ組織の抗争の渦中に、型破りな刑事・大上章吾が立つ。法と暴力の狭間で独自の正義を貫く男の生き様を、柚月裕子原,182,0,https://books.kuras-plus.com/works/1rztqwo,"index,follow",true,false,false,false,,index,あらすじあり。index対象。
/works/1s088qo,work,マンガ研究 vol.10 第6回大会特集号,,0,0,https://books.kuras-plus.com/works/1s088qo,"noindex,follow",false,true,false,false,,noindex,"summary・タグともになし。薄いコンテンツとして noindex,follow（既存方針）。"
/works/1s0qwnd,work,のぼうの城,豊臣秀吉の関東攻めで唯一落ちなかった忍城の戦いを描く痛快歴史エンターテインメント。でくの坊と呼ばれた城代・成田長親が、2万の大軍を相手に奇策で立ち向かう。和田竜,127,0,https://books.kuras-plus.com/works/1s0qwnd,"index,follow",true,false,false,false,,index,あらすじあり。index対象。
/works/1s1avjz,work,乙嫁語り = The Bride's Stories,,0,0,https://books.kuras-plus.com/works/1s1avjz,"noindex,follow",false,true,false,false,,noindex,"summary・タグともになし。薄いコンテンツとして noindex,follow（既存方針）。"
/works/1s2dnqj,work,学校怪談（8）,,0,0,https://books.kuras-plus.com/works/1s2dnqj,"noindex,follow",false,true,false,false,,noindex,"summary・タグともになし。薄いコンテンツとして noindex,follow（既存方針）。"
/works/1s3x2hh,work,BORUTO-ボルト-　-TWO BLUE VORTEX-,,0,0,https://books.kuras-plus.com/works/1s3x2hh,"noindex,follow",false,true,false,false,,noindex,"summary・タグともになし。薄いコンテンツとして noindex,follow（既存方針）。"
/works/1s4r3mt,work,べるぜバブ,,0,0,https://books.kuras-plus.com/works/1s4r3mt,"noindex,follow",false,true,false,false,,noindex,"summary・タグともになし。薄いコンテンツとして noindex,follow（既存方針）。"
/works/1s4tf84,work,キノの旅,,0,0,https://books.kuras-plus.com/works/1s4tf84,"index,follow",true,false,false,false,,strengthen,タグのみ。あらすじ追記で強化推奨。
/works/1s5jtw7,work,桐島、部活やめるってよ,,0,0,https://books.kuras-plus.com/works/1s5jtw7,"noindex,follow",false,true,false,false,,noindex,"summary・タグともになし。薄いコンテンツとして noindex,follow（既存方針）。"
/works/1s67sav,work,ファンタジー万華鏡,SF・ファンタジー研究家でもある詩人・井辻朱美がファンタジー文学の世界を万華鏡のように多面的に語るエッセイ集。幻想文学の豊かさと魅力を再発見させてくれる。,77,0,https://books.kuras-plus.com/works/1s67sav,"index,follow",true,false,false,false,,index,あらすじあり。index対象。
/works/1s6ke7n,work,ちいかわなんか小さくてかわいいやつ,小さくてかわいい生き物「ちいかわ」たちが日常をゆるく生きるほのぼのコメディ漫画。SNS発の大人気キャラクターが愛らしい日常を送りながらも、時に切なく不条理な世界,97,0,https://books.kuras-plus.com/works/1s6ke7n,"index,follow",true,false,false,false,,index,あらすじあり。index対象。
/works/1s8ytrk,work,ハリー・ポッターと賢者の石,孤独な少年ハリーが魔法学校ホグワーツに入学し、魔法の世界で友情と冒険を経験する。J.K.ローリングが描く魔法世界は緻密で魅力的、子どもから大人まで夢中にさせる世,130,0,https://books.kuras-plus.com/works/1s8ytrk,"index,follow",true,false,false,false,,index,あらすじあり。index対象。
/works/1sa6cnp,work,魔法先生ネギま！,,0,0,https://books.kuras-plus.com/works/1sa6cnp,"noindex,follow",false,true,false,false,,noindex,"summary・タグともになし。薄いコンテンツとして noindex,follow（既存方針）。"
/works/1sacy4c,work,オーダーメイド殺人クラブ,「死」に取り憑かれた孤独な女子中学生と人気者の少年の秘密の計画を描く青春小説。中学生の複雑な心理と人間関係をリアルに描き、孤独と繋がりについて深く問いかける辻村,87,0,https://books.kuras-plus.com/works/1sacy4c,"index,follow",true,false,false,false,,index,あらすじあり。index対象。
/works/1saf48t,work,姑獲鳥の夏(2)【電子百鬼夜行】,「姑獲鳥の夏」分冊電子版第2巻。戦後の東京で起きる怪異な事件に京極堂こと中禅寺秋彦が挑む百鬼夜行シリーズ開幕作。妖怪と心理と論理が絡み合う、唯一無二の怪奇本格ミ,84,0,https://books.kuras-plus.com/works/1saf48t,"index,follow",true,false,false,false,,index,あらすじあり。index対象。
/works/1scemxl,work,異世界ありがとう,異世界から帰還したキャラクターの現代生活を描いたほのぼのコメディ漫画。異世界経験がもたらす価値観のズレを温かく笑いに変えた作品で、ほっこりしたい読者におすすめの,83,0,https://books.kuras-plus.com/works/1scemxl,"index,follow",true,false,false,false,,index,あらすじあり。index対象。
/works/1schp3h,work,重耳,春秋時代の中国、晋の公子・重耳（ちょうじ）が19年の放浪の末に覇者となる生涯を描く宮城谷昌光の代表作。宮城谷文学の真骨頂である格調高い文体と、古代中国の壮大なス,125,0,https://books.kuras-plus.com/works/1schp3h,"index,follow",true,false,false,false,,index,あらすじあり。index対象。
/works/1sh7ocs,work,冒険小説論 : 近代ヒーロー像一〇〇年の変遷,冒険小説という一ジャンルを通じて近代ヒーロー像の変遷を読み解く評論。エンタメ文学への深い愛情と博覧強記な筆致が冴え、ファンには堪らない知的興奮を与えてくれる。,79,0,https://books.kuras-plus.com/works/1sh7ocs,"index,follow",true,false,false,false,,index,あらすじあり。index対象。
/works/1shpdvv,work,メイドインアビス,深さ不明の巨大な奈落「アビス」を探索する少女と少年の冒険を描くダークファンタジー漫画。圧倒的な世界観と緊張感あふれる探索描写が読者を引き込む、冒険ファンタジーの,83,0,https://books.kuras-plus.com/works/1shpdvv,"index,follow",true,false,false,false,,index,あらすじあり。index対象。
/works/1shuw72,work,言の葉の庭,靴職人を目指す高校生と年上の女性が雨の日の公園で出会う、繊細で詩的な恋愛物語。新海誠監督のアニメ映画のノベライズで、梅雨の情景と孤独な心の交流が美しく描かれる。,80,0,https://books.kuras-plus.com/works/1shuw72,"index,follow",true,false,false,false,,index,あらすじあり。index対象。
/works/1si38ze,work,すべてがFになる,密室から発見された死体と、天才プログラマー・真賀田四季の謎に犀川教授と西之園萌絵が挑む理系ミステリー。森博嗣のデビュー作にしてメフィスト賞受賞作。コンピュータサ,139,0,https://books.kuras-plus.com/works/1si38ze,"index,follow",true,false,false,false,,index,あらすじあり。index対象。
/works/1sj2bgi,work,ゴブリンスレイヤー = GOBLIN SLAYER!,,0,0,https://books.kuras-plus.com/works/1sj2bgi,"index,follow",true,false,false,false,,strengthen,タグのみ。あらすじ追記で強化推奨。
/works/1sk0jv4,work,マンガでわかる有機化学 = The Manga Guide to Organic Chemistry,,0,0,https://books.kuras-plus.com/works/1sk0jv4,"noindex,follow",false,true,false,false,,noindex,"summary・タグともになし。薄いコンテンツとして noindex,follow（既存方針）。"
/works/1skw31c,work,ねじまき片想い,,0,0,https://books.kuras-plus.com/works/1skw31c,"index,follow",true,false,false,false,,strengthen,タグのみ。あらすじ追記で強化推奨。
/works/1sradj4,work,後宮の烏,中華風の架空王朝を舞台に、後宮の奥深くに住む不思議な妃「烏妃」が怪異や事件を解決する和風・中華ファンタジー。美しい世界観と妖しい雰囲気、そして切ないラブストーリ,127,0,https://books.kuras-plus.com/works/1sradj4,"index,follow",true,false,false,false,,index,あらすじあり。index対象。
/works/1su72f7,work,デストロ246,,0,0,https://books.kuras-plus.com/works/1su72f7,"noindex,follow",false,true,false,false,,noindex,"summary・タグともになし。薄いコンテンツとして noindex,follow（既存方針）。"
/works/1sx2znv,work,おやすみプンプン,少年プンプンの成長と崩壊を独特のビジュアルで描いた大人向けのリアル系漫画。人間の内面の暗部と光を赤裸々に描き出し、読む者に深い余韻と問いかけを残す意欲作。,77,0,https://books.kuras-plus.com/works/1sx2znv,"index,follow",true,false,false,false,,index,あらすじあり。index対象。
/works/1sx4drk,work,ｍｅｄｉｕｍ　霊媒探偵城塚翡翠,霊媒師の美少女・城塚翡翠と論理派の推理作家がタッグを組む、本格ミステリー。霊視と論理が絡み合う独自の設定と、最後まで読者を翻弄するトリックが鮮烈な、次世代ミステ,87,0,https://books.kuras-plus.com/works/1sx4drk,"index,follow",true,false,false,false,,index,あらすじあり。index対象。
/works/1sxrlwy,work,花ざかりの君たちへ After School,,0,0,https://books.kuras-plus.com/works/1sxrlwy,"noindex,follow",false,true,false,false,,noindex,"summary・タグともになし。薄いコンテンツとして noindex,follow（既存方針）。"
/works/1sxv3vc,work,異世界チートブレイカーズ（1）,,0,0,https://books.kuras-plus.com/works/1sxv3vc,"index,follow",true,false,false,false,,strengthen,タグのみ。あらすじ追記で強化推奨。
/works/1syygfj,work,薬屋のひとりごと,中華風の架空帝国の後宮を舞台に、薬学の知識を持つ少女・猫猫が後宮で起きる事件を薬学で解決していく。日向夏による大人気ライトノベルで、謎解きと後宮ロマンスが絶妙に,126,0,https://books.kuras-plus.com/works/1syygfj,"index,follow",true,false,false,false,,index,あらすじあり。index対象。
/works/1szm3ez,work,東京喰種トーキョーグール,,0,0,https://books.kuras-plus.com/works/1szm3ez,"noindex,follow",false,true,false,false,,noindex,"summary・タグともになし。薄いコンテンツとして noindex,follow（既存方針）。"
/works/1szqleh,work,capeta 新装版,,0,0,https://books.kuras-plus.com/works/1szqleh,"noindex,follow",false,true,false,false,,noindex,"summary・タグともになし。薄いコンテンツとして noindex,follow（既存方針）。"
/works/1t0y6u2,work,オーバーロード,人気ゲームの世界に閉じ込められた最強の骸骨プレイヤーが異世界で覇者となる異世界ファンタジー漫画。原作ラノベのファン必読のコミカライズで、壮大な世界征服譚が漫画で,85,0,https://books.kuras-plus.com/works/1t0y6u2,"index,follow",true,false,false,false,,index,あらすじあり。index対象。
/works/1t3j8gm,work,とある科学の超電磁砲,,0,0,https://books.kuras-plus.com/works/1t3j8gm,"index,follow",true,false,false,false,,strengthen,タグのみ。あらすじ追記で強化推奨。
/works/1t409qo,work,月が導く異世界道中,,0,0,https://books.kuras-plus.com/works/1t409qo,"index,follow",true,false,false,false,,strengthen,タグのみ。あらすじ追記で強化推奨。
/works/1t4qu27,work,怪樹の腕 : 〈ウィアード・テールズ〉戦前邦訳傑作選,,0,0,https://books.kuras-plus.com/works/1t4qu27,"index,follow",true,false,false,false,,strengthen,タグのみ。あらすじ追記で強化推奨。
/works/1t6pp6y,work,からかい上手の〈元〉高木さん.,,0,0,https://books.kuras-plus.com/works/1t6pp6y,"noindex,follow",false,true,false,false,,noindex,"summary・タグともになし。薄いコンテンツとして noindex,follow（既存方針）。"
/works/1t7s7id,work,東野圭吾全小説ガイドブック,,0,0,https://books.kuras-plus.com/works/1t7s7id,"index,follow",true,false,false,false,,strengthen,タグのみ。あらすじ追記で強化推奨。
/works/1t8fy84,work,ハレルヤオーバードライブ!,,0,0,https://books.kuras-plus.com/works/1t8fy84,"noindex,follow",false,true,false,false,,noindex,"summary・タグともになし。薄いコンテンツとして noindex,follow（既存方針）。"
/works/1t8lzte,work,友達の妹が俺にだけウザい 6,,0,0,https://books.kuras-plus.com/works/1t8lzte,"index,follow",true,false,false,false,,strengthen,タグのみ。あらすじ追記で強化推奨。
/works/1t9297h,work,喧嘩商売,,0,0,https://books.kuras-plus.com/works/1t9297h,"noindex,follow",false,true,false,false,,noindex,"summary・タグともになし。薄いコンテンツとして noindex,follow（既存方針）。"
/works/1tbv0xg,work,神さまの言うとおり,,0,0,https://books.kuras-plus.com/works/1tbv0xg,"noindex,follow",false,true,false,false,,noindex,"summary・タグともになし。薄いコンテンツとして noindex,follow（既存方針）。"
/works/1tcn1ma,work,デビルマン,,0,0,https://books.kuras-plus.com/works/1tcn1ma,"noindex,follow",false,true,false,false,,noindex,"summary・タグともになし。薄いコンテンツとして noindex,follow（既存方針）。"
/works/1tfnfd8,work,釣りキチ三平,釣り名人の少年・三平が全国を旅しながら様々な釣りを体験する釣り漫画の金字塔。釣りの技術や自然の魅力が丁寧に描かれ、釣り愛好家はもちろん自然や冒険が好きな読者にも,90,0,https://books.kuras-plus.com/works/1tfnfd8,"index,follow",true,false,false,false,,index,あらすじあり。index対象。
/works/1tgdceg,work,恐怖新聞II,,0,0,https://books.kuras-plus.com/works/1tgdceg,"noindex,follow",false,true,false,false,,noindex,"summary・タグともになし。薄いコンテンツとして noindex,follow（既存方針）。"
/works/1tgkcql,work,物語の風俗,,0,0,https://books.kuras-plus.com/works/1tgkcql,"index,follow",true,false,false,false,,strengthen,タグのみ。あらすじ追記で強化推奨。
/works/1tiyla2,work,地雷グリコ,「グリコ」などの身近な遊びに心理戦とトリックを組み込んだ頭脳バトル漫画。青崎有吾原作ならではの精巧な論理構成が光り、頭脳戦・ゲームバトルが好きな読者に最適な作品,81,0,https://books.kuras-plus.com/works/1tiyla2,"index,follow",true,false,false,false,,index,あらすじあり。index対象。
/works/1tl65m1,work,やはり俺の青春ラブコメはまちがっている。. 14.5,,0,0,https://books.kuras-plus.com/works/1tl65m1,"noindex,follow",false,true,false,false,,noindex,"summary・タグともになし。薄いコンテンツとして noindex,follow（既存方針）。"
/works/1tn2wbt,work,透明なゆりかご～産婦人科医院看護師見習い日記～　プチキス,,0,0,https://books.kuras-plus.com/works/1tn2wbt,"noindex,follow",false,true,false,false,,noindex,"summary・タグともになし。薄いコンテンツとして noindex,follow（既存方針）。"
/works/1toedt8,work,そして誰もいなくなった〔コミック版〕3,絶海の孤島に招かれた十人が、童謡の歌詞通りに一人ずつ命を落としていく。アガサ・クリスティーの不朽の名作を二階堂彩がコミカライズ。原作の緊迫した心理描写が、漫画の,185,0,https://books.kuras-plus.com/works/1toedt8,"index,follow",true,false,false,false,,index,あらすじあり。index対象。
/works/1tofoni,work,からかい上手の高木さん,隣の席の高木さんにからかわれ続ける男子の日常を描く甘酸っぱいラブコメ漫画。素朴でじんわり胸に来る青春の空気感が人気を呼んだ、微笑ましいスクールラブコメ。,76,0,https://books.kuras-plus.com/works/1tofoni,"index,follow",true,false,false,false,,index,あらすじあり。index対象。
/works/1tppszm,work,キッチン,大切な人を失った若い女性の再生と成長を、台所という場所への愛着を通して描いた現代文学の名作。吉本ばなならしい独特の感性と透明感ある文体が、喪失と癒しを静かに包み,91,0,https://books.kuras-plus.com/works/1tppszm,"index,follow",true,false,false,false,,index,あらすじあり。index対象。
/works/1tq3z8o,work,忍びの国,,0,0,https://books.kuras-plus.com/works/1tq3z8o,"noindex,follow",false,true,false,false,,noindex,"summary・タグともになし。薄いコンテンツとして noindex,follow（既存方針）。"
/works/1tqr05l,work,魔人探偵脳噛ネウロ モノクロ版,,0,0,https://books.kuras-plus.com/works/1tqr05l,"noindex,follow",false,true,false,false,,noindex,"summary・タグともになし。薄いコンテンツとして noindex,follow（既存方針）。"
/works/1tqssjk,work,ロトの紋章,,0,0,https://books.kuras-plus.com/works/1tqssjk,"noindex,follow",false,true,false,false,,noindex,"summary・タグともになし。薄いコンテンツとして noindex,follow（既存方針）。"
/works/1tr2mr7,work,デュラララ!! 罪歌編,,0,0,https://books.kuras-plus.com/works/1tr2mr7,"noindex,follow",false,true,false,false,,noindex,"summary・タグともになし。薄いコンテンツとして noindex,follow（既存方針）。"
/works/1trsi7d,work,頭脳と異能に筋肉で勝利するデスゲーム 1　～頭脳戦に舞い降りた最強のバカ～,,0,0,https://books.kuras-plus.com/works/1trsi7d,"index,follow",true,false,false,false,,strengthen,タグのみ。あらすじ追記で強化推奨。
/works/1tt5w76,work,東京タラレバ娘,,0,0,https://books.kuras-plus.com/works/1tt5w76,"noindex,follow",false,true,false,false,,noindex,"summary・タグともになし。薄いコンテンツとして noindex,follow（既存方針）。"
/works/1ttu8p2,work,ROOKIES 菜鳥總動員,,0,0,https://books.kuras-plus.com/works/1ttu8p2,"noindex,follow",false,true,false,false,,noindex,"summary・タグともになし。薄いコンテンツとして noindex,follow（既存方針）。"
/works/1tumeni,work,極黒のブリュンヒルデ,,0,0,https://books.kuras-plus.com/works/1tumeni,"noindex,follow",false,true,false,false,,noindex,"summary・タグともになし。薄いコンテンツとして noindex,follow（既存方針）。"
/works/1tv8vgm,work,金田一少年の事件簿Ｒ,人気ミステリ漫画「金田一少年の事件簿」のリブート版。名探偵の孫・金田一一がトリックに満ちた難事件に挑む正統派謎解きミステリ。本格派推理漫画の定番シリーズ。,77,0,https://books.kuras-plus.com/works/1tv8vgm,"index,follow",true,false,false,false,,index,あらすじあり。index対象。
/works/1tw1p87,work,鴎外の「武士道」小説,,0,0,https://books.kuras-plus.com/works/1tw1p87,"index,follow",true,false,false,false,,strengthen,タグのみ。あらすじ追記で強化推奨。
/works/1twuz1s,work,透明なゆりかご,,0,0,https://books.kuras-plus.com/works/1twuz1s,"noindex,follow",false,true,false,false,,noindex,"summary・タグともになし。薄いコンテンツとして noindex,follow（既存方針）。"
/works/1tzlddg,work,白夜行,一つの殺人事件を起点に、19年間にわたって暗い道を歩き続ける男女の壮絶な運命を描く東野圭吾の最高傑作の一つ。800ページを超える大作ながら、読み始めたら止まらな,134,0,https://books.kuras-plus.com/works/1tzlddg,"index,follow",true,false,false,false,,index,あらすじあり。index対象。
/works/1u053id,work,東野圭吾ミステリー,東野圭吾作品の魅力に迫る一冊。巧みな伏線と意外な結末で知られる東野ミステリーの世界を、独自の視点から紹介・考察する。作品ごとの見どころや読みどころを丁寧に解説し,205,0,https://books.kuras-plus.com/works/1u053id,"index,follow",true,false,false,false,,index,あらすじあり。index対象。
/works/1u4i6oy,work,岩波講座現代社会学 第11巻 (ジェンダーの社会学),,0,0,https://books.kuras-plus.com/works/1u4i6oy,"noindex,follow",false,true,false,false,,noindex,"summary・タグともになし。薄いコンテンツとして noindex,follow（既存方針）。"
/works/1u4ocdo,work,山田くんと７人の魔女,キスで能力が入れ替わる魔女たちと学園を舞台にしたラブコメミステリ漫画。個性豊かな七人の魔女を解明していく謎解き要素と恋愛が絡み合い、テンポよく楽しめる作品。,78,0,https://books.kuras-plus.com/works/1u4ocdo,"index,follow",true,false,false,false,,index,あらすじあり。index対象。
/works/1u4qh3v,work,鉄鍋のジャン,,0,0,https://books.kuras-plus.com/works/1u4qh3v,"noindex,follow",false,true,false,false,,noindex,"summary・タグともになし。薄いコンテンツとして noindex,follow（既存方針）。"
/works/1u5m820,work,憂国のモリアーティ,,0,0,https://books.kuras-plus.com/works/1u5m820,"noindex,follow",false,true,false,false,,noindex,"summary・タグともになし。薄いコンテンツとして noindex,follow（既存方針）。"
/works/1u5tag8,work,薬屋のひとりごと~猫猫の後宮謎解き手帳~,,0,0,https://books.kuras-plus.com/works/1u5tag8,"noindex,follow",false,true,false,false,,noindex,"summary・タグともになし。薄いコンテンツとして noindex,follow（既存方針）。"
/works/1u5wlyw,work,であいもん (20),,0,0,https://books.kuras-plus.com/works/1u5wlyw,"noindex,follow",false,true,false,false,,noindex,"summary・タグともになし。薄いコンテンツとして noindex,follow（既存方針）。"
/works/1u6ymyd,work,64,昭和64年に起きた未解決誘拐殺人事件「ロクヨン」。時効が迫る中、県警広報官・三上は警察組織の壁と報道との軋轢に苦悩する。横山秀夫が14年かけて完成させた警察小説,123,0,https://books.kuras-plus.com/works/1u6ymyd,"index,follow",true,false,false,false,,index,あらすじあり。index対象。
/works/1u81w4r,work,それでも町は廻っている,メイドカフェでアルバイトする元気な女子高生・嵐山歩鈴の日常を描いた青春コメディ漫画。独特のユーモアと伏線の巧みさが光る、幅広い世代に愛される傑作日常系漫画。,78,0,https://books.kuras-plus.com/works/1u81w4r,"index,follow",true,false,false,false,,index,あらすじあり。index対象。
/works/1u9y6my,work,10ダンス！ダンス！ダンス！！ ：,ダンスに情熱を燃やす若者たちの青春群像劇。酒井美羽が描く躍動感あふれるダンスシーンは、紙面から音楽とリズムが聞こえてくるかのようだ。競技ダンスの華やかさだけでな,185,0,https://books.kuras-plus.com/works/1u9y6my,"index,follow",true,false,false,false,,index,あらすじあり。index対象。
/works/1uanauc,work,翔ぶが如く,,0,0,https://books.kuras-plus.com/works/1uanauc,"noindex,follow",false,true,false,false,,noindex,"summary・タグともになし。薄いコンテンツとして noindex,follow（既存方針）。"
/works/1ubjqng,work,『やはり俺の青春ラブコメはまちがっている。』ぽんかん8 ART WORKS,,0,0,https://books.kuras-plus.com/works/1ubjqng,"noindex,follow",false,true,false,false,,noindex,"summary・タグともになし。薄いコンテンツとして noindex,follow（既存方針）。"
/works/1uc4z5g,work,マンガでわかる　親の介護の始め方,,0,0,https://books.kuras-plus.com/works/1uc4z5g,"noindex,follow",false,true,false,false,,noindex,"summary・タグともになし。薄いコンテンツとして noindex,follow（既存方針）。"
/works/1udh752,work,BLEACH カラー版,,0,0,https://books.kuras-plus.com/works/1udh752,"noindex,follow",false,true,false,false,,noindex,"summary・タグともになし。薄いコンテンツとして noindex,follow（既存方針）。"
/works/1udl0ga,work,墜落JKと廃人教師【通常版】,,0,0,https://books.kuras-plus.com/works/1udl0ga,"noindex,follow",false,true,false,false,,noindex,"summary・タグともになし。薄いコンテンツとして noindex,follow（既存方針）。"
/works/1udtg9d,work,海月姫外伝 BARAKURA ~薔薇のある暮らし~,,0,0,https://books.kuras-plus.com/works/1udtg9d,"noindex,follow",false,true,false,false,,noindex,"summary・タグともになし。薄いコンテンツとして noindex,follow（既存方針）。"
/works/1ufdwsr,work,干物妹！うまるちゃんG,,0,0,https://books.kuras-plus.com/works/1ufdwsr,"noindex,follow",false,true,false,false,,noindex,"summary・タグともになし。薄いコンテンツとして noindex,follow（既存方針）。"
/works/1ugcu9f,work,ドラゴンクエスト ダイの大冒険 新装彩録版,,0,0,https://books.kuras-plus.com/works/1ugcu9f,"noindex,follow",false,true,false,false,,noindex,"summary・タグともになし。薄いコンテンツとして noindex,follow（既存方針）。"
/works/1uhyn89,work,オー・ヘンリー ショートストーリーセレクション 全８巻セット,,0,0,https://books.kuras-plus.com/works/1uhyn89,"index,follow",true,false,false,false,,strengthen,タグのみ。あらすじ追記で強化推奨。
/works/1uinv7f,work,マンガでわかるデータドリブン経営 : 新入社員が組織を変える。データ活用の可能性。,,0,0,https://books.kuras-plus.com/works/1uinv7f,"noindex,follow",false,true,false,false,,noindex,"summary・タグともになし。薄いコンテンツとして noindex,follow（既存方針）。"
/works/1uipeap,work,キャプテン翼,,0,0,https://books.kuras-plus.com/works/1uipeap,"noindex,follow",false,true,false,false,,noindex,"summary・タグともになし。薄いコンテンツとして noindex,follow（既存方針）。"
/works/1uj0ii8,work,あなたの人生の物語,,0,0,https://books.kuras-plus.com/works/1uj0ii8,"index,follow",true,false,false,false,,strengthen,タグのみ。あらすじ追記で強化推奨。
/works/1um91xl,work,総理にされた男,そっくりな外見から突然総理大臣の身代わりを務めることになった男の奮闘を描く政治エンタメ小説。リアルな政治描写とユーモラスな設定のギャップが笑いと感動を生む、痛快,89,0,https://books.kuras-plus.com/works/1um91xl,"index,follow",true,false,false,false,,index,あらすじあり。index対象。
/works/1ummsto,work,北村薫と日常の謎,日常の謎ミステリの第一人者・北村薫の世界観を解説・紹介する一冊。さりげない日常に潜む小さな謎を丁寧に解きほぐす独特の味わいを、この本を通じて深く知ることができる,81,0,https://books.kuras-plus.com/works/1ummsto,"index,follow",true,false,false,false,,index,あらすじあり。index対象。
/works/1unzd6b,work,忘却のサチコ,,0,0,https://books.kuras-plus.com/works/1unzd6b,"noindex,follow",false,true,false,false,,noindex,"summary・タグともになし。薄いコンテンツとして noindex,follow（既存方針）。"
/works/1uozgpw,work,マンガの食卓 = The delicious scenes in comics,,0,0,https://books.kuras-plus.com/works/1uozgpw,"noindex,follow",false,true,false,false,,noindex,"summary・タグともになし。薄いコンテンツとして noindex,follow（既存方針）。"
/works/1up6njv,work,魔法騎士レイアース,,0,0,https://books.kuras-plus.com/works/1up6njv,"noindex,follow",false,true,false,false,,noindex,"summary・タグともになし。薄いコンテンツとして noindex,follow（既存方針）。"
/works/1upiywv,work,みゆき,,0,0,https://books.kuras-plus.com/works/1upiywv,"noindex,follow",false,true,false,false,,noindex,"summary・タグともになし。薄いコンテンツとして noindex,follow（既存方針）。"
/works/1upw87n,work,あやかしトライアングル,あやかしと人間が交わる世界を舞台にしたアクションラブコメ漫画。個性的な妖怪キャラクターとの賑やかなやり取りが魅力で、ファンタジーとラブコメを一緒に楽しみたい読者,83,0,https://books.kuras-plus.com/works/1upw87n,"index,follow",true,false,false,false,,index,あらすじあり。index対象。
/works/1urb9jp,work,ヨコハマ買い出し紀行,,0,0,https://books.kuras-plus.com/works/1urb9jp,"noindex,follow",false,true,false,false,,noindex,"summary・タグともになし。薄いコンテンツとして noindex,follow（既存方針）。"
/works/1ureo39,work,異世界チート開拓記.,,0,0,https://books.kuras-plus.com/works/1ureo39,"noindex,follow",false,true,false,false,,noindex,"summary・タグともになし。薄いコンテンツとして noindex,follow（既存方針）。"
/works/1urj1w4,work,エクソダス症候群,,0,0,https://books.kuras-plus.com/works/1urj1w4,"index,follow",true,false,false,false,,strengthen,タグのみ。あらすじ追記で強化推奨。
/works/1us4x5y,work,ミナミの帝王,,0,0,https://books.kuras-plus.com/works/1us4x5y,"noindex,follow",false,true,false,false,,noindex,"summary・タグともになし。薄いコンテンツとして noindex,follow（既存方針）。"
/works/1usmaa5,work,バイバイ、エンジェル : ラルース家殺人事件,,0,0,https://books.kuras-plus.com/works/1usmaa5,"index,follow",true,false,false,false,,strengthen,タグのみ。あらすじ追記で強化推奨。
/works/1usvada,work,1973年のピンボール,村上春樹のデビュー作「風の歌を聴け」に連なる初期の短編連作。喪失感と退廃、そして隠された優しさを乾いた文体で綴るビルドゥングス的な物語で、村上文学の原型を味わえ,86,0,https://books.kuras-plus.com/works/1usvada,"index,follow",true,false,false,false,,index,あらすじあり。index対象。
/works/1uu2xtz,work,呪術廻戦 20巻 特製ピンズ20個付き同梱版,,0,0,https://books.kuras-plus.com/works/1uu2xtz,"noindex,follow",false,true,false,false,,noindex,"summary・タグともになし。薄いコンテンツとして noindex,follow（既存方針）。"
/works/1uu9umm,work,その着せ替え人形は恋をする特装版,,0,0,https://books.kuras-plus.com/works/1uu9umm,"noindex,follow",false,true,false,false,,noindex,"summary・タグともになし。薄いコンテンツとして noindex,follow（既存方針）。"
/works/1uv5gs4,work,影響力の武器,なぜ人は「YES」と言ってしまうのか？返報性・コミットメント・社会的証明・好意・権威・希少性の6つの原理から、人間の意思決定メカニズムを解き明かす社会心理学の名,130,0,https://books.kuras-plus.com/works/1uv5gs4,"index,follow",true,false,false,false,,index,あらすじあり。index対象。
/works/1uxpsm6,work,金色のガッシュ！！ 完全版（16）,,0,0,https://books.kuras-plus.com/works/1uxpsm6,"noindex,follow",false,true,false,false,,noindex,"summary・タグともになし。薄いコンテンツとして noindex,follow（既存方針）。"
/works/1uxtxuj,work,盤上の夜,,0,0,https://books.kuras-plus.com/works/1uxtxuj,"index,follow",true,false,false,false,,strengthen,タグのみ。あらすじ追記で強化推奨。
/works/1uy8xkw,work,元祖!浦安鉄筋家族,,0,0,https://books.kuras-plus.com/works/1uy8xkw,"noindex,follow",false,true,false,false,,noindex,"summary・タグともになし。薄いコンテンツとして noindex,follow（既存方針）。"
/works/1uzti4y,work,Monster. chapter 12 (バラの屋敷),,0,0,https://books.kuras-plus.com/works/1uzti4y,"noindex,follow",false,true,false,false,,noindex,"summary・タグともになし。薄いコンテンツとして noindex,follow（既存方針）。"
/works/1v20m2k,work,新テニスの王子様,,0,0,https://books.kuras-plus.com/works/1v20m2k,"noindex,follow",false,true,false,false,,noindex,"summary・タグともになし。薄いコンテンツとして noindex,follow（既存方針）。"
/works/1v2chrc,work,一九八四年,全体主義国家オセアニアで「ビッグ・ブラザー」に監視される社会を描いたディストピア文学の金字塔。思想統制・言語操作・歴史改竄といったテーマは現代にも鋭く突き刺さる,134,0,https://books.kuras-plus.com/works/1v2chrc,"index,follow",true,false,false,false,,index,あらすじあり。index対象。
/works/1v5wh1g,work,花より男子,F4と庶民のシンデレラストーリー、少女漫画の永遠の名作,27,0,https://books.kuras-plus.com/works/1v5wh1g,"index,follow",true,false,false,false,,index,あらすじあり。index対象。
/works/1v6jqvm,work,アンドロイドは電気羊の夢を見るか?,核戦争後の荒廃した地球を舞台に、人造人間を狩る賞金稼ぎリック・デッカードの物語。人間とアンドロイドの境界を問いかけるフィリップ・K・ディックの最高傑作。映画『ブ,132,0,https://books.kuras-plus.com/works/1v6jqvm,"index,follow",true,false,false,false,,index,あらすじあり。index対象。
/works/1v8ewmk,work,ミスター味っ子,,0,0,https://books.kuras-plus.com/works/1v8ewmk,"noindex,follow",false,true,false,false,,noindex,"summary・タグともになし。薄いコンテンツとして noindex,follow（既存方針）。"
/works/1v91t2c,work,婚約破棄後、追放された悪役令嬢は隣国の英雄王子に溺愛される (ヴァニラ文庫),婚約破棄されて隣国へ追放された悪役令嬢が、英雄と名高い王子にひたすら溺愛されるラブファンタジー。異世界ファンタジーとロマンス要素が融合した、甘くてドラマチックな,92,0,https://books.kuras-plus.com/works/1v91t2c,"index,follow",true,false,false,false,,index,あらすじあり。index対象。
/works/1va27h4,work,最強伝説黒沢,,0,0,https://books.kuras-plus.com/works/1va27h4,"noindex,follow",false,true,false,false,,noindex,"summary・タグともになし。薄いコンテンツとして noindex,follow（既存方針）。"
/works/1va7m3y,work,フルーツバスケットanother,,0,0,https://books.kuras-plus.com/works/1va7m3y,"noindex,follow",false,true,false,false,,noindex,"summary・タグともになし。薄いコンテンツとして noindex,follow（既存方針）。"
/works/1vblreg,work,ポプテピピック,,0,0,https://books.kuras-plus.com/works/1vblreg,"noindex,follow",false,true,false,false,,noindex,"summary・タグともになし。薄いコンテンツとして noindex,follow（既存方針）。"
/works/1vd3k61,work,魔導具師ダリヤはうつむかない,,0,0,https://books.kuras-plus.com/works/1vd3k61,"noindex,follow",false,true,false,false,,noindex,"summary・タグともになし。薄いコンテンツとして noindex,follow（既存方針）。"
/works/1vd4i1t,work,ピューと吹く！ジャガー,,0,0,https://books.kuras-plus.com/works/1vd4i1t,"noindex,follow",false,true,false,false,,noindex,"summary・タグともになし。薄いコンテンツとして noindex,follow（既存方針）。"
/works/1vd526o,work,伊豆の踊子,,0,0,https://books.kuras-plus.com/works/1vd526o,"index,follow",true,false,false,false,,strengthen,タグのみ。あらすじ追記で強化推奨。
/works/1vdeyq8,work,ザ・ベストミステリーズ = The Best Mysteries : 推理小説年鑑.,,0,0,https://books.kuras-plus.com/works/1vdeyq8,"index,follow",true,false,false,false,,strengthen,タグのみ。あらすじ追記で強化推奨。
/works/1ve245e,work,ラブひな【合本版】,,0,0,https://books.kuras-plus.com/works/1ve245e,"noindex,follow",false,true,false,false,,noindex,"summary・タグともになし。薄いコンテンツとして noindex,follow（既存方針）。"
/works/1ve29k9,work,久保さんは僕を許さない,,0,0,https://books.kuras-plus.com/works/1ve29k9,"noindex,follow",false,true,false,false,,noindex,"summary・タグともになし。薄いコンテンツとして noindex,follow（既存方針）。"
/works/1vebeu4,work,墜落JKと廃人教師,,0,0,https://books.kuras-plus.com/works/1vebeu4,"noindex,follow",false,true,false,false,,noindex,"summary・タグともになし。薄いコンテンツとして noindex,follow（既存方針）。"
/works/1vgrv6d,work,硝子の塔の殺人,全面ガラス張りの孤島の館で起きる連続殺人を描く本格ミステリー。「館もの」の名作へのオマージュに満ちながら、現代ならではの驚愕のトリックで読者を翻弄する、ミステリ,90,0,https://books.kuras-plus.com/works/1vgrv6d,"index,follow",true,false,false,false,,index,あらすじあり。index対象。
/works/1vgzl4a,work,宇宙兄弟,宇宙飛行士を夢見る兄弟の挑戦と成長を描く感動の青春漫画。リアルな宇宙開発の描写と人間ドラマが融合し、夢を諦めた大人の心にも強く響く、世代を超えて愛される名作。,79,0,https://books.kuras-plus.com/works/1vgzl4a,"index,follow",true,false,false,false,,index,あらすじあり。index対象。
/works/1vh454q,work,検察側の罪人,エリート検察官が自らの信念のために法を踏み越えていく姿を描くリーガルサスペンス。正義と悪の境界を問い続ける重厚なテーマと、息もつかせぬ展開が一気読みを誘う本格派,88,0,https://books.kuras-plus.com/works/1vh454q,"index,follow",true,false,false,false,,index,あらすじあり。index対象。
/works/1vhhr08,work,赤髪の白雪姫,薬師見習いの少女が王宮で働き、王子と心を通わせていく少女向けファンタジー漫画。強く優しいヒロインと誠実な王子の関係を丁寧に描いた、温かく心ときめくロマンス。,78,0,https://books.kuras-plus.com/works/1vhhr08,"index,follow",true,false,false,false,,index,あらすじあり。index対象。
/works/1vi208v,work,嘆きの亡霊は引退したい,,0,0,https://books.kuras-plus.com/works/1vi208v,"noindex,follow",false,true,false,false,,noindex,"summary・タグともになし。薄いコンテンツとして noindex,follow（既存方針）。"
/works/1vicjps,work,アカギ,,0,0,https://books.kuras-plus.com/works/1vicjps,"noindex,follow",false,true,false,false,,noindex,"summary・タグともになし。薄いコンテンツとして noindex,follow（既存方針）。"
/works/1vitx4v,work,ソードアート・オンラインプログレッシブ冥き夕闇のスケルツォ,,0,0,https://books.kuras-plus.com/works/1vitx4v,"noindex,follow",false,true,false,false,,noindex,"summary・タグともになし。薄いコンテンツとして noindex,follow（既存方針）。"
/works/1vkbq4r,work,私の推しは悪役令嬢。,,0,0,https://books.kuras-plus.com/works/1vkbq4r,"noindex,follow",false,true,false,false,,noindex,"summary・タグともになし。薄いコンテンツとして noindex,follow（既存方針）。"
/works/1vkm6k0,work,もうひとつのピアノの森　整う音,,0,0,https://books.kuras-plus.com/works/1vkm6k0,"noindex,follow",false,true,false,false,,noindex,"summary・タグともになし。薄いコンテンツとして noindex,follow（既存方針）。"
/works/1vm1lo9,work,マンガでわかる無機化学 : 原子の構造がわかれば化合物の性質が見えてくる!,,0,0,https://books.kuras-plus.com/works/1vm1lo9,"noindex,follow",false,true,false,false,,noindex,"summary・タグともになし。薄いコンテンツとして noindex,follow（既存方針）。"
/works/1vquhow,work,マスターキートン,,0,0,https://books.kuras-plus.com/works/1vquhow,"noindex,follow",false,true,false,false,,noindex,"summary・タグともになし。薄いコンテンツとして noindex,follow（既存方針）。"
/works/1vrawnp,work,コウノドリ,産科医・鴻鳥サクラが命の誕生に関わる感動と葛藤を描く医療漫画。出産に伴うリアルな喜びと悲しみを丁寧に描き、命の尊さと医療への敬意を呼び起こす感動の名作。,76,0,https://books.kuras-plus.com/works/1vrawnp,"index,follow",true,false,false,false,,index,あらすじあり。index対象。
/works/1vsfbhx,work,親の認知症とお金が不安です : マンガで解決 : …かなりあやしい?,,0,0,https://books.kuras-plus.com/works/1vsfbhx,"noindex,follow",false,true,false,false,,noindex,"summary・タグともになし。薄いコンテンツとして noindex,follow（既存方針）。"
/works/1vsnmwu,work,美少女戦士セーラームーン完全版,,0,0,https://books.kuras-plus.com/works/1vsnmwu,"noindex,follow",false,true,false,false,,noindex,"summary・タグともになし。薄いコンテンツとして noindex,follow（既存方針）。"
/works/1vsoezp,work,少女は卒業しない,,0,0,https://books.kuras-plus.com/works/1vsoezp,"noindex,follow",false,true,false,false,,noindex,"summary・タグともになし。薄いコンテンツとして noindex,follow（既存方針）。"
/works/1vvze9j,work,満願,日常に潜む人間の業と闇を描いた米澤穂信の短編ミステリ集。各編それぞれに鮮烈などんでん返しと深い余韻があり、ミステリの醍醐味を凝縮した、日本推理大賞などを受賞した,86,0,https://books.kuras-plus.com/works/1vvze9j,"index,follow",true,false,false,false,,index,あらすじあり。index対象。
/works/1vwvuud,work,7つの習慣,「主体的である」「終わりを思い描くことから始める」「最優先事項を優先する」など、人生を成功に導く7つの原則を体系的にまとめた自己啓発書の世界的名著。全世界400,137,0,https://books.kuras-plus.com/works/1vwvuud,"index,follow",true,false,false,false,,index,あらすじあり。index対象。
/works/1vx0haq,work,海月姫外伝　ＢＡＲＡＫＵＲＡ～薔薇のある暮らし～,,0,0,https://books.kuras-plus.com/works/1vx0haq,"noindex,follow",false,true,false,false,,noindex,"summary・タグともになし。薄いコンテンツとして noindex,follow（既存方針）。"
/works/1vx32ra,work,学校怪談（12）,,0,0,https://books.kuras-plus.com/works/1vx32ra,"noindex,follow",false,true,false,false,,noindex,"summary・タグともになし。薄いコンテンツとして noindex,follow（既存方針）。"
/works/1vxdwnl,work,アメリカ文学入門 = An Introduction to American Literature,,0,0,https://books.kuras-plus.com/works/1vxdwnl,"index,follow",true,false,false,false,,strengthen,タグのみ。あらすじ追記で強化推奨。
/works/1vybbvg,work,【話販売】運命の人に出会う話　第６話後編　夏夜,,0,0,https://books.kuras-plus.com/works/1vybbvg,"noindex,follow",false,true,false,false,,noindex,"summary・タグともになし。薄いコンテンツとして noindex,follow（既存方針）。"
/works/1vycq1q,work,イギリス文学入門 = An Introduction to British Literature,シェイクスピアからカズオ・イシグロまで、イギリス文学の豊かな水脈をたどる入門書。時代背景や社会状況と結びつけながら主要作品を読み解くことで、単なる作品紹介にとど,188,0,https://books.kuras-plus.com/works/1vycq1q,"index,follow",true,false,false,false,,index,あらすじあり。index対象。
/works/1vzeuk2,work,営繕かるかや怪異譚,古い家には、古い記憶が宿る。開かずの間から聞こえる足音、壁に浮かぶ染み、庭に佇む見知らぬ影——怪異に悩まされる住人のもとに、営繕屋の尾端が静かに現れる。彼は霊を,184,0,https://books.kuras-plus.com/works/1vzeuk2,"index,follow",true,false,false,false,,index,あらすじあり。index対象。
/works/1w0don3,work,響〜小説家になる方法〜,,0,0,https://books.kuras-plus.com/works/1w0don3,"noindex,follow",false,true,false,false,,noindex,"summary・タグともになし。薄いコンテンツとして noindex,follow（既存方針）。"
/works/1w0ymn0,work,山と食欲と私,,0,0,https://books.kuras-plus.com/works/1w0ymn0,"noindex,follow",false,true,false,false,,noindex,"summary・タグともになし。薄いコンテンツとして noindex,follow（既存方針）。"
/works/1w14txz,work,あそびあそばせ,陰キャ・陽キャ・帰国子女の謎の「遊び研究部」爆笑コメディ,28,0,https://books.kuras-plus.com/works/1w14txz,"index,follow",true,false,false,false,,index,あらすじあり。index対象。
/works/1w25zu9,work,DRAGON BALL モノクロ版,鳥山明が描いた伝説のバトル漫画「DRAGON BALL」のモノクロ版。世界中を熱狂させた孫悟空の冒険と成長の物語を、原点のモノクロ表現で楽しめるシリーズ。,77,0,https://books.kuras-plus.com/works/1w25zu9,"index,follow",true,false,false,false,,index,あらすじあり。index対象。
/works/1w29z7w,work,見えない悪意,善意の仮面の下に潜む悪意、無自覚な残酷さ、そして静かに蝕まれていく人間関係。立木美和が描くのは、目に見えない形で人を追い詰める心理の闇だ。派手な事件ではなく、日,186,0,https://books.kuras-plus.com/works/1w29z7w,"index,follow",true,false,false,false,,index,あらすじあり。index対象。
/works/1w40mj3,work,BLACK LAGOON 掃除屋ソーヤー 解体！ゴアゴア娘,,0,0,https://books.kuras-plus.com/works/1w40mj3,"noindex,follow",false,true,false,false,,noindex,"summary・タグともになし。薄いコンテンツとして noindex,follow（既存方針）。"
/works/1w41yt5,work,この素晴らしい世界に祝福を!,異世界転生したダメ人間カズマと、美しいが残念な女神アクア、爆裂魔法しか使えないめぐみん、マゾヒストの騎士ダクネスが繰り広げるドタバタ冒険コメディ。暁なつめによる,137,0,https://books.kuras-plus.com/works/1w41yt5,"index,follow",true,false,false,false,,index,あらすじあり。index対象。
/works/1w6csbd,work,騎士団長殺し,,0,0,https://books.kuras-plus.com/works/1w6csbd,"index,follow",true,false,false,false,,strengthen,タグのみ。あらすじ追記で強化推奨。
/works/1w6o1h5,work,サンダー３,アメフトをテーマにしたスポーツ青春漫画。チームメイトとの絆と試合の熱気が描かれ、アメフト漫画としての迫力と青春の輝きを同時に味わえるスポーツ好き読者に向いた読み,87,0,https://books.kuras-plus.com/works/1w6o1h5,"index,follow",true,false,false,false,,index,あらすじあり。index対象。
/works/1w783cr,work,Re:ゼロから始める異世界生活 : 第三章Truth of Zero.,,0,0,https://books.kuras-plus.com/works/1w783cr,"noindex,follow",false,true,false,false,,noindex,"summary・タグともになし。薄いコンテンツとして noindex,follow（既存方針）。"
/works/1w83gca,work,仮面山荘殺人事件新装版,避暑地の山荘に集まった八人の男女。そこへ逃亡中の銀行強盗が押し入り、全員が人質となる。外界から完全に遮断された極限状態の中、一人、また一人と殺されていく。犯人は,185,0,https://books.kuras-plus.com/works/1w83gca,"index,follow",true,false,false,false,,index,あらすじあり。index対象。
/works/1w8hfpt,work,やはり俺の青春ラブコメはまちがっている。,,0,0,https://books.kuras-plus.com/works/1w8hfpt,"noindex,follow",false,true,false,false,,noindex,"summary・タグともになし。薄いコンテンツとして noindex,follow（既存方針）。"
/works/1w8wbdq,work,るろうに剣心―明治剣客浪漫譚― モノクロ版,,0,0,https://books.kuras-plus.com/works/1w8wbdq,"noindex,follow",false,true,false,false,,noindex,"summary・タグともになし。薄いコンテンツとして noindex,follow（既存方針）。"
/works/1wain1w,work,八つ墓村,古い因習が残る山村での連続怪死事件に金田一耕助が挑む横溝正史の人気作。呪われた村の重苦しい雰囲気とおどろおどろしい謎が読者を引き込む、日本ミステリ史に輝く傑作ホ,87,0,https://books.kuras-plus.com/works/1wain1w,"index,follow",true,false,false,false,,index,あらすじあり。index対象。
/works/1wdeopw,work,笑ゥせぇるすまん,,0,0,https://books.kuras-plus.com/works/1wdeopw,"noindex,follow",false,true,false,false,,noindex,"summary・タグともになし。薄いコンテンツとして noindex,follow（既存方針）。"
/works/1wdfxpa,work,ダンジョンに出会いを求めるのは間違っているだろうか,,0,0,https://books.kuras-plus.com/works/1wdfxpa,"noindex,follow",false,true,false,false,,noindex,"summary・タグともになし。薄いコンテンツとして noindex,follow（既存方針）。"
/works/1we0eye,work,動物のお医者さん,,0,0,https://books.kuras-plus.com/works/1we0eye,"noindex,follow",false,true,false,false,,noindex,"summary・タグともになし。薄いコンテンツとして noindex,follow（既存方針）。"
/works/1we70f1,work,ラーメン才遊記,,0,0,https://books.kuras-plus.com/works/1we70f1,"noindex,follow",false,true,false,false,,noindex,"summary・タグともになし。薄いコンテンツとして noindex,follow（既存方針）。"
/works/1wgp08o,work,久保さんは僕を許さない,,0,0,https://books.kuras-plus.com/works/1wgp08o,"noindex,follow",false,true,false,false,,noindex,"summary・タグともになし。薄いコンテンツとして noindex,follow（既存方針）。"
/works/1wjpbnk,work,歴史や物語から楽しむあたらしい植物療法の教科書,,0,0,https://books.kuras-plus.com/works/1wjpbnk,"noindex,follow",false,true,false,false,,noindex,"summary・タグともになし。薄いコンテンツとして noindex,follow（既存方針）。"
/works/1wk50lo,work,深夜の博覧会 : 昭和12年の探偵小説,,0,0,https://books.kuras-plus.com/works/1wk50lo,"index,follow",true,false,false,false,,strengthen,タグのみ。あらすじ追記で強化推奨。
/works/1wkfy4d,work,暗黒童話,,0,0,https://books.kuras-plus.com/works/1wkfy4d,"index,follow",true,false,false,false,,strengthen,タグのみ。あらすじ追記で強化推奨。
/works/1wkw259,work,金色のガッシュ!!,,0,0,https://books.kuras-plus.com/works/1wkw259,"noindex,follow",false,true,false,false,,noindex,"summary・タグともになし。薄いコンテンツとして noindex,follow（既存方針）。"
/works/1wn43dj,work,アンデッドガール・マーダーファルス.,,0,0,https://books.kuras-plus.com/works/1wn43dj,"noindex,follow",false,true,false,false,,noindex,"summary・タグともになし。薄いコンテンツとして noindex,follow（既存方針）。"
/works/1wq8sy0,work,スレイヤーズ,,0,0,https://books.kuras-plus.com/works/1wq8sy0,"noindex,follow",false,true,false,false,,noindex,"summary・タグともになし。薄いコンテンツとして noindex,follow（既存方針）。"
/works/1wqqx90,work,卒業,赤川次郎ならではの軽妙なタッチで描かれるミステリサスペンス。学校や青春を舞台にした謎解きに、ユーモアと緊張感が絶妙に混ざり合い、エンタメミステリとして幅広い読者,91,0,https://books.kuras-plus.com/works/1wqqx90,"index,follow",true,false,false,false,,index,あらすじあり。index対象。
/works/1ws57fs,work,浦安鉄筋家族,,0,0,https://books.kuras-plus.com/works/1ws57fs,"noindex,follow",false,true,false,false,,noindex,"summary・タグともになし。薄いコンテンツとして noindex,follow（既存方針）。"
/works/1wsbmnf,work,ラフ,水泳という競技を軸にしたあだち充の青春スポーツ漫画。ライバルでもあり恋人でもある二人の高校生の関係を淡く切なく描き、著者らしい独特のテンポで楽しめる。,75,0,https://books.kuras-plus.com/works/1wsbmnf,"index,follow",true,false,false,false,,index,あらすじあり。index対象。
/works/1wtieql,work,センゴク天正記,,0,0,https://books.kuras-plus.com/works/1wtieql,"noindex,follow",false,true,false,false,,noindex,"summary・タグともになし。薄いコンテンツとして noindex,follow（既存方針）。"
/works/1wu06pv,work,ぼくの地球を守って,,0,0,https://books.kuras-plus.com/works/1wu06pv,"noindex,follow",false,true,false,false,,noindex,"summary・タグともになし。薄いコンテンツとして noindex,follow（既存方針）。"
/works/1wvppb7,work,空の境界 上,,0,0,https://books.kuras-plus.com/works/1wvppb7,"index,follow",true,false,false,false,,strengthen,タグのみ。あらすじ追記で強化推奨。
/works/1wvzl7j,work,浦安鉄筋家族（8）,,0,0,https://books.kuras-plus.com/works/1wvzl7j,"noindex,follow",false,true,false,false,,noindex,"summary・タグともになし。薄いコンテンツとして noindex,follow（既存方針）。"
/works/1wyfe16,work,愛しの彼女は隠れオタク.,,0,0,https://books.kuras-plus.com/works/1wyfe16,"noindex,follow",false,true,false,false,,noindex,"summary・タグともになし。薄いコンテンツとして noindex,follow（既存方針）。"
/works/1x17j9j,work,異世界の後宮に輿入れですか!?　主上、后のおつとめはお断りです！ (ルネッタブックス),,0,0,https://books.kuras-plus.com/works/1x17j9j,"index,follow",true,false,false,false,,strengthen,タグのみ。あらすじ追記で強化推奨。
/works/1x2ce6x,work,クッキングパパ,,0,0,https://books.kuras-plus.com/works/1x2ce6x,"noindex,follow",false,true,false,false,,noindex,"summary・タグともになし。薄いコンテンツとして noindex,follow（既存方針）。"
/works/1x6704e,work,たおやかに輪をえがいて,,0,0,https://books.kuras-plus.com/works/1x6704e,"index,follow",true,false,false,false,,strengthen,タグのみ。あらすじ追記で強化推奨。
/works/1x7e8dp,work,魔人探偵脳噛ネウロ カラー版,,0,0,https://books.kuras-plus.com/works/1x7e8dp,"noindex,follow",false,true,false,false,,noindex,"summary・タグともになし。薄いコンテンツとして noindex,follow（既存方針）。"
/works/1x8gsv8,work,【期間限定　無料お試し版】モンキーピーク,,0,0,https://books.kuras-plus.com/works/1x8gsv8,"noindex,follow",false,true,false,false,,noindex,"summary・タグともになし。薄いコンテンツとして noindex,follow（既存方針）。"
/works/1x9sefd,work,伊藤くんA to E,,0,0,https://books.kuras-plus.com/works/1x9sefd,"index,follow",true,false,false,false,,strengthen,タグのみ。あらすじ追記で強化推奨。
/works/1xadiwb,work,伊藤潤二短編集BEST OF BEST,,0,0,https://books.kuras-plus.com/works/1xadiwb,"noindex,follow",false,true,false,false,,noindex,"summary・タグともになし。薄いコンテンツとして noindex,follow（既存方針）。"
/works/1xcqtuj,work,アフターダーク,深夜0時から夜明けまでの数時間を舞台に、カメラのような視点で語られる実験的な都市小説。眠れない夜に孤独な人々が交差する静謐な物語世界が、映画的な描写で展開する独,86,0,https://books.kuras-plus.com/works/1xcqtuj,"index,follow",true,false,false,false,,index,あらすじあり。index対象。
/works/1xdf2jc,work,桜蘭高校ホスト部,名門高校のホスト部に迷い込んだ少女の奮闘を描くハイテンションラブコメ少女漫画。個性豊かなホスト部員たちとのドタバタな日常と、甘い恋愛展開のバランスが絶妙。,77,0,https://books.kuras-plus.com/works/1xdf2jc,"index,follow",true,false,false,false,,index,あらすじあり。index対象。
/works/1xdx89u,work,占星術殺人事件,占星術に基づいて6人の処女の肉体を切り取り「アゾート」を作るという画家の遺書。そして実際に起こった猟奇殺人の謎に名探偵・御手洗潔が挑む。島田荘司のデビュー作にし,132,0,https://books.kuras-plus.com/works/1xdx89u,"index,follow",true,false,false,false,,index,あらすじあり。index対象。
/works/1xe4uc8,work,異邦の騎士,記憶を失った男が自分の正体と過去の謎を探る御手洗潔シリーズの本格ミステリ小説。記憶と正体をめぐるサスペンスフルな展開と、意外な結末が読者を最後まで引き付ける。,79,0,https://books.kuras-plus.com/works/1xe4uc8,"index,follow",true,false,false,false,,index,あらすじあり。index対象。
/works/1xf3xrv,work,マンガで「なるほど名画」 : こやぎ先生が教える西洋絵画の7つのポイント,,0,0,https://books.kuras-plus.com/works/1xf3xrv,"noindex,follow",false,true,false,false,,noindex,"summary・タグともになし。薄いコンテンツとして noindex,follow（既存方針）。"
/works/1xf8ei2,work,神風怪盗ジャンヌ,,0,0,https://books.kuras-plus.com/works/1xf8ei2,"noindex,follow",false,true,false,false,,noindex,"summary・タグともになし。薄いコンテンツとして noindex,follow（既存方針）。"
/works/1xg30rj,work,ハカイジュウ,巨大な怪物「破壊獣」が現れた世界で人類の生存を描くパニックサバイバル漫画。圧倒的なスケールの戦闘描写と人間ドラマが絡み合う、スリル満点の怪獣パニック作品。,77,0,https://books.kuras-plus.com/works/1xg30rj,"index,follow",true,false,false,false,,index,あらすじあり。index対象。
/works/1xh8jk2,work,文藝年鑑,,0,0,https://books.kuras-plus.com/works/1xh8jk2,"index,follow",true,false,false,false,,strengthen,タグのみ。あらすじ追記で強化推奨。
/works/1xhd0t5,work,ハウルの動く城 1 魔法使いハウルと火の悪魔,帽子屋の長女ソフィーは、荒地の魔女に呪いをかけられ老婆の姿にされてしまう。元の姿に戻るため、美しくも胡散臭い魔法使いハウルの動く城に押しかけることに。ジブリ映画,189,0,https://books.kuras-plus.com/works/1xhd0t5,"index,follow",true,false,false,false,,index,あらすじあり。index対象。
/works/1xi1csx,work,Monster. chapter 15 (記憶の扉),,0,0,https://books.kuras-plus.com/works/1xi1csx,"noindex,follow",false,true,false,false,,noindex,"summary・タグともになし。薄いコンテンツとして noindex,follow（既存方針）。"
/works/1xik2fu,work,46番目の密室,作家アリスシリーズ第一弾。密室トリックのコレクターが所有する館で起きる事件を描く本格ミステリ。密室ミステリへのオマージュが込められた、ミステリファン垂涎のロジカ,85,0,https://books.kuras-plus.com/works/1xik2fu,"index,follow",true,false,false,false,,index,あらすじあり。index対象。
/works/1xilnrz,work,同志少女よ、敵を撃て,第二次世界大戦中のソ連を舞台に、狙撃兵として戦う女性の成長を描く歴史小説。戦場のリアルな描写と、戦争という極限状況の中で問われる人間の尊厳をテーマにした、アガサ,92,0,https://books.kuras-plus.com/works/1xilnrz,"index,follow",true,false,false,false,,index,あらすじあり。index対象。
/works/1xj3adg,work,夢の守り人,花のように美しい歌い手タンダが、不思議な夢の世界に囚われてしまう。バルサは幼なじみを救うため、現実と夢の狭間で繰り広げられる危険な冒険に身を投じる。「守り人」シ,181,0,https://books.kuras-plus.com/works/1xj3adg,"index,follow",true,false,false,false,,index,あらすじあり。index対象。
/works/1xqq6br,work,実験する小説たち,,0,0,https://books.kuras-plus.com/works/1xqq6br,"index,follow",true,false,false,false,,strengthen,タグのみ。あらすじ追記で強化推奨。
/works/1xsjxk5,work,3月のライオン羽海野チカ描き下ろし「お菓子の国のジグソーパズル」付き特装版,,0,0,https://books.kuras-plus.com/works/1xsjxk5,"noindex,follow",false,true,false,false,,noindex,"summary・タグともになし。薄いコンテンツとして noindex,follow（既存方針）。"
/works/1xt8ifp,work,狐笛のかなた,人の心が聞こえる能力を持つ少女・小夜と、呪いをかけられた霊狐・野火の出会いから始まる和風ファンタジー。上橋菜穂子が紡ぐ繊細で美しい物語は、日本の原風景と幻想が溶,126,0,https://books.kuras-plus.com/works/1xt8ifp,"index,follow",true,false,false,false,,index,あらすじあり。index対象。
/works/1xvs47r,work,屍鬼,,0,0,https://books.kuras-plus.com/works/1xvs47r,"noindex,follow",false,true,false,false,,noindex,"summary・タグともになし。薄いコンテンツとして noindex,follow（既存方針）。"
/works/1xw50s3,work,君の膵臓をたべたい,余命宣告された少女と無口な同級生男子の、秘密を共有することで生まれる特別な関係を描く青春小説。命と向き合うテーマを軽やかに、しかし深く描いた住野よるのデビュー作,90,0,https://books.kuras-plus.com/works/1xw50s3,"index,follow",true,false,false,false,,index,あらすじあり。index対象。
/works/1xx8t19,work,戦隊大失格,,0,0,https://books.kuras-plus.com/works/1xx8t19,"noindex,follow",false,true,false,false,,noindex,"summary・タグともになし。薄いコンテンツとして noindex,follow（既存方針）。"
/works/1xx98n1,work,そして誰もいなくなった,孤島に招かれた10人が一人また一人と消えていく本格ミステリの金字塔。アガサ・クリスティーが生み出した史上最高の密室サスペンスで、世界中で愛され続ける推理小説の永,85,0,https://books.kuras-plus.com/works/1xx98n1,"index,follow",true,false,false,false,,index,あらすじあり。index対象。
/works/1xy9sc2,work,信長のシェフ,,0,0,https://books.kuras-plus.com/works/1xy9sc2,"noindex,follow",false,true,false,false,,noindex,"summary・タグともになし。薄いコンテンツとして noindex,follow（既存方針）。"
/works/1xytg7s,work,ピンポン,天才と努力の概念をテニスの卓球少年たちを通して鮮烈に描くスポーツ漫画。松本大洋独特の個性的な画風と哲学的なテーマが融合した芸術的作品で、スポーツ漫画の枠を超えた,88,0,https://books.kuras-plus.com/works/1xytg7s,"index,follow",true,false,false,false,,index,あらすじあり。index対象。
/works/1y0hyv0,work,タイタンの妖女,火星から土星の衛星タイタンまで、壮大な宇宙を舞台に人類の運命と自由意志の虚しさを描くカート・ヴォネガットの傑作SF。ブラックユーモアと哲学的洞察に満ちた作品で、,134,0,https://books.kuras-plus.com/works/1y0hyv0,"index,follow",true,false,false,false,,index,あらすじあり。index対象。
/works/1y0jyom,work,日本SFの臨界点. 怪奇篇,日本SFの知られざる傑作を発掘し、光を当てる伴名練編のアンソロジー「怪奇篇」。SF的な想像力と怪奇幻想が融合した作品群は、背筋を凍らせながらも知的興奮を呼び起こ,213,0,https://books.kuras-plus.com/works/1y0jyom,"index,follow",true,false,false,false,,index,あらすじあり。index対象。
/works/1y1fbso,work,ゆらぎ荘の幽奈さん カラー版,,0,0,https://books.kuras-plus.com/works/1y1fbso,"noindex,follow",false,true,false,false,,noindex,"summary・タグともになし。薄いコンテンツとして noindex,follow（既存方針）。"
/works/1y1zkim,work,ジェノサイド　下,コンゴの傭兵、日本の大学院生、ホワイトハウスの大統領——三つの物語が交錯するとき、人類の存亡をかけた壮大な真実が姿を現す。新たに誕生した超知性体は、人類にとって,191,0,https://books.kuras-plus.com/works/1y1zkim,"index,follow",true,false,false,false,,index,あらすじあり。index対象。
/works/1y2rp6g,work,光が死んだ夏,,0,0,https://books.kuras-plus.com/works/1y2rp6g,"noindex,follow",false,true,false,false,,noindex,"summary・タグともになし。薄いコンテンツとして noindex,follow（既存方針）。"
/works/1y404sk,work,鬼平犯科帳.,江戸時代の火付盗賊改方長官・長谷川平蔵が、悪を懲らしめながら人情味あふれる捕物を繰り広げる池波正太郎の代表作。料理や江戸の風俗描写も魅力的で、読むだけで江戸の空,129,0,https://books.kuras-plus.com/works/1y404sk,"index,follow",true,false,false,false,,index,あらすじあり。index対象。
/works/1y42gw4,work,失われた少女,,0,0,https://books.kuras-plus.com/works/1y42gw4,"index,follow",true,false,false,false,,strengthen,タグのみ。あらすじ追記で強化推奨。
/works/1y50xpt,work,そこに無い家に呼ばれる,,0,0,https://books.kuras-plus.com/works/1y50xpt,"index,follow",true,false,false,false,,strengthen,タグのみ。あらすじ追記で強化推奨。
/works/1y7dp4u,work,汝、星のごとく,,0,0,https://books.kuras-plus.com/works/1y7dp4u,"index,follow",true,false,false,false,,strengthen,タグのみ。あらすじ追記で強化推奨。
/works/1y7q3qb,work,三国志,,0,0,https://books.kuras-plus.com/works/1y7q3qb,"noindex,follow",false,true,false,false,,noindex,"summary・タグともになし。薄いコンテンツとして noindex,follow（既存方針）。"
/works/1y8ghce,work,ＧＴＯ　パラダイス・ロスト　改,,0,0,https://books.kuras-plus.com/works/1y8ghce,"noindex,follow",false,true,false,false,,noindex,"summary・タグともになし。薄いコンテンツとして noindex,follow（既存方針）。"
/works/1y9hior,work,らんま1/2,,0,0,https://books.kuras-plus.com/works/1y9hior,"noindex,follow",false,true,false,false,,noindex,"summary・タグともになし。薄いコンテンツとして noindex,follow（既存方針）。"
/works/1yan7us,work,バキ,,0,0,https://books.kuras-plus.com/works/1yan7us,"noindex,follow",false,true,false,false,,noindex,"summary・タグともになし。薄いコンテンツとして noindex,follow（既存方針）。"
/works/1yb0itz,work,現代日本文学大系,,0,0,https://books.kuras-plus.com/works/1yb0itz,"index,follow",true,false,false,false,,strengthen,タグのみ。あらすじ追記で強化推奨。
/works/1ybbt0v,work,ああっ女神さまっ,,0,0,https://books.kuras-plus.com/works/1ybbt0v,"noindex,follow",false,true,false,false,,noindex,"summary・タグともになし。薄いコンテンツとして noindex,follow（既存方針）。"
/works/1ybzqix,work,今すぐ使えるかんたん文庫　ラクして儲ける　ネット副業,,0,0,https://books.kuras-plus.com/works/1ybzqix,"index,follow",true,false,false,false,,strengthen,タグのみ。あらすじ追記で強化推奨。
/works/1ycibii,work,蒼天航路,,0,0,https://books.kuras-plus.com/works/1ycibii,"noindex,follow",false,true,false,false,,noindex,"summary・タグともになし。薄いコンテンツとして noindex,follow（既存方針）。"
/works/1ycw3o9,work,陸王,,0,0,https://books.kuras-plus.com/works/1ycw3o9,"noindex,follow",false,true,false,false,,noindex,"summary・タグともになし。薄いコンテンツとして noindex,follow（既存方針）。"
/works/1ydw114,work,極主夫道,,0,0,https://books.kuras-plus.com/works/1ydw114,"noindex,follow",false,true,false,false,,noindex,"summary・タグともになし。薄いコンテンツとして noindex,follow（既存方針）。"
/works/1ye7tym,work,風の谷のナウシカ,宮崎駿が描いた壮大なエコロジーSFファンタジー漫画の原作。滅びゆく世界と共存を探す少女ナウシカの姿を通じ、文明・自然・生命の本質を深く問いかける不朽の大作。,78,0,https://books.kuras-plus.com/works/1ye7tym,"index,follow",true,false,false,false,,index,あらすじあり。index対象。
/works/1yemcaj,work,蒼天航路,,0,0,https://books.kuras-plus.com/works/1yemcaj,"noindex,follow",false,true,false,false,,noindex,"summary・タグともになし。薄いコンテンツとして noindex,follow（既存方針）。"
/works/1yhzwus,work,ドラフトキング,プロ野球のスカウトが主人公の野球ビジネス漫画。選手を発掘・育成する裏側の世界と、スカウトたちの人間ドラマを描き、プレイヤー視点とは異なる野球の魅力を伝える。,78,0,https://books.kuras-plus.com/works/1yhzwus,"index,follow",true,false,false,false,,index,あらすじあり。index対象。
/works/1ykn0t2,work,"国境の南,太陽の西",幸福な家庭を持ちながら初恋の女性への想いを断ち切れない男を描く村上春樹の恋愛小説。喪失と記憶の哀愁が美しい文体で描かれ、大人の切ない感情に深く共鳴する村上文学の,87,0,https://books.kuras-plus.com/works/1ykn0t2,"index,follow",true,false,false,false,,index,あらすじあり。index対象。
/works/1ym0c6p,work,終わりのセラフ,人類が滅亡した世界で鬼と戦う少年たちの絆と復讐を描くダークファンタジー漫画。重厚な世界観と仲間への深い感情が物語を牽引する、少年誌の本格ダーク作品。,74,0,https://books.kuras-plus.com/works/1ym0c6p,"index,follow",true,false,false,false,,index,あらすじあり。index対象。
/works/1yn4za3,work,元悪役令嬢とS級冒険者のほのぼの街暮らし～不遇なキャラに転生してたけど、理想の美女になれたからプラマイゼロだよね～@COMIC,,0,0,https://books.kuras-plus.com/works/1yn4za3,"noindex,follow",false,true,false,false,,noindex,"summary・タグともになし。薄いコンテンツとして noindex,follow（既存方針）。"
/works/1yngwxu,work,ヴァンパイア騎士 memories,,0,0,https://books.kuras-plus.com/works/1yngwxu,"noindex,follow",false,true,false,false,,noindex,"summary・タグともになし。薄いコンテンツとして noindex,follow（既存方針）。"
/works/1ynrll4,work,めぞん一刻〔新装版〕,,0,0,https://books.kuras-plus.com/works/1ynrll4,"noindex,follow",false,true,false,false,,noindex,"summary・タグともになし。薄いコンテンツとして noindex,follow（既存方針）。"
/works/1ynsga3,work,日本SF・幼年期の終り,,0,0,https://books.kuras-plus.com/works/1ynsga3,"index,follow",true,false,false,false,,strengthen,タグのみ。あらすじ追記で強化推奨。
/works/1ynx8im,work,クロスファイア,念力放火能力（パイロキネシス）を持つ青木淳子は、法で裁けない犯罪者たちを自らの炎で処刑していく。正義のための殺人は許されるのか——宮部みゆきが超能力という設定を,190,0,https://books.kuras-plus.com/works/1ynx8im,"index,follow",true,false,false,false,,index,あらすじあり。index対象。
/works/1yp6wot,work,1日外出録ハンチョウ,,0,0,https://books.kuras-plus.com/works/1yp6wot,"noindex,follow",false,true,false,false,,noindex,"summary・タグともになし。薄いコンテンツとして noindex,follow（既存方針）。"
/works/1yqwx5r,work,銀河英雄伝説,,0,0,https://books.kuras-plus.com/works/1yqwx5r,"index,follow",true,false,false,false,,strengthen,タグのみ。あらすじ追記で強化推奨。
/works/1ys89w3,work,ハカイジュウ（5）,,0,0,https://books.kuras-plus.com/works/1ys89w3,"noindex,follow",false,true,false,false,,noindex,"summary・タグともになし。薄いコンテンツとして noindex,follow（既存方針）。"
/works/1ys9kr9,work,SF・近未来イラストメイキング講座,,0,0,https://books.kuras-plus.com/works/1ys9kr9,"index,follow",true,false,false,false,,strengthen,タグのみ。あらすじ追記で強化推奨。
/works/1yslvqb,work,約束のネバーランド,,0,0,https://books.kuras-plus.com/works/1yslvqb,"noindex,follow",false,true,false,false,,noindex,"summary・タグともになし。薄いコンテンツとして noindex,follow（既存方針）。"
/works/1ytttd6,work,天気の子,,0,0,https://books.kuras-plus.com/works/1ytttd6,"index,follow",true,false,false,false,,strengthen,タグのみ。あらすじ追記で強化推奨。
/works/1yurbwr,work,闇の末裔,,0,0,https://books.kuras-plus.com/works/1yurbwr,"noindex,follow",false,true,false,false,,noindex,"summary・タグともになし。薄いコンテンツとして noindex,follow（既存方針）。"
/works/1yw1biv,work,1日1話 366日の感動物語 ②7月1日～9月30日,夏から初秋にかけての92日間、毎日ひとつずつ心に響く物語を届ける感動のアンソロジー第二巻。実話に基づくエピソードや珠玉のフィクションが、笑顔や涙、温かな気持ちを,207,0,https://books.kuras-plus.com/works/1yw1biv,"index,follow",true,false,false,false,,index,あらすじあり。index対象。
/works/1yxfjzx,work,トリリオンゲーム【単話】,,0,0,https://books.kuras-plus.com/works/1yxfjzx,"noindex,follow",false,true,false,false,,noindex,"summary・タグともになし。薄いコンテンツとして noindex,follow（既存方針）。"
/works/1yxjrc6,work,Dr.スランプ完全版,,0,0,https://books.kuras-plus.com/works/1yxjrc6,"noindex,follow",false,true,false,false,,noindex,"summary・タグともになし。薄いコンテンツとして noindex,follow（既存方針）。"
/works/1yyuoci,work,ルリドラゴン,ある日突然ドラゴンの角が生えた女子高生の日常を描くほのぼの漫画。不思議な体質と向き合いながら過ごす高校生活が穏やかに綴られ、独特の空気感が心地よい青春ファンタジ,82,0,https://books.kuras-plus.com/works/1yyuoci,"index,follow",true,false,false,false,,index,あらすじあり。index対象。
/works/1yzst7n,work,真説ボボボーボ・ボーボボ,髪の毛を武器に戦う主人公ボーボボが繰り広げる完全無欠のギャグ漫画。常識を超えた奇想天外な笑いの連続で、読者を笑いの彼方へ連れ去る唯一無二のカオス系コメディ。,78,0,https://books.kuras-plus.com/works/1yzst7n,"index,follow",true,false,false,false,,index,あらすじあり。index対象。
/works/manga__%E3%81%82%E3%81%9D%E3%81%B3%E3%81%82%E3%81%9D%E3%81%B0%E3%81%9B__%E6%B6%BC%E5%B7%9D%E3%82%8A%E3%82%93,work,あそびあそばせ,陰キャ・陽キャ・帰国子女の謎の「遊び研究部」爆笑コメディ,28,0,https://books.kuras-plus.com/works/manga__%E3%81%82%E3%81%9D%E3%81%B3%E3%81%82%E3%81%9D%E3%81%B0%E3%81%9B__%E6%B6%BC%E5%B7%9D%E3%82%8A%E3%82%93,"index,follow",true,false,false,false,,index,あらすじあり。index対象。
/works/manga__%E3%81%86%E3%82%8B%E6%98%9F%E3%82%84%E3%81%A4%E3%82%89_%E6%96%B0%E8%A3%85%E7%89%88__%E9%AB%98%E6%A9%8B%E7%95%99%E7%BE%8E%E5%AD%90,work,うる星やつら〔新装版〕,,0,0,https://books.kuras-plus.com/works/manga__%E3%81%86%E3%82%8B%E6%98%9F%E3%82%84%E3%81%A4%E3%82%89_%E6%96%B0%E8%A3%85%E7%89%88__%E9%AB%98%E6%A9%8B%E7%95%99%E7%BE%8E%E5%AD%90,"noindex,follow",false,true,false,false,,noindex,"summary・タグともになし。薄いコンテンツとして noindex,follow（既存方針）。"
/works/manga__%E3%81%8B%E3%81%90%E3%82%84%E6%A7%98%E3%81%AF%E5%91%8A%E3%82%89%E3%81%9B%E3%81%9F%E3%81%84_%E5%90%8C%E4%BA%BA%E7%89%88__%E8%B5%A4%E5%9D%82%E3%82%A2%E3%82%AB,work,かぐや様は告らせたい 同人版,,0,0,https://books.kuras-plus.com/works/manga__%E3%81%8B%E3%81%90%E3%82%84%E6%A7%98%E3%81%AF%E5%91%8A%E3%82%89%E3%81%9B%E3%81%9F%E3%81%84_%E5%90%8C%E4%BA%BA%E7%89%88__%E8%B5%A4%E5%9D%82%E3%82%A2%E3%82%AB,"noindex,follow",false,true,false,false,,noindex,"summary・タグともになし。薄いコンテンツとして noindex,follow（既存方針）。"
/works/manga__%E3%81%90%E3%82%89%E3%82%93%E3%81%B6%E3%82%8B__%E4%BA%95%E4%B8%8A%E5%A0%85%E4%BA%8C,work,ぐらんぶる,ダイビングサークルの爆笑エピソードが止まらない青春コメディ,29,0,https://books.kuras-plus.com/works/manga__%E3%81%90%E3%82%89%E3%82%93%E3%81%B6%E3%82%8B__%E4%BA%95%E4%B8%8A%E5%A0%85%E4%BA%8C,"index,follow",true,false,false,false,,index,あらすじあり。index対象。
/works/manga__%E3%81%93%E3%81%A1%E3%82%89%E8%91%9B%E9%A3%BE%E5%8C%BA%E4%BA%80%E6%9C%89%E5%85%AC%E5%9C%92%E5%89%8D%E6%B4%BE%E5%87%BA%E6%89%80__%E7%A7%8B%E6%9C%AC%E6%B2%BB,work,こちら葛飾区亀有公園前派出所,,0,0,https://books.kuras-plus.com/works/manga__%E3%81%93%E3%81%A1%E3%82%89%E8%91%9B%E9%A3%BE%E5%8C%BA%E4%BA%80%E6%9C%89%E5%85%AC%E5%9C%92%E5%89%8D%E6%B4%BE%E5%87%BA%E6%89%80__%E7%A7%8B%E6%9C%AC%E6%B2%BB,"noindex,follow",false,true,false,false,,noindex,"summary・タグともになし。薄いコンテンツとして noindex,follow（既存方針）。"
/works/manga__%E3%81%95%E3%82%93%E3%81%8B%E3%82%8C%E3%81%82__%E3%81%AF%E3%81%A3%E3%81%A8%E3%82%8A%E3%81%BF%E3%81%A4%E3%82%8B,work,さんかれあ,,0,0,https://books.kuras-plus.com/works/manga__%E3%81%95%E3%82%93%E3%81%8B%E3%82%8C%E3%81%82__%E3%81%AF%E3%81%A3%E3%81%A8%E3%82%8A%E3%81%BF%E3%81%A4%E3%82%8B,"noindex,follow",false,true,false,false,,noindex,"summary・タグともになし。薄いコンテンツとして noindex,follow（既存方針）。"
/works/manga__%E3%81%9D%E3%82%8C%E3%81%A7%E3%82%82%E7%94%BA%E3%81%AF%E5%BB%BB%E3%81%A3%E3%81%A6%E3%81%84%E3%82%8B__%E7%9F%B3%E9%BB%92%E6%AD%A3%E6%95%B0,work,それでも町は廻っている,,0,0,https://books.kuras-plus.com/works/manga__%E3%81%9D%E3%82%8C%E3%81%A7%E3%82%82%E7%94%BA%E3%81%AF%E5%BB%BB%E3%81%A3%E3%81%A6%E3%81%84%E3%82%8B__%E7%9F%B3%E9%BB%92%E6%AD%A3%E6%95%B0,"noindex,follow",false,true,false,false,,noindex,"summary・タグともになし。薄いコンテンツとして noindex,follow（既存方針）。"
/works/manga__%E3%81%A7%E3%81%82%E3%81%84%E3%82%82%E3%82%93__%E6%B5%85%E9%87%8E%E3%82%8A%E3%82%93,work,であいもん,,0,0,https://books.kuras-plus.com/works/manga__%E3%81%A7%E3%81%82%E3%81%84%E3%82%82%E3%82%93__%E6%B5%85%E9%87%8E%E3%82%8A%E3%82%93,"noindex,follow",false,true,false,false,,noindex,"summary・タグともになし。薄いコンテンツとして noindex,follow（既存方針）。"
/works/manga__%E3%81%A8%E3%82%93%E3%81%8C%E3%82%8A%E5%B8%BD%E5%AD%90%E3%81%AE%E3%82%A2%E3%83%88%E3%83%AA%E3%82%A8__%E7%99%BD%E6%B5%9C%E9%B4%8E,work,とんがり帽子のアトリエ,,0,0,https://books.kuras-plus.com/works/manga__%E3%81%A8%E3%82%93%E3%81%8C%E3%82%8A%E5%B8%BD%E5%AD%90%E3%81%AE%E3%82%A2%E3%83%88%E3%83%AA%E3%82%A8__%E7%99%BD%E6%B5%9C%E9%B4%8E,"noindex,follow",false,true,false,false,,noindex,"summary・タグともになし。薄いコンテンツとして noindex,follow（既存方針）。"
/works/manga__%E3%81%AA%E3%82%8B%E3%81%9F%E3%82%8B__%E9%AC%BC%E9%A0%AD%E8%8E%AB%E5%AE%8F,work,なるたる,,0,0,https://books.kuras-plus.com/works/manga__%E3%81%AA%E3%82%8B%E3%81%9F%E3%82%8B__%E9%AC%BC%E9%A0%AD%E8%8E%AB%E5%AE%8F,"noindex,follow",false,true,false,false,,noindex,"summary・タグともになし。薄いコンテンツとして noindex,follow（既存方針）。"
/works/manga__%E3%81%B2%E3%81%90%E3%82%89%E3%81%97%E3%81%AE%E3%81%AA%E3%81%8F%E9%A0%83%E3%81%AB__%E7%AB%9C%E9%A8%8E%E5%A3%AB07,work,ひぐらしのなく頃に,,0,0,https://books.kuras-plus.com/works/manga__%E3%81%B2%E3%81%90%E3%82%89%E3%81%97%E3%81%AE%E3%81%AA%E3%81%8F%E9%A0%83%E3%81%AB__%E7%AB%9C%E9%A8%8E%E5%A3%AB07,"noindex,follow",false,true,false,false,,noindex,"summary・タグともになし。薄いコンテンツとして noindex,follow（既存方針）。"
/works/manga__%E3%81%BF%E3%81%AA%E3%81%BF%E3%81%91__%E6%A1%9C%E5%A0%B4%E3%82%B3%E3%83%8F%E3%83%AB,work,みなみけ,,0,0,https://books.kuras-plus.com/works/manga__%E3%81%BF%E3%81%AA%E3%81%BF%E3%81%91__%E6%A1%9C%E5%A0%B4%E3%82%B3%E3%83%8F%E3%83%AB,"noindex,follow",false,true,false,false,,noindex,"summary・タグともになし。薄いコンテンツとして noindex,follow（既存方針）。"
/works/manga__%E3%82%89%E3%82%93%E3%81%BE1_2_%E6%96%B0%E8%A3%85%E7%89%88__%E9%AB%98%E6%A9%8B%E7%95%99%E7%BE%8E%E5%AD%90,work,らんま1/2〔新装版〕,,0,0,https://books.kuras-plus.com/works/manga__%E3%82%89%E3%82%93%E3%81%BE1_2_%E6%96%B0%E8%A3%85%E7%89%88__%E9%AB%98%E6%A9%8B%E7%95%99%E7%BE%8E%E5%AD%90,"noindex,follow",false,true,false,false,,noindex,"summary・タグともになし。薄いコンテンツとして noindex,follow（既存方針）。"
/works/manga__%E3%82%AA%E3%83%BC%E3%83%90%E3%83%BC%E3%83%AD%E3%83%BC%E3%83%89__%E4%B8%B8%E5%B1%B1%E3%81%8F%E3%81%8C%E3%81%AD,work,オーバーロード,,0,0,https://books.kuras-plus.com/works/manga__%E3%82%AA%E3%83%BC%E3%83%90%E3%83%BC%E3%83%AD%E3%83%BC%E3%83%89__%E4%B8%B8%E5%B1%B1%E3%81%8F%E3%81%8C%E3%81%AD,"noindex,follow",false,true,false,false,,noindex,"summary・タグともになし。薄いコンテンツとして noindex,follow（既存方針）。"
/works/manga__%E3%82%B0%E3%83%A9%E3%83%83%E3%83%97%E3%83%A9%E3%83%BC%E5%88%83%E7%89%99__%E5%A4%A2%E6%9E%95%E7%8D%8F,work,グラップラー刃牙,,0,0,https://books.kuras-plus.com/works/manga__%E3%82%B0%E3%83%A9%E3%83%83%E3%83%97%E3%83%A9%E3%83%BC%E5%88%83%E7%89%99__%E5%A4%A2%E6%9E%95%E7%8D%8F,"noindex,follow",false,true,false,false,,noindex,"summary・タグともになし。薄いコンテンツとして noindex,follow（既存方針）。"
/works/manga__%E3%82%B1%E3%83%B3%E3%82%AC%E3%83%B3%E3%82%A2%E3%82%B7%E3%83%A5%E3%83%A9__%E3%82%B5%E3%83%B3%E3%83%89%E3%83%AD%E3%83%93%E3%83%83%E3%83%81%E3%83%BB%E3%83%A4%E3%83%90,work,ケンガンアシュラ,,0,0,https://books.kuras-plus.com/works/manga__%E3%82%B1%E3%83%B3%E3%82%AC%E3%83%B3%E3%82%A2%E3%82%B7%E3%83%A5%E3%83%A9__%E3%82%B5%E3%83%B3%E3%83%89%E3%83%AD%E3%83%93%E3%83%83%E3%83%81%E3%83%BB%E3%83%A4%E3%83%90,"noindex,follow",false,true,false,false,,noindex,"summary・タグともになし。薄いコンテンツとして noindex,follow（既存方針）。"
/works/manga__%E3%82%B8%E3%83%A7%E3%82%B8%E3%83%A7%E3%81%AE%E5%A5%87%E5%A6%99%E3%81%AA%E5%86%92%E9%99%BA_%E7%AC%AC9%E9%83%A8_%E3%82%B6%E3%82%B8%E3%83%A7%E3%82%B8%E3%83%A7%E3%83%A9%E3%83%B3%E3%82%BA__%E8%8D%92%E6%9C%A8%E9%A3%9B%E5%91%82%E5%BD%A6,work,ジョジョの奇妙な冒険 第9部 ザ・ジョジョランズ,スタンド能力と奇妙な運命が世代を超えて続く伝説のバトル漫画,29,0,https://books.kuras-plus.com/works/manga__%E3%82%B8%E3%83%A7%E3%82%B8%E3%83%A7%E3%81%AE%E5%A5%87%E5%A6%99%E3%81%AA%E5%86%92%E9%99%BA_%E7%AC%AC9%E9%83%A8_%E3%82%B6%E3%82%B8%E3%83%A7%E3%82%B8%E3%83%A7%E3%83%A9%E3%83%B3%E3%82%BA__%E8%8D%92%E6%9C%A8%E9%A3%9B%E5%91%82%E5%BD%A6,"index,follow",true,false,false,false,,index,あらすじあり。index対象。
/works/manga__%E3%83%89%E3%83%A9%E3%82%B4%E3%83%B3%E3%83%9C%E3%83%BC%E3%83%AB%E8%B6%85__%E3%81%A8%E3%82%88%E3%81%9F%E3%82%8D%E3%81%86,work,ドラゴンボール超,,0,0,https://books.kuras-plus.com/works/manga__%E3%83%89%E3%83%A9%E3%82%B4%E3%83%B3%E3%83%9C%E3%83%BC%E3%83%AB%E8%B6%85__%E3%81%A8%E3%82%88%E3%81%9F%E3%82%8D%E3%81%86,"noindex,follow",false,true,false,false,,noindex,"summary・タグともになし。薄いコンテンツとして noindex,follow（既存方針）。"
/works/manga__%E3%83%8F%E3%82%AB%E3%82%A4%E3%82%B8%E3%83%A5%E3%82%A6__%E6%9C%AC%E7%94%B0%E7%9C%9F%E5%90%BE,work,ハカイジュウ,,0,0,https://books.kuras-plus.com/works/manga__%E3%83%8F%E3%82%AB%E3%82%A4%E3%82%B8%E3%83%A5%E3%82%A6__%E6%9C%AC%E7%94%B0%E7%9C%9F%E5%90%BE,"noindex,follow",false,true,false,false,,noindex,"summary・タグともになし。薄いコンテンツとして noindex,follow（既存方針）。"
/works/manga__%E3%83%92%E3%83%8A%E3%81%BE%E3%81%A4%E3%82%8A__%E5%A4%A7%E6%AD%A6%E6%94%BF%E5%A4%AB,work,ヒナまつり,,0,0,https://books.kuras-plus.com/works/manga__%E3%83%92%E3%83%8A%E3%81%BE%E3%81%A4%E3%82%8A__%E5%A4%A7%E6%AD%A6%E6%94%BF%E5%A4%AB,"noindex,follow",false,true,false,false,,noindex,"summary・タグともになし。薄いコンテンツとして noindex,follow（既存方針）。"
/works/manga__%E3%83%9E%E3%82%AE__%E5%A4%A7%E9%AB%98%E5%BF%8D,work,マギ,,0,0,https://books.kuras-plus.com/works/manga__%E3%83%9E%E3%82%AE__%E5%A4%A7%E9%AB%98%E5%BF%8D,"noindex,follow",false,true,false,false,,noindex,"summary・タグともになし。薄いコンテンツとして noindex,follow（既存方針）。"
/works/manga__%E3%83%9F%E3%82%B9%E3%83%9F%E3%82%BD%E3%82%A6__%E6%8A%BC%E5%88%87%E8%93%AE%E4%BB%8B,work,ミスミソウ,,0,0,https://books.kuras-plus.com/works/manga__%E3%83%9F%E3%82%B9%E3%83%9F%E3%82%BD%E3%82%A6__%E6%8A%BC%E5%88%87%E8%93%AE%E4%BB%8B,"noindex,follow",false,true,false,false,,noindex,"summary・タグともになし。薄いコンテンツとして noindex,follow（既存方針）。"
/works/manga__%E3%83%A2%E3%83%B3%E3%82%AD%E3%83%BC%E3%83%94%E3%83%BC%E3%82%AF__%E5%BF%97%E5%90%8D%E5%9D%82%E9%AB%98%E6%AC%A1,work,モンキーピーク,,0,0,https://books.kuras-plus.com/works/manga__%E3%83%A2%E3%83%B3%E3%82%AD%E3%83%BC%E3%83%94%E3%83%BC%E3%82%AF__%E5%BF%97%E5%90%8D%E5%9D%82%E9%AB%98%E6%AC%A1,"noindex,follow",false,true,false,false,,noindex,"summary・タグともになし。薄いコンテンツとして noindex,follow（既存方針）。"
/works/manga__%E3%83%B4%E3%82%A1%E3%83%8B%E3%82%BF%E3%82%B9%E3%81%AE%E6%89%8B%E8%A8%98__%E6%9C%9B%E6%9C%88%E6%B7%B3,work,ヴァニタスの手記,,0,0,https://books.kuras-plus.com/works/manga__%E3%83%B4%E3%82%A1%E3%83%8B%E3%82%BF%E3%82%B9%E3%81%AE%E6%89%8B%E8%A8%98__%E6%9C%9B%E6%9C%88%E6%B7%B3,"noindex,follow",false,true,false,false,,noindex,"summary・タグともになし。薄いコンテンツとして noindex,follow（既存方針）。"
/works/manga__%E4%B8%83%E3%81%A4%E3%81%AE%E5%A4%A7%E7%BD%AA__%E9%88%B4%E6%9C%A8%E5%A4%AE,work,七つの大罪,,0,0,https://books.kuras-plus.com/works/manga__%E4%B8%83%E3%81%A4%E3%81%AE%E5%A4%A7%E7%BD%AA__%E9%88%B4%E6%9C%A8%E5%A4%AE,"noindex,follow",false,true,false,false,,noindex,"summary・タグともになし。薄いコンテンツとして noindex,follow（既存方針）。"
/works/manga__%E4%B8%8D%E5%AE%89%E3%81%AE%E7%A8%AE__%E4%B8%AD%E5%B1%B1%E6%98%8C%E4%BA%AE,work,不安の種,,0,0,https://books.kuras-plus.com/works/manga__%E4%B8%8D%E5%AE%89%E3%81%AE%E7%A8%AE__%E4%B8%AD%E5%B1%B1%E6%98%8C%E4%BA%AE,"noindex,follow",false,true,false,false,,noindex,"summary・タグともになし。薄いコンテンツとして noindex,follow（既存方針）。"
/works/manga__%E4%BC%8A%E8%97%A4%E6%BD%A4%E4%BA%8C%E5%82%91%E4%BD%9C%E9%9B%86__%E4%BC%8A%E8%97%A4%E6%BD%A4%E4%BA%8C,work,伊藤潤二傑作集,,0,0,https://books.kuras-plus.com/works/manga__%E4%BC%8A%E8%97%A4%E6%BD%A4%E4%BA%8C%E5%82%91%E4%BD%9C%E9%9B%86__%E4%BC%8A%E8%97%A4%E6%BD%A4%E4%BA%8C,"noindex,follow",false,true,false,false,,noindex,"summary・タグともになし。薄いコンテンツとして noindex,follow（既存方針）。"
/works/manga__%E5%9C%B0%E7%8D%84%E5%85%88%E7%94%9F%E3%81%AC%E3%81%B9s__%E7%9C%9F%E5%80%89%E7%BF%94,work,地獄先生ぬ～べ～S,,0,0,https://books.kuras-plus.com/works/manga__%E5%9C%B0%E7%8D%84%E5%85%88%E7%94%9F%E3%81%AC%E3%81%B9s__%E7%9C%9F%E5%80%89%E7%BF%94,"noindex,follow",false,true,false,false,,noindex,"summary・タグともになし。薄いコンテンツとして noindex,follow（既存方針）。"
/works/manga__%E5%9D%82%E6%9C%AC%E3%81%A7%E3%81%99%E3%81%8C__%E4%BD%90%E9%87%8E%E8%8F%9C%E8%A6%8B,work,坂本ですが?,何をやっても完璧なハイスペック男子・坂本くんの爆笑日常,27,0,https://books.kuras-plus.com/works/manga__%E5%9D%82%E6%9C%AC%E3%81%A7%E3%81%99%E3%81%8C__%E4%BD%90%E9%87%8E%E8%8F%9C%E8%A6%8B,"index,follow",true,false,false,false,,index,あらすじあり。index対象。
/works/manga__%E5%A5%B3%E5%AD%90%E9%AB%98%E7%94%9F%E3%81%AE%E7%84%A1%E9%A7%84%E3%81%A5%E3%81%8B%E3%81%84__%E3%83%93%E3%83%BC%E3%83%8E,work,女子高生の無駄づかい,名前の通り「無駄」しかない女子高生の爆笑日常,22,0,https://books.kuras-plus.com/works/manga__%E5%A5%B3%E5%AD%90%E9%AB%98%E7%94%9F%E3%81%AE%E7%84%A1%E9%A7%84%E3%81%A5%E3%81%8B%E3%81%84__%E3%83%93%E3%83%BC%E3%83%8E,"index,follow",true,false,false,false,,index,あらすじあり。index対象。
/works/manga__%E5%AD%A6%E6%A0%A1%E6%80%AA%E8%AB%87__%E9%AB%98%E6%A9%8B%E8%91%89%E4%BB%8B,work,学校怪談,,0,0,https://books.kuras-plus.com/works/manga__%E5%AD%A6%E6%A0%A1%E6%80%AA%E8%AB%87__%E9%AB%98%E6%A9%8B%E8%91%89%E4%BB%8B,"noindex,follow",false,true,false,false,,noindex,"summary・タグともになし。薄いコンテンツとして noindex,follow（既存方針）。"
/works/manga__%E5%BD%BC%E5%B2%B8%E5%B3%B6__%E6%9D%BE%E6%9C%AC%E5%85%89%E5%8F%B8,work,彼岸島,,0,0,https://books.kuras-plus.com/works/manga__%E5%BD%BC%E5%B2%B8%E5%B3%B6__%E6%9D%BE%E6%9C%AC%E5%85%89%E5%8F%B8,"noindex,follow",false,true,false,false,,noindex,"summary・タグともになし。薄いコンテンツとして noindex,follow（既存方針）。"
/works/manga__%E6%96%89%E6%9C%A8%E6%A5%A0%E9%9B%84%E3%81%AE_%E9%9B%A3__%E9%BA%BB%E7%94%9F%E5%91%A8%E4%B8%80,work,斉木楠雄のΨ難,,0,0,https://books.kuras-plus.com/works/manga__%E6%96%89%E6%9C%A8%E6%A5%A0%E9%9B%84%E3%81%AE_%E9%9B%A3__%E9%BA%BB%E7%94%9F%E5%91%A8%E4%B8%80,"noindex,follow",false,true,false,false,,noindex,"summary・タグともになし。薄いコンテンツとして noindex,follow（既存方針）。"
/works/manga__%E6%97%A5%E5%B8%B8__%E3%81%82%E3%82%89%E3%82%90%E3%81%91%E3%81%84%E3%81%84%E3%81%A1,work,日常,「日常」なのに何かがおかしい、独特のシュール感が中毒性抜群,29,0,https://books.kuras-plus.com/works/manga__%E6%97%A5%E5%B8%B8__%E3%81%82%E3%82%89%E3%82%90%E3%81%91%E3%81%84%E3%81%84%E3%81%A1,"index,follow",true,false,false,false,,index,あらすじあり。index対象。
/works/manga__%E6%9C%88%E5%88%8A%E5%B0%91%E5%A5%B3%E9%87%8E%E5%B4%8E%E3%81%8F%E3%82%93__%E6%A4%BF%E3%81%84%E3%81%A5%E3%81%BF,work,月刊少女野崎くん,,0,0,https://books.kuras-plus.com/works/manga__%E6%9C%88%E5%88%8A%E5%B0%91%E5%A5%B3%E9%87%8E%E5%B4%8E%E3%81%8F%E3%82%93__%E6%A4%BF%E3%81%84%E3%81%A5%E3%81%BF,"noindex,follow",false,true,false,false,,noindex,"summary・タグともになし。薄いコンテンツとして noindex,follow（既存方針）。"
/works/manga__%E6%BC%82%E6%B5%81%E6%95%99%E5%AE%A4__%E6%A5%B3%E5%9B%B3%E3%81%8B%E3%81%9A%E3%81%8A,work,漂流教室,,0,0,https://books.kuras-plus.com/works/manga__%E6%BC%82%E6%B5%81%E6%95%99%E5%AE%A4__%E6%A5%B3%E5%9B%B3%E3%81%8B%E3%81%9A%E3%81%8A,"noindex,follow",false,true,false,false,,noindex,"summary・タグともになし。薄いコンテンツとして noindex,follow（既存方針）。"
/works/manga__%E7%81%B0%E3%81%A8%E5%B9%BB%E6%83%B3%E3%81%AE%E3%82%B0%E3%83%AA%E3%83%A0%E3%82%AC%E3%83%AB__%E5%8D%81%E6%96%87%E5%AD%97%E9%9D%92,work,灰と幻想のグリムガル,,0,0,https://books.kuras-plus.com/works/manga__%E7%81%B0%E3%81%A8%E5%B9%BB%E6%83%B3%E3%81%AE%E3%82%B0%E3%83%AA%E3%83%A0%E3%82%AC%E3%83%AB__%E5%8D%81%E6%96%87%E5%AD%97%E9%9D%92,"noindex,follow",false,true,false,false,,noindex,"summary・タグともになし。薄いコンテンツとして noindex,follow（既存方針）。"
/works/manga__%E7%82%8E%E7%82%8E%E3%83%8E%E6%B6%88%E9%98%B2%E9%9A%8A__%E5%A4%A7%E4%B9%85%E4%BF%9D%E7%AF%A4,work,炎炎ノ消防隊,炎を操る消防士たちの熱いバトルと世界の謎を追う,23,0,https://books.kuras-plus.com/works/manga__%E7%82%8E%E7%82%8E%E3%83%8E%E6%B6%88%E9%98%B2%E9%9A%8A__%E5%A4%A7%E4%B9%85%E4%BF%9D%E7%AF%A4,"index,follow",true,false,false,false,,index,あらすじあり。index対象。
/works/manga__%E7%9C%9F%E8%AA%AC%E3%83%9C%E3%83%9C%E3%83%9C%E3%83%BC%E3%83%9C%E3%83%9C%E3%83%BC%E3%83%9C%E3%83%9C__%E6%BE%A4%E4%BA%95%E5%95%93%E5%A4%AB,work,真説ボボボーボ・ボーボボ,,0,0,https://books.kuras-plus.com/works/manga__%E7%9C%9F%E8%AA%AC%E3%83%9C%E3%83%9C%E3%83%9C%E3%83%BC%E3%83%9C%E3%83%9C%E3%83%BC%E3%83%9C%E3%83%9C__%E6%BE%A4%E4%BA%95%E5%95%93%E5%A4%AB,"noindex,follow",false,true,false,false,,noindex,"summary・タグともになし。薄いコンテンツとして noindex,follow（既存方針）。"
/works/manga__%E7%A5%9E%E3%81%AE%E5%B7%A6%E6%89%8B%E6%82%AA%E9%AD%94%E3%81%AE%E5%8F%B3%E6%89%8B__%E6%A5%B3%E5%9B%B3%E3%81%8B%E3%81%9A%E3%81%8A,work,神の左手悪魔の右手,,0,0,https://books.kuras-plus.com/works/manga__%E7%A5%9E%E3%81%AE%E5%B7%A6%E6%89%8B%E6%82%AA%E9%AD%94%E3%81%AE%E5%8F%B3%E6%89%8B__%E6%A5%B3%E5%9B%B3%E3%81%8B%E3%81%9A%E3%81%8A,"noindex,follow",false,true,false,false,,noindex,"summary・タグともになし。薄いコンテンツとして noindex,follow（既存方針）。"
/works/manga__%E8%81%96_%E3%81%8A%E3%81%AB%E3%81%84%E3%81%95%E3%82%93__%E4%B8%AD%E6%9D%91%E5%85%89,work,聖☆おにいさん,ブッダとイエスが東京でルームシェア、クスッと学べる日常コメディ,31,0,https://books.kuras-plus.com/works/manga__%E8%81%96_%E3%81%8A%E3%81%AB%E3%81%84%E3%81%95%E3%82%93__%E4%B8%AD%E6%9D%91%E5%85%89,"index,follow",true,false,false,false,,index,あらすじあり。index対象。
/works/manga__%E8%A6%8B%E3%81%88%E3%82%8B%E5%AD%90%E3%81%A1%E3%82%83%E3%82%93__%E6%B3%89%E6%9C%9D%E6%A8%B9,work,見える子ちゃん,,0,0,https://books.kuras-plus.com/works/manga__%E8%A6%8B%E3%81%88%E3%82%8B%E5%AD%90%E3%81%A1%E3%82%83%E3%82%93__%E6%B3%89%E6%9C%9D%E6%A8%B9,"noindex,follow",false,true,false,false,,noindex,"summary・タグともになし。薄いコンテンツとして noindex,follow（既存方針）。"
/works/manga__%E9%8A%80%E9%AD%82_%E3%83%A2%E3%83%8E%E3%82%AF%E3%83%AD%E7%89%88__%E7%A9%BA%E7%9F%A5%E8%8B%B1%E7%A7%8B,work,銀魂 モノクロ版,,0,0,https://books.kuras-plus.com/works/manga__%E9%8A%80%E9%AD%82_%E3%83%A2%E3%83%8E%E3%82%AF%E3%83%AD%E7%89%88__%E7%A9%BA%E7%9F%A5%E8%8B%B1%E7%A7%8B,"noindex,follow",false,true,false,false,,noindex,"summary・タグともになし。薄いコンテンツとして noindex,follow（既存方針）。"
/works/manga__%E9%A3%9F%E7%B3%A7%E4%BA%BA%E9%A1%9Estarving_anonymous__%E8%94%B5%E7%9F%B3%E3%83%A6%E3%82%A6,work,食糧人類－Ｓｔａｒｖｉｎｇ　Ａｎｏｎｙｍｏｕｓ－,,0,0,https://books.kuras-plus.com/works/manga__%E9%A3%9F%E7%B3%A7%E4%BA%BA%E9%A1%9Estarving_anonymous__%E8%94%B5%E7%9F%B3%E3%83%A6%E3%82%A6,"noindex,follow",false,true,false,false,,noindex,"summary・タグともになし。薄いコンテンツとして noindex,follow（既存方針）。"
/works/manga__%E9%AD%94%E5%AE%9F%E5%AD%90%E3%81%95%E3%82%93%E3%81%8C%E8%A8%B1%E3%81%95%E3%81%AA%E3%81%84__%E9%AB%98%E6%A9%8B%E8%91%89%E4%BB%8B,work,魔実子さんが許さない,,0,0,https://books.kuras-plus.com/works/manga__%E9%AD%94%E5%AE%9F%E5%AD%90%E3%81%95%E3%82%93%E3%81%8C%E8%A8%B1%E3%81%95%E3%81%AA%E3%81%84__%E9%AB%98%E6%A9%8B%E8%91%89%E4%BB%8B,"noindex,follow",false,true,false,false,,noindex,"summary・タグともになし。薄いコンテンツとして noindex,follow（既存方針）。"
/works/manga__%E9%AD%94%E6%B3%95%E4%BD%BF%E3%81%84%E3%81%AE%E5%AB%81__%E3%83%A4%E3%83%9E%E3%82%B6%E3%82%AD%E3%82%B3%E3%83%AC,work,魔法使いの嫁,幻想的な世界観と少女の成長が紡ぐ美しいファンタジー,25,0,https://books.kuras-plus.com/works/manga__%E9%AD%94%E6%B3%95%E4%BD%BF%E3%81%84%E3%81%AE%E5%AB%81__%E3%83%A4%E3%83%9E%E3%82%B6%E3%82%AD%E3%82%B3%E3%83%AC,"index,follow",true,false,false,false,,index,あらすじあり。index対象。
/works/manga__%E9%AD%94%E6%B3%95%E9%99%A3%E3%82%B0%E3%83%AB%E3%82%B0%E3%83%AB__%E8%A1%9B%E8%97%A4%E3%83%92%E3%83%AD%E3%83%A6%E3%82%AD,work,魔法陣グルグル,,0,0,https://books.kuras-plus.com/works/manga__%E9%AD%94%E6%B3%95%E9%99%A3%E3%82%B0%E3%83%AB%E3%82%B0%E3%83%AB__%E8%A1%9B%E8%97%A4%E3%83%92%E3%83%AD%E3%83%A6%E3%82%AD,"noindex,follow",false,true,false,false,,noindex,"summary・タグともになし。薄いコンテンツとして noindex,follow（既存方針）。"
/works/manga__3%E6%9C%88%E3%81%AE%E3%83%A9%E3%82%A4%E3%82%AA%E3%83%B3__%E7%BE%BD%E6%B5%B7%E9%87%8E%E3%83%81%E3%82%AB,work,3月のライオン,,0,0,https://books.kuras-plus.com/works/manga__3%E6%9C%88%E3%81%AE%E3%83%A9%E3%82%A4%E3%82%AA%E3%83%B3__%E7%BE%BD%E6%B5%B7%E9%87%8E%E3%83%81%E3%82%AB,"noindex,follow",false,true,false,false,,noindex,"summary・タグともになし。薄いコンテンツとして noindex,follow（既存方針）。"
/works/manga__akira__akira,work,AKIRA,,0,0,https://books.kuras-plus.com/works/manga__akira__akira,"noindex,follow",false,true,false,false,,noindex,"summary・タグともになし。薄いコンテンツとして noindex,follow（既存方針）。"
/works/manga__blame__%E5%BC%90%E7%93%B6%E5%8B%89,work,BLAME!,,0,0,https://books.kuras-plus.com/works/manga__blame__%E5%BC%90%E7%93%B6%E5%8B%89,"noindex,follow",false,true,false,false,,noindex,"summary・タグともになし。薄いコンテンツとして noindex,follow（既存方針）。"
/works/manga__bleach__%E4%B9%85%E4%BF%9D%E5%B8%AF%E4%BA%BA,work,BLEACH,,0,0,https://books.kuras-plus.com/works/manga__bleach__%E4%B9%85%E4%BF%9D%E5%B8%AF%E4%BA%BA,"noindex,follow",false,true,false,false,,noindex,"summary・タグともになし。薄いコンテンツとして noindex,follow（既存方針）。"
/works/manga__capeta__%E6%9B%BD%E7%94%B0%E6%AD%A3%E4%BA%BA,work,capeta,,0,0,https://books.kuras-plus.com/works/manga__capeta__%E6%9B%BD%E7%94%B0%E6%AD%A3%E4%BA%BA,"noindex,follow",false,true,false,false,,noindex,"summary・タグともになし。薄いコンテンツとして noindex,follow（既存方針）。"
/works/manga__dear_boys_act__%E5%85%AB%E7%A5%9E%E3%81%B2%E3%82%8D%E3%81%8D,work,DEAR BOYS ACT,,0,0,https://books.kuras-plus.com/works/manga__dear_boys_act__%E5%85%AB%E7%A5%9E%E3%81%B2%E3%82%8D%E3%81%8D,"noindex,follow",false,true,false,false,,noindex,"summary・タグともになし。薄いコンテンツとして noindex,follow（既存方針）。"
/works/manga__exarm_%E3%82%A8%E3%82%AF%E3%82%B9%E3%82%A2%E3%83%BC%E3%83%A0__hirock,work,EX-ARM エクスアーム,,0,0,https://books.kuras-plus.com/works/manga__exarm_%E3%82%A8%E3%82%AF%E3%82%B9%E3%82%A2%E3%83%BC%E3%83%A0__hirock,"noindex,follow",false,true,false,false,,noindex,"summary・タグともになし。薄いコンテンツとして noindex,follow（既存方針）。"
/works/manga__fairy_tail__%E7%9C%9F%E5%B3%B6%E3%83%92%E3%83%AD,work,FAIRY TAIL,,0,0,https://books.kuras-plus.com/works/manga__fairy_tail__%E7%9C%9F%E5%B3%B6%E3%83%92%E3%83%AD,"noindex,follow",false,true,false,false,,noindex,"summary・タグともになし。薄いコンテンツとして noindex,follow（既存方針）。"
/works/manga__gantz_%E3%82%AB%E3%83%A9%E3%83%BC%E7%89%88_%E3%82%86%E3%81%B3%E3%82%8F%E6%98%9F%E4%BA%BA%E7%B7%A8_%E5%B0%8F%E5%B3%B6%E5%A4%9A%E6%81%B5%E7%B7%A8__%E5%A5%A5%E6%B5%A9%E5%93%89,work,GANTZ カラー版 ゆびわ星人編＆小島多恵編,死んだ人間が謎の球体に支配されるSFバトル・サバイバル,27,0,https://books.kuras-plus.com/works/manga__gantz_%E3%82%AB%E3%83%A9%E3%83%BC%E7%89%88_%E3%82%86%E3%81%B3%E3%82%8F%E6%98%9F%E4%BA%BA%E7%B7%A8_%E5%B0%8F%E5%B3%B6%E5%A4%9A%E6%81%B5%E7%B7%A8__%E5%A5%A5%E6%B5%A9%E5%93%89,"index,follow",true,false,false,false,,index,あらすじあり。index対象。
/works/manga__giant_killing__storybymas,work,Giant Killing,,0,0,https://books.kuras-plus.com/works/manga__giant_killing__storybymas,"noindex,follow",false,true,false,false,,noindex,"summary・タグともになし。薄いコンテンツとして noindex,follow（既存方針）。"
/works/manga__hunter_hunter__%E5%86%A8%E6%A8%AB%E7%BE%A9%E5%8D%9A,work,HUNTER×HUNTER,頭脳戦と熱い戦いが融合した究極の少年漫画,20,0,https://books.kuras-plus.com/works/manga__hunter_hunter__%E5%86%A8%E6%A8%AB%E7%BE%A9%E5%8D%9A,"index,follow",true,false,false,false,,index,あらすじあり。index対象。
/works/manga__major_2nd_%E3%83%A1%E3%82%B8%E3%83%A3%E3%83%BC%E3%82%BB%E3%82%AB%E3%83%B3%E3%83%89__%E6%BA%80%E7%94%B0%E6%8B%93%E4%B9%9F,work,MAJOR 2nd（メジャーセカンド）,,0,0,https://books.kuras-plus.com/works/manga__major_2nd_%E3%83%A1%E3%82%B8%E3%83%A3%E3%83%BC%E3%82%BB%E3%82%AB%E3%83%B3%E3%83%89__%E6%BA%80%E7%94%B0%E6%8B%93%E4%B9%9F,"noindex,follow",false,true,false,false,,noindex,"summary・タグともになし。薄いコンテンツとして noindex,follow（既存方針）。"
/works/manga__mr_fullswing__%E9%88%B4%E6%9C%A8%E4%BF%A1%E4%B9%9F,work,Mr.FULLSWING,,0,0,https://books.kuras-plus.com/works/manga__mr_fullswing__%E9%88%B4%E6%9C%A8%E4%BF%A1%E4%B9%9F,"noindex,follow",false,true,false,false,,noindex,"summary・タグともになし。薄いコンテンツとして noindex,follow（既存方針）。"
/works/manga__naruto_%E3%83%8A%E3%83%AB%E3%83%88__%E5%B2%B8%E6%9C%AC%E6%96%89%E5%8F%B2,work,NARUTO―ナルト―,忍者の世界で夢と友情を貫く感動の成長物語,20,0,https://books.kuras-plus.com/works/manga__naruto_%E3%83%8A%E3%83%AB%E3%83%88__%E5%B2%B8%E6%9C%AC%E6%96%89%E5%8F%B2,"index,follow",true,false,false,false,,index,あらすじあり。index対象。
/works/manga__one_piece__%E5%B0%BE%E7%94%B0%E6%A0%84%E4%B8%80%E9%83%8E,work,ONE PIECE,仲間と夢を追う壮大な冒険、漫画の金字塔,19,0,https://books.kuras-plus.com/works/manga__one_piece__%E5%B0%BE%E7%94%B0%E6%A0%84%E4%B8%80%E9%83%8E,"index,follow",true,false,false,false,,index,あらすじあり。index対象。
/works/manga__pluto_s_secret__margaretwe,work,Pluto's Secret,,0,0,https://books.kuras-plus.com/works/manga__pluto_s_secret__margaretwe,"noindex,follow",false,true,false,false,,noindex,"summary・タグともになし。薄いコンテンツとして noindex,follow（既存方針）。"
/works/manga__sakamoto_days__%E9%88%B4%E6%9C%A8%E7%A5%90%E6%96%97,work,SAKAMOTO DAYS,,0,0,https://books.kuras-plus.com/works/manga__sakamoto_days__%E9%88%B4%E6%9C%A8%E7%A5%90%E6%96%97,"noindex,follow",false,true,false,false,,noindex,"summary・タグともになし。薄いコンテンツとして noindex,follow（既存方針）。"
/works/manga__sket_dance_%E3%83%A2%E3%83%8E%E3%82%AF%E3%83%AD%E7%89%88__%E7%AF%A0%E5%8E%9F%E5%81%A5%E5%A4%AA,work,SKET DANCE モノクロ版,,0,0,https://books.kuras-plus.com/works/manga__sket_dance_%E3%83%A2%E3%83%8E%E3%82%AF%E3%83%AD%E7%89%88__%E7%AF%A0%E5%8E%9F%E5%81%A5%E5%A4%AA,"noindex,follow",false,true,false,false,,noindex,"summary・タグともになし。薄いコンテンツとして noindex,follow（既存方針）。"
/works/manga__slam_dunk__inouetakeh,work,SLAM DUNK,,0,0,https://books.kuras-plus.com/works/manga__slam_dunk__inouetakeh,"noindex,follow",false,true,false,false,,noindex,"summary・タグともになし。薄いコンテンツとして noindex,follow（既存方針）。"
/works/novel__%E3%81%8A%E3%82%84%E3%81%99%E3%81%BF%E3%83%A9%E3%83%95%E3%83%9E%E3%83%8B%E3%83%8E%E3%83%95__%E4%B8%AD%E5%B1%B1%E4%B8%83%E9%87%8C,work,おやすみラフマニノフ,,0,0,https://books.kuras-plus.com/works/novel__%E3%81%8A%E3%82%84%E3%81%99%E3%81%BF%E3%83%A9%E3%83%95%E3%83%9E%E3%83%8B%E3%83%8E%E3%83%95__%E4%B8%AD%E5%B1%B1%E4%B8%83%E9%87%8C,"noindex,follow",false,true,false,false,,noindex,"summary・タグともになし。薄いコンテンツとして noindex,follow（既存方針）。"
/works/novel__%E3%81%95%E3%82%88%E3%81%AA%E3%82%89%E3%83%89%E3%83%93%E3%83%A5%E3%83%83%E3%82%B7%E3%83%BC__%E4%B8%AD%E5%B1%B1%E4%B8%83%E9%87%8C,work,さよならドビュッシー,,0,0,https://books.kuras-plus.com/works/novel__%E3%81%95%E3%82%88%E3%81%AA%E3%82%89%E3%83%89%E3%83%93%E3%83%A5%E3%83%83%E3%82%B7%E3%83%BC__%E4%B8%AD%E5%B1%B1%E4%B8%83%E9%87%8C,"noindex,follow",false,true,false,false,,noindex,"summary・タグともになし。薄いコンテンツとして noindex,follow（既存方針）。"
/works/novel__%E3%82%AB%E3%83%A9%E3%82%B9%E3%81%AE%E8%A6%AA%E6%8C%87_%E3%82%B7%E3%83%AA%E3%83%BC%E3%82%BA_%E5%90%88%E6%9C%AC%E7%89%88__%E9%81%93%E5%B0%BE%E7%A7%80%E4%BB%8B,work,「カラスの親指」シリーズ　合本版,,0,0,https://books.kuras-plus.com/works/novel__%E3%82%AB%E3%83%A9%E3%82%B9%E3%81%AE%E8%A6%AA%E6%8C%87_%E3%82%B7%E3%83%AA%E3%83%BC%E3%82%BA_%E5%90%88%E6%9C%AC%E7%89%88__%E9%81%93%E5%B0%BE%E7%A7%80%E4%BB%8B,"noindex,follow",false,true,false,false,,noindex,"summary・タグともになし。薄いコンテンツとして noindex,follow（既存方針）。"
/works/novel__%E3%82%B7%E3%83%A3%E3%83%89%E3%82%A6__%E9%81%93%E5%B0%BE%E7%A7%80%E4%BB%8B,work,シャドウ,,0,0,https://books.kuras-plus.com/works/novel__%E3%82%B7%E3%83%A3%E3%83%89%E3%82%A6__%E9%81%93%E5%B0%BE%E7%A7%80%E4%BB%8B,"noindex,follow",false,true,false,false,,noindex,"summary・タグともになし。薄いコンテンツとして noindex,follow（既存方針）。"
/works/novel__%E3%82%BD%E3%83%AD%E3%83%A2%E3%83%B3%E3%81%AE%E7%8A%AC__%E9%81%93%E5%B0%BE%E7%A7%80%E4%BB%8B,work,ソロモンの犬,,0,0,https://books.kuras-plus.com/works/novel__%E3%82%BD%E3%83%AD%E3%83%A2%E3%83%B3%E3%81%AE%E7%8A%AC__%E9%81%93%E5%B0%BE%E7%A7%80%E4%BB%8B,"noindex,follow",false,true,false,false,,noindex,"summary・タグともになし。薄いコンテンツとして noindex,follow（既存方針）。"
/works/novel__%E3%83%86%E3%83%9F%E3%82%B9%E3%81%AE%E5%89%A3__%E4%B8%AD%E5%B1%B1%E4%B8%83%E9%87%8C,work,テミスの剣,,0,0,https://books.kuras-plus.com/works/novel__%E3%83%86%E3%83%9F%E3%82%B9%E3%81%AE%E5%89%A3__%E4%B8%AD%E5%B1%B1%E4%B8%83%E9%87%8C,"noindex,follow",false,true,false,false,,noindex,"summary・タグともになし。薄いコンテンツとして noindex,follow（既存方針）。"
/works/novel__%E3%83%A9%E3%83%83%E3%83%88%E3%83%9E%E3%83%B3__%E9%81%93%E5%B0%BE%E7%A7%80%E4%BB%8B,work,ラットマン,,0,0,https://books.kuras-plus.com/works/novel__%E3%83%A9%E3%83%83%E3%83%88%E3%83%9E%E3%83%B3__%E9%81%93%E5%B0%BE%E7%A7%80%E4%BB%8B,"noindex,follow",false,true,false,false,,noindex,"summary・タグともになし。薄いコンテンツとして noindex,follow（既存方針）。"
/works/novel__%E5%85%89%E5%AA%92%E3%81%AE%E8%8A%B1__%E6%96%89%E8%97%A4%E5%80%AB,work,光媒の花,,0,0,https://books.kuras-plus.com/works/novel__%E5%85%89%E5%AA%92%E3%81%AE%E8%8A%B1__%E6%96%89%E8%97%A4%E5%80%AB,"noindex,follow",false,true,false,false,,noindex,"summary・タグともになし。薄いコンテンツとして noindex,follow（既存方針）。"
/works/novel__%E5%8C%97%E3%81%AE%E5%A4%95%E9%B6%B42_3%E3%81%AE%E6%AE%BA%E4%BA%BA__%E5%B3%B6%E7%94%B0%E8%8D%98%E5%8F%B8,work,北の夕鶴2/3の殺人,,0,0,https://books.kuras-plus.com/works/novel__%E5%8C%97%E3%81%AE%E5%A4%95%E9%B6%B42_3%E3%81%AE%E6%AE%BA%E4%BA%BA__%E5%B3%B6%E7%94%B0%E8%8D%98%E5%8F%B8,"noindex,follow",false,true,false,false,,noindex,"summary・タグともになし。薄いコンテンツとして noindex,follow（既存方針）。"
/works/novel__%E5%8D%A0%E6%98%9F%E8%A1%93%E6%AE%BA%E4%BA%BA%E4%BA%8B%E4%BB%B6__%E5%B3%B6%E7%94%B0%E8%8D%98%E5%8F%B8,work,占星術殺人事件,,0,0,https://books.kuras-plus.com/works/novel__%E5%8D%A0%E6%98%9F%E8%A1%93%E6%AE%BA%E4%BA%BA%E4%BA%8B%E4%BB%B6__%E5%B3%B6%E7%94%B0%E8%8D%98%E5%8F%B8,"noindex,follow",false,true,false,false,,noindex,"summary・タグともになし。薄いコンテンツとして noindex,follow（既存方針）。"
/works/novel__%E5%90%91%E6%97%A5%E8%91%B5%E3%81%AE%E5%92%B2%E3%81%8B%E3%81%AA%E3%81%84%E5%A4%8F__%E9%81%93%E5%B0%BE%E7%A7%80%E4%BB%8B,work,向日葵の咲かない夏,,0,0,https://books.kuras-plus.com/works/novel__%E5%90%91%E6%97%A5%E8%91%B5%E3%81%AE%E5%92%B2%E3%81%8B%E3%81%AA%E3%81%84%E5%A4%8F__%E9%81%93%E5%B0%BE%E7%A7%80%E4%BB%8B,"noindex,follow",false,true,false,false,,noindex,"summary・タグともになし。薄いコンテンツとして noindex,follow（既存方針）。"
/works/novel__%E5%A5%87%E6%83%B3_%E5%A4%A9%E3%82%92%E5%8B%95%E3%81%8B%E3%81%99__%E5%B3%B6%E7%94%B0%E8%8D%98%E5%8F%B8,work,奇想、天を動かす,,0,0,https://books.kuras-plus.com/works/novel__%E5%A5%87%E6%83%B3_%E5%A4%A9%E3%82%92%E5%8B%95%E3%81%8B%E3%81%99__%E5%B3%B6%E7%94%B0%E8%8D%98%E5%8F%B8,"noindex,follow",false,true,false,false,,noindex,"summary・タグともになし。薄いコンテンツとして noindex,follow（既存方針）。"
/works/novel__%E5%AE%8C%E5%85%A8%E6%94%B9%E8%A8%82%E7%89%88%E5%A5%87%E6%83%B3_%E5%A4%A9%E3%82%92%E5%8B%95%E3%81%8B%E3%81%99__%E5%B3%B6%E7%94%B0%E8%8D%98%E5%8F%B8,work,完全改訂版奇想、天を動かす,,0,0,https://books.kuras-plus.com/works/novel__%E5%AE%8C%E5%85%A8%E6%94%B9%E8%A8%82%E7%89%88%E5%A5%87%E6%83%B3_%E5%A4%A9%E3%82%92%E5%8B%95%E3%81%8B%E3%81%99__%E5%B3%B6%E7%94%B0%E8%8D%98%E5%8F%B8,"noindex,follow",false,true,false,false,,noindex,"summary・タグともになし。薄いコンテンツとして noindex,follow（既存方針）。"
/works/novel__%E5%B0%91%E6%95%B0%E5%A0%B1%E5%91%8A__%E3%83%95%E3%82%A3%E3%83%AA%E3%83%83%E3%83%97%E3%83%BBk%E3%83%BB%E3%83%87%E3%82%A3,work,少数報告,,0,0,https://books.kuras-plus.com/works/novel__%E5%B0%91%E6%95%B0%E5%A0%B1%E5%91%8A__%E3%83%95%E3%82%A3%E3%83%AA%E3%83%83%E3%83%97%E3%83%BBk%E3%83%BB%E3%83%87%E3%82%A3,"noindex,follow",false,true,false,false,,noindex,"summary・タグともになし。薄いコンテンツとして noindex,follow（既存方針）。"
/works/novel__%E5%BE%A1%E6%89%8B%E6%B4%97%E6%BD%94%E3%81%AE%E6%8C%A8%E6%8B%B6__%E5%B3%B6%E7%94%B0%E8%8D%98%E5%8F%B8,work,御手洗潔の挨拶,,0,0,https://books.kuras-plus.com/works/novel__%E5%BE%A1%E6%89%8B%E6%B4%97%E6%BD%94%E3%81%AE%E6%8C%A8%E6%8B%B6__%E5%B3%B6%E7%94%B0%E8%8D%98%E5%8F%B8,"noindex,follow",false,true,false,false,,noindex,"summary・タグともになし。薄いコンテンツとして noindex,follow（既存方針）。"
/works/novel__%E6%96%9C%E3%82%81%E5%B1%8B%E6%95%B7%E3%81%AE%E7%8A%AF%E7%BD%AA__%E5%B3%B6%E7%94%B0%E8%8D%98%E5%8F%B8,work,斜め屋敷の犯罪,,0,0,https://books.kuras-plus.com/works/novel__%E6%96%9C%E3%82%81%E5%B1%8B%E6%95%B7%E3%81%AE%E7%8A%AF%E7%BD%AA__%E5%B3%B6%E7%94%B0%E8%8D%98%E5%8F%B8,"noindex,follow",false,true,false,false,,noindex,"summary・タグともになし。薄いコンテンツとして noindex,follow（既存方針）。"
/works/novel__%E7%95%B0%E9%82%A6%E3%81%AE%E9%A8%8E%E5%A3%AB__%E5%B3%B6%E7%94%B0%E8%8D%98%E5%8F%B8,work,異邦の騎士,,0,0,https://books.kuras-plus.com/works/novel__%E7%95%B0%E9%82%A6%E3%81%AE%E9%A8%8E%E5%A3%AB__%E5%B3%B6%E7%94%B0%E8%8D%98%E5%8F%B8,"noindex,follow",false,true,false,false,,noindex,"summary・タグともになし。薄いコンテンツとして noindex,follow（既存方針）。"
/works/novel__%E8%A9%A9%E7%9A%84%E7%A7%81%E7%9A%84%E3%82%B8%E3%83%A3%E3%83%83%E3%82%AF__%E6%A3%AE%E5%8D%9A%E5%97%A3,work,詩的私的ジャック,,0,0,https://books.kuras-plus.com/works/novel__%E8%A9%A9%E7%9A%84%E7%A7%81%E7%9A%84%E3%82%B8%E3%83%A3%E3%83%83%E3%82%AF__%E6%A3%AE%E5%8D%9A%E5%97%A3,"noindex,follow",false,true,false,false,,noindex,"summary・タグともになし。薄いコンテンツとして noindex,follow（既存方針）。"
/works/novel__%E8%B4%96%E7%BD%AA%E3%81%AE%E5%A5%8F%E9%B3%B4%E6%9B%B2__%E4%B8%AD%E5%B1%B1%E4%B8%83%E9%87%8C,work,贖罪の奏鳴曲,,0,0,https://books.kuras-plus.com/works/novel__%E8%B4%96%E7%BD%AA%E3%81%AE%E5%A5%8F%E9%B3%B4%E6%9B%B2__%E4%B8%AD%E5%B1%B1%E4%B8%83%E9%87%8C,"noindex,follow",false,true,false,false,,noindex,"summary・タグともになし。薄いコンテンツとして noindex,follow（既存方針）。"
/works/novel__%E9%BE%8D%E7%A5%9E%E3%81%AE%E9%9B%A8__%E9%81%93%E5%B0%BE%E7%A7%80%E4%BB%8B,work,龍神の雨,,0,0,https://books.kuras-plus.com/works/novel__%E9%BE%8D%E7%A5%9E%E3%81%AE%E9%9B%A8__%E9%81%93%E5%B0%BE%E7%A7%80%E4%BB%8B,"noindex,follow",false,true,false,false,,noindex,"summary・タグともになし。薄いコンテンツとして noindex,follow（既存方針）。"
/works/novel__%E9%BE%8D%E8%87%A5%E4%BA%AD%E4%BA%8B%E4%BB%B6__%E5%B3%B6%E7%94%B0%E8%8D%98%E5%8F%B8,work,龍臥亭事件,,0,0,https://books.kuras-plus.com/works/novel__%E9%BE%8D%E8%87%A5%E4%BA%AD%E4%BA%8B%E4%BB%B6__%E5%B3%B6%E7%94%B0%E8%8D%98%E5%8F%B8,"noindex,follow",false,true,false,false,,noindex,"summary・タグともになし。薄いコンテンツとして noindex,follow（既存方針）。"